,Year,REF_AREA,Country,Age,FERT_RATIO
0,1990,SVN,Slovenia,Total,1.46
1,1990,FRA,France,Total,1.78
2,1990,ROU,Romania,Total,1.83
3,1990,DNK,Denmark,Total,1.67
4,1990,FIN,Finland,Total,1.78
5,1990,NOR,Norway,Total,1.93
6,1990,SWE,Sweden,Total,2.13
7,1990,LUX,Luxembourg,Total,1.6
8,1990,LTU,Lithuania,Total,2.03
9,1990,ESP,Spain,Total,1.36
10,1990,NLD,Netherlands,Total,1.62
11,1990,EST,Estonia,Total,2.05
12,1990,IRL,Ireland,Total,2.11
13,1990,SVK,Slovak Republic,Total,2.09
14,1990,CHE,Switzerland,Total,1.58
15,1990,GRC,Greece,Total,1.4
16,1990,ISL,Iceland,Total,2.3
17,1990,HUN,Hungary,Total,1.87
18,1990,AUT,Austria,Total,1.46
19,1990,BGR,Bulgaria,Total,1.82
20,1990,PRT,Portugal,Total,1.56
21,1990,POL,Poland,Total,2.06
22,1990,ITA,Italy,Total,1.33
23,1990,BEL,Belgium,Total,1.62
24,1991,BEL,Belgium,Total,1.66
25,1991,ITA,Italy,Total,1.3
26,1991,POL,Poland,Total,2.07
27,1991,PRT,Portugal,Total,1.56
28,1991,BGR,Bulgaria,Total,1.66
29,1991,AUT,Austria,Total,1.51
30,1991,HUN,Hungary,Total,1.87
31,1991,ISL,Iceland,Total,2.18
32,1991,GRC,Greece,Total,1.37
33,1991,CHE,Switzerland,Total,1.58
34,1991,SVK,Slovak Republic,Total,2.05
35,1991,IRL,Ireland,Total,2.08
36,1991,EST,Estonia,Total,1.8
37,1991,NLD,Netherlands,Total,1.61
38,1991,ESP,Spain,Total,1.33
39,1991,LTU,Lithuania,Total,2.01
40,1991,LUX,Luxembourg,Total,1.6
41,1991,SWE,Sweden,Total,2.11
42,1991,NOR,Norway,Total,1.92
43,1991,FIN,Finland,Total,1.79
44,1991,DNK,Denmark,Total,1.68
45,1991,ROU,Romania,Total,1.59
46,1991,FRA,France,Total,1.77
47,1991,SVN,Slovenia,Total,1.42
48,1992,SVN,Slovenia,Total,1.33
49,1992,FRA,France,Total,1.73
50,1992,ROU,Romania,Total,1.51
51,1992,DNK,Denmark,Total,1.76
52,1992,FIN,Finland,Total,1.85
53,1992,NOR,Norway,Total,1.88
54,1992,SWE,Sweden,Total,2.09
55,1992,LUX,Luxembourg,Total,1.64
56,1992,LTU,Lithuania,Total,1.97
57,1992,ESP,Spain,Total,1.31
58,1992,NLD,Netherlands,Total,1.59
59,1992,EST,Estonia,Total,1.71
60,1992,IRL,Ireland,Total,1.99
61,1992,SVK,Slovak Republic,Total,1.93
62,1992,CHE,Switzerland,Total,1.58
63,1992,GRC,Greece,Total,1.36
64,1992,ISL,Iceland,Total,2.21
65,1992,HUN,Hungary,Total,1.77
66,1992,AUT,Austria,Total,1.51
67,1992,BGR,Bulgaria,Total,1.55
68,1992,PRT,Portugal,Total,1.54
69,1992,POL,Poland,Total,1.95
70,1992,ITA,Italy,Total,1.3
71,1992,BEL,Belgium,Total,1.65
72,1993,BEL,Belgium,Total,1.61
73,1993,ITA,Italy,Total,1.25
74,1993,POL,Poland,Total,1.87
75,1993,PRT,Portugal,Total,1.52
76,1993,BGR,Bulgaria,Total,1.46
77,1993,AUT,Austria,Total,1.5
78,1993,HUN,Hungary,Total,1.68
79,1993,ISL,Iceland,Total,2.22
80,1993,GRC,Greece,Total,1.32
81,1993,CHE,Switzerland,Total,1.51
82,1993,SVK,Slovak Republic,Total,1.87
83,1993,IRL,Ireland,Total,1.9
84,1993,EST,Estonia,Total,1.49
85,1993,NLD,Netherlands,Total,1.57
86,1993,ESP,Spain,Total,1.26
87,1993,LTU,Lithuania,Total,1.74
88,1993,LUX,Luxembourg,Total,1.7
89,1993,SWE,Sweden,Total,1.99
90,1993,NOR,Norway,Total,1.86
91,1993,FIN,Finland,Total,1.81
92,1993,DNK,Denmark,Total,1.75
93,1993,ROU,Romania,Total,1.43
94,1993,FRA,France,Total,1.66
95,1993,SVN,Slovenia,Total,1.33
96,1994,SVN,Slovenia,Total,1.32
97,1994,FRA,France,Total,1.66
98,1994,ROU,Romania,Total,1.4
99,1994,DNK,Denmark,Total,1.81
100,1994,FIN,Finland,Total,1.85
101,1994,NOR,Norway,Total,1.87
102,1994,SWE,Sweden,Total,1.88
103,1994,LUX,Luxembourg,Total,1.72
104,1994,LTU,Lithuania,Total,1.57
105,1994,ESP,Spain,Total,1.19
106,1994,NLD,Netherlands,Total,1.57
107,1994,EST,Estonia,Total,1.42
108,1994,IRL,Ireland,Total,1.85
109,1994,SVK,Slovak Republic,Total,1.67
110,1994,CHE,Switzerland,Total,1.49
111,1994,GRC,Greece,Total,1.33
112,1994,ISL,Iceland,Total,2.14
113,1994,HUN,Hungary,Total,1.64
114,1994,AUT,Austria,Total,1.47
115,1994,BGR,Bulgaria,Total,1.37
116,1994,PRT,Portugal,Total,1.45
117,1994,POL,Poland,Total,1.81
118,1994,ITA,Italy,Total,1.21
119,1994,BEL,Belgium,Total,1.56
120,1995,BEL,Belgium,Total,1.56
121,1995,ITA,Italy,Total,1.19
122,1995,POL,Poland,Total,1.62
123,1995,PRT,Portugal,Total,1.41
124,1995,BGR,Bulgaria,Total,1.23
125,1995,AUT,Austria,Total,1.42
126,1995,HUN,Hungary,Total,1.57
127,1995,ISL,Iceland,Total,2.08
128,1995,GRC,Greece,Total,1.28
129,1995,CHE,Switzerland,Total,1.48
130,1995,SVK,Slovak Republic,Total,1.52
131,1995,IRL,Ireland,Total,1.84
132,1995,EST,Estonia,Total,1.38
133,1995,NLD,Netherlands,Total,1.53
134,1995,ESP,Spain,Total,1.16
135,1995,LTU,Lithuania,Total,1.55
136,1995,LUX,Luxembourg,Total,1.7
137,1995,SWE,Sweden,Total,1.73
138,1995,NOR,Norway,Total,1.87
139,1995,FIN,Finland,Total,1.81
140,1995,DNK,Denmark,Total,1.8
141,1995,ROU,Romania,Total,1.33
142,1995,FRA,France,Total,1.71
143,1995,SVN,Slovenia,Total,1.29
144,1996,SVN,Slovenia,Total,1.28
145,1996,FRA,France,Total,1.73
146,1996,ROU,Romania,Total,1.3
147,1996,DNK,Denmark,Total,1.75
148,1996,FIN,Finland,Total,1.78
149,1996,NOR,Norway,Total,1.89
150,1996,SWE,Sweden,Total,1.6
151,1996,LUX,Luxembourg,Total,1.77
152,1996,LTU,Lithuania,Total,1.49
153,1996,ESP,Spain,Total,1.14
154,1996,NLD,Netherlands,Total,1.53
155,1996,EST,Estonia,Total,1.37
156,1996,IRL,Ireland,Total,1.88
157,1996,SVK,Slovak Republic,Total,1.47
158,1996,CHE,Switzerland,Total,1.5
159,1996,GRC,Greece,Total,1.26
160,1996,ISL,Iceland,Total,2.12
161,1996,HUN,Hungary,Total,1.46
162,1996,AUT,Austria,Total,1.45
163,1996,BGR,Bulgaria,Total,1.23
164,1996,PRT,Portugal,Total,1.44
165,1996,POL,Poland,Total,1.59
166,1996,ITA,Italy,Total,1.2
167,1996,BEL,Belgium,Total,1.59
168,1997,BEL,Belgium,Total,1.6
169,1997,ITA,Italy,Total,1.21
170,1997,POL,Poland,Total,1.51
171,1997,PRT,Portugal,Total,1.47
172,1997,BGR,Bulgaria,Total,1.09
173,1997,AUT,Austria,Total,1.39
174,1997,HUN,Hungary,Total,1.37
175,1997,ISL,Iceland,Total,2.04
176,1997,GRC,Greece,Total,1.27
177,1997,CHE,Switzerland,Total,1.48
178,1997,SVK,Slovak Republic,Total,1.43
179,1997,IRL,Ireland,Total,1.93
180,1997,EST,Estonia,Total,1.32
181,1997,NLD,Netherlands,Total,1.56
182,1997,ESP,Spain,Total,1.15
183,1997,LTU,Lithuania,Total,1.47
184,1997,LUX,Luxembourg,Total,1.71
185,1997,SWE,Sweden,Total,1.52
186,1997,NOR,Norway,Total,1.86
187,1997,FIN,Finland,Total,1.75
188,1997,DNK,Denmark,Total,1.75
189,1997,ROU,Romania,Total,1.32
190,1997,FRA,France,Total,1.73
191,1997,SVN,Slovenia,Total,1.25
192,1998,SVN,Slovenia,Total,1.23
193,1998,FRA,France,Total,1.78
194,1998,ROU,Romania,Total,1.32
195,1998,DNK,Denmark,Total,1.72
196,1998,FIN,Finland,Total,1.7
197,1998,NOR,Norway,Total,1.81
198,1998,SWE,Sweden,Total,1.5
199,1998,LUX,Luxembourg,Total,1.68
200,1998,LTU,Lithuania,Total,1.46
201,1998,ESP,Spain,Total,1.13
202,1998,NLD,Netherlands,Total,1.63
203,1998,EST,Estonia,Total,1.28
204,1998,IRL,Ireland,Total,1.94
205,1998,SVK,Slovak Republic,Total,1.37
206,1998,CHE,Switzerland,Total,1.47
207,1998,GRC,Greece,Total,1.24
208,1998,ISL,Iceland,Total,2.05
209,1998,HUN,Hungary,Total,1.32
210,1998,AUT,Austria,Total,1.37
211,1998,BGR,Bulgaria,Total,1.11
212,1998,PRT,Portugal,Total,1.47
213,1998,POL,Poland,Total,1.44
214,1998,ITA,Italy,Total,1.21
215,1998,BEL,Belgium,Total,1.6
216,1999,BEL,Belgium,Total,1.62
217,1999,ITA,Italy,Total,1.23
218,1999,POL,Poland,Total,1.37
219,1999,PRT,Portugal,Total,1.5
220,1999,BGR,Bulgaria,Total,1.23
221,1999,AUT,Austria,Total,1.34
222,1999,HUN,Hungary,Total,1.28
223,1999,ISL,Iceland,Total,1.99
224,1999,GRC,Greece,Total,1.23
225,1999,CHE,Switzerland,Total,1.48
226,1999,SVK,Slovak Republic,Total,1.33
227,1999,IRL,Ireland,Total,1.9
228,1999,EST,Estonia,Total,1.32
229,1999,NLD,Netherlands,Total,1.65
230,1999,ESP,Spain,Total,1.17
231,1999,LTU,Lithuania,Total,1.46
232,1999,LUX,Luxembourg,Total,1.74
233,1999,SWE,Sweden,Total,1.5
234,1999,NOR,Norway,Total,1.85
235,1999,FIN,Finland,Total,1.73
236,1999,DNK,Denmark,Total,1.73
237,1999,ROU,Romania,Total,1.3
238,1999,FRA,France,Total,1.81
239,1999,SVN,Slovenia,Total,1.21
240,2000,SVN,Slovenia,Total,1.26
241,2000,FRA,France,Total,1.89
242,2000,ROU,Romania,Total,1.31
243,2000,DNK,Denmark,Total,1.77
244,2000,FIN,Finland,Total,1.73
245,2000,NOR,Norway,Total,1.85
246,2000,SWE,Sweden,Total,1.54
247,2000,LUX,Luxembourg,Total,1.76
248,2000,LTU,Lithuania,Total,1.39
249,2000,ESP,Spain,Total,1.22
250,2000,NLD,Netherlands,Total,1.72
251,2000,DEU,Germany,Total,1.38
252,2000,EST,Estonia,Total,1.36
253,2000,IRL,Ireland,Total,1.89
254,2000,LVA,Latvia,Total,1.25
255,2000,SVK,Slovak Republic,Total,1.3
256,2000,CHE,Switzerland,Total,1.5
257,2000,GRC,Greece,Total,1.25
258,2000,ISL,Iceland,Total,2.08
259,2000,HUN,Hungary,Total,1.32
260,2000,AUT,Austria,Total,1.36
261,2000,BGR,Bulgaria,Total,1.26
262,2000,PRT,Portugal,Total,1.55
263,2000,POL,Poland,Total,1.37
264,2000,ITA,Italy,Total,1.26
265,2000,BEL,Belgium,Total,1.67
266,2001,BEL,Belgium,Total,1.67
267,2001,ITA,Italy,Total,1.25
268,2001,POL,Poland,Total,1.31
269,2001,PRT,Portugal,Total,1.45
270,2001,BGR,Bulgaria,Total,1.21
271,2001,AUT,Austria,Total,1.33
272,2001,HUN,Hungary,Total,1.31
273,2001,ISL,Iceland,Total,1.95
274,2001,GRC,Greece,Total,1.25
275,2001,CHE,Switzerland,Total,1.38
276,2001,SVK,Slovak Republic,Total,1.2
277,2001,LVA,Latvia,Total,1.22
278,2001,IRL,Ireland,Total,1.94
279,2001,EST,Estonia,Total,1.32
280,2001,DEU,Germany,Total,1.35
281,2001,NLD,Netherlands,Total,1.71
282,2001,ESP,Spain,Total,1.23
283,2001,HRV,Croatia,Total,1.46
284,2001,LTU,Lithuania,Total,1.29
285,2001,LUX,Luxembourg,Total,1.66
286,2001,SWE,Sweden,Total,1.57
287,2001,NOR,Norway,Total,1.78
288,2001,FIN,Finland,Total,1.73
289,2001,DNK,Denmark,Total,1.74
290,2001,ROU,Romania,Total,1.27
291,2001,FRA,France,Total,1.9
292,2001,SVN,Slovenia,Total,1.21
293,2002,SVN,Slovenia,Total,1.21
294,2002,FRA,France,Total,1.88
295,2002,ROU,Romania,Total,1.25
296,2002,DNK,Denmark,Total,1.72
297,2002,FIN,Finland,Total,1.72
298,2002,NOR,Norway,Total,1.75
299,2002,SWE,Sweden,Total,1.65
300,2002,LUX,Luxembourg,Total,1.63
301,2002,LTU,Lithuania,Total,1.23
302,2002,HRV,Croatia,Total,1.42
303,2002,ESP,Spain,Total,1.25
304,2002,NLD,Netherlands,Total,1.73
305,2002,DEU,Germany,Total,1.34
306,2002,EST,Estonia,Total,1.36
307,2002,IRL,Ireland,Total,1.97
308,2002,LVA,Latvia,Total,1.26
309,2002,SVK,Slovak Republic,Total,1.19
310,2002,CHE,Switzerland,Total,1.39
311,2002,GRC,Greece,Total,1.28
312,2002,ISL,Iceland,Total,1.93
313,2002,HUN,Hungary,Total,1.3
314,2002,AUT,Austria,Total,1.39
315,2002,BGR,Bulgaria,Total,1.21
316,2002,PRT,Portugal,Total,1.46
317,2002,POL,Poland,Total,1.25
318,2002,ITA,Italy,Total,1.27
319,2002,BEL,Belgium,Total,1.65
320,2003,BEL,Belgium,Total,1.66
321,2003,ITA,Italy,Total,1.29
322,2003,POL,Poland,Total,1.22
323,2003,PRT,Portugal,Total,1.44
324,2003,BGR,Bulgaria,Total,1.23
325,2003,AUT,Austria,Total,1.38
326,2003,HUN,Hungary,Total,1.27
327,2003,ISL,Iceland,Total,1.99
328,2003,GRC,Greece,Total,1.29
329,2003,CHE,Switzerland,Total,1.39
330,2003,SVK,Slovak Republic,Total,1.2
331,2003,LVA,Latvia,Total,1.32
332,2003,IRL,Ireland,Total,1.96
333,2003,EST,Estonia,Total,1.37
334,2003,DEU,Germany,Total,1.34
335,2003,NLD,Netherlands,Total,1.75
336,2003,ESP,Spain,Total,1.3
337,2003,HRV,Croatia,Total,1.41
338,2003,LTU,Lithuania,Total,1.26
339,2003,LUX,Luxembourg,Total,1.62
340,2003,SWE,Sweden,Total,1.71
341,2003,NOR,Norway,Total,1.8
342,2003,FIN,Finland,Total,1.76
343,2003,DNK,Denmark,Total,1.76
344,2003,ROU,Romania,Total,1.27
345,2003,FRA,France,Total,1.89
346,2003,SVN,Slovenia,Total,1.2
347,2004,SVN,Slovenia,Total,1.25
348,2004,FRA,France,Total,1.92
349,2004,ROU,Romania,Total,1.29
350,2004,DNK,Denmark,Total,1.78
351,2004,FIN,Finland,Total,1.8
352,2004,NOR,Norway,Total,1.83
353,2004,SWE,Sweden,Total,1.75
354,2004,LUX,Luxembourg,Total,1.66
355,2004,LTU,Lithuania,Total,1.27
356,2004,HRV,Croatia,Total,1.43
357,2004,ESP,Spain,Total,1.31
358,2004,NLD,Netherlands,Total,1.72
359,2004,DEU,Germany,Total,1.36
360,2004,EST,Estonia,Total,1.47
361,2004,IRL,Ireland,Total,1.93
362,2004,LVA,Latvia,Total,1.29
363,2004,SVK,Slovak Republic,Total,1.25
364,2004,CHE,Switzerland,Total,1.42
365,2004,GRC,Greece,Total,1.31
366,2004,ISL,Iceland,Total,2.04
367,2004,HUN,Hungary,Total,1.28
368,2004,AUT,Austria,Total,1.42
369,2004,BGR,Bulgaria,Total,1.29
370,2004,PRT,Portugal,Total,1.4
371,2004,POL,Poland,Total,1.23
372,2004,ITA,Italy,Total,1.34
373,2004,BEL,Belgium,Total,1.72
374,2005,BEL,Belgium,Total,1.76
375,2005,ITA,Italy,Total,1.34
376,2005,POL,Poland,Total,1.24
377,2005,PRT,Portugal,Total,1.41
378,2005,BGR,Bulgaria,Total,1.32
379,2005,AUT,Austria,Total,1.41
380,2005,HUN,Hungary,Total,1.31
381,2005,ISL,Iceland,Total,2.05
382,2005,GRC,Greece,Total,1.34
383,2005,CHE,Switzerland,Total,1.42
384,2005,SVK,Slovak Republic,Total,1.27
385,2005,LVA,Latvia,Total,1.39
386,2005,IRL,Ireland,Total,1.86
387,2005,EST,Estonia,Total,1.52
388,2005,DEU,Germany,Total,1.34
389,2005,NLD,Netherlands,Total,1.71
390,2005,ESP,Spain,Total,1.33
391,2005,HRV,Croatia,Total,1.5
392,2005,LTU,Lithuania,Total,1.29
393,2005,LUX,Luxembourg,Total,1.63
394,2005,SWE,Sweden,Total,1.77
395,2005,NOR,Norway,Total,1.84
396,2005,FIN,Finland,Total,1.8
397,2005,DNK,Denmark,Total,1.8
398,2005,ROU,Romania,Total,1.32
399,2005,FRA,France,Total,1.94
400,2005,SVN,Slovenia,Total,1.26
401,2006,SVN,Slovenia,Total,1.31
402,2006,FRA,France,Total,2.0
403,2006,ROU,Romania,Total,1.32
404,2006,FIN,Finland,Total,1.84
405,2006,NOR,Norway,Total,1.9
406,2006,SWE,Sweden,Total,1.85
407,2006,LUX,Luxembourg,Total,1.65
408,2006,LTU,Lithuania,Total,1.33
409,2006,HRV,Croatia,Total,1.47
410,2006,ESP,Spain,Total,1.36
411,2006,NLD,Netherlands,Total,1.72
412,2006,DEU,Germany,Total,1.33
413,2006,EST,Estonia,Total,1.58
414,2006,IRL,Ireland,Total,1.92
415,2006,LVA,Latvia,Total,1.46
416,2006,SVK,Slovak Republic,Total,1.25
417,2006,CHE,Switzerland,Total,1.44
418,2006,GRC,Greece,Total,1.4
419,2006,ISL,Iceland,Total,2.08
420,2006,HUN,Hungary,Total,1.34
421,2006,AUT,Austria,Total,1.41
422,2006,BGR,Bulgaria,Total,1.38
423,2006,PRT,Portugal,Total,1.37
424,2006,POL,Poland,Total,1.27
425,2006,ITA,Italy,Total,1.37
426,2006,BEL,Belgium,Total,1.8
427,2007,BEL,Belgium,Total,1.82
428,2007,ITA,Italy,Total,1.4
429,2007,POL,Poland,Total,1.31
430,2007,PRT,Portugal,Total,1.35
431,2007,BGR,Bulgaria,Total,1.49
432,2007,AUT,Austria,Total,1.38
433,2007,HUN,Hungary,Total,1.32
434,2007,ISL,Iceland,Total,2.09
435,2007,GRC,Greece,Total,1.41
436,2007,CHE,Switzerland,Total,1.46
437,2007,SVK,Slovak Republic,Total,1.27
438,2007,LVA,Latvia,Total,1.54
439,2007,IRL,Ireland,Total,2.01
440,2007,EST,Estonia,Total,1.69
441,2007,DEU,Germany,Total,1.37
442,2007,NLD,Netherlands,Total,1.72
443,2007,ESP,Spain,Total,1.38
444,2007,HRV,Croatia,Total,1.48
445,2007,LTU,Lithuania,Total,1.36
446,2007,LUX,Luxembourg,Total,1.61
447,2007,SWE,Sweden,Total,1.88
448,2007,NOR,Norway,Total,1.9
449,2007,FIN,Finland,Total,1.83
450,2007,ROU,Romania,Total,1.3
451,2007,FRA,France,Total,1.98
452,2007,SVN,Slovenia,Total,1.38
453,2008,SVN,Slovenia,Total,1.53
454,2008,FRA,France,Total,2.01
455,2008,ROU,Romania,Total,1.35
456,2008,FIN,Finland,Total,1.85
457,2008,NOR,Norway,Total,1.96
458,2008,SWE,Sweden,Total,1.91
459,2008,LUX,Luxembourg,Total,1.61
460,2008,LTU,Lithuania,Total,1.45
461,2008,HRV,Croatia,Total,1.55
462,2008,ESP,Spain,Total,1.45
463,2008,NLD,Netherlands,Total,1.77
464,2008,DEU,Germany,Total,1.38
465,2008,EST,Estonia,Total,1.72
466,2008,IRL,Ireland,Total,2.06
467,2008,LVA,Latvia,Total,1.58
468,2008,SVK,Slovak Republic,Total,1.34
469,2008,CHE,Switzerland,Total,1.48
470,2008,GRC,Greece,Total,1.5
471,2008,ISL,Iceland,Total,2.15
472,2008,HUN,Hungary,Total,1.35
473,2008,AUT,Austria,Total,1.42
474,2008,BGR,Bulgaria,Total,1.56
475,2008,PRT,Portugal,Total,1.39
476,2008,POL,Poland,Total,1.39
477,2008,ITA,Italy,Total,1.45
478,2008,BEL,Belgium,Total,1.85
479,2009,BEL,Belgium,Total,1.84
480,2009,ITA,Italy,Total,1.45
481,2009,POL,Poland,Total,1.4
482,2009,PRT,Portugal,Total,1.34
483,2009,BGR,Bulgaria,Total,1.66
484,2009,AUT,Austria,Total,1.39
485,2009,HUN,Hungary,Total,1.32
486,2009,ISL,Iceland,Total,2.23
487,2009,GRC,Greece,Total,1.5
488,2009,CHE,Switzerland,Total,1.5
489,2009,SVK,Slovak Republic,Total,1.44
490,2009,LVA,Latvia,Total,1.46
491,2009,IRL,Ireland,Total,2.06
492,2009,EST,Estonia,Total,1.7
493,2009,DEU,Germany,Total,1.36
494,2009,NLD,Netherlands,Total,1.79
495,2009,ESP,Spain,Total,1.38
496,2009,HRV,Croatia,Total,1.58
497,2009,LTU,Lithuania,Total,1.5
498,2009,LUX,Luxembourg,Total,1.59
499,2009,SWE,Sweden,Total,1.94
500,2009,NOR,Norway,Total,1.98
501,2009,FIN,Finland,Total,1.86
502,2009,ROU,Romania,Total,1.38
503,2009,FRA,France,Total,2.0
504,2009,SVN,Slovenia,Total,1.53
505,2010,SVN,Slovenia,Total,1.57
506,2010,FRA,France,Total,2.03
507,2010,ROU,Romania,Total,1.59
508,2010,FIN,Finland,Total,1.87
509,2010,NOR,Norway,Total,1.95
510,2010,SWE,Sweden,Total,1.98
511,2010,LUX,Luxembourg,Total,1.63
512,2010,LTU,Lithuania,Total,1.5
513,2010,HRV,Croatia,Total,1.55
514,2010,ESP,Spain,Total,1.37
515,2010,NLD,Netherlands,Total,1.79
516,2010,DEU,Germany,Total,1.39
517,2010,EST,Estonia,Total,1.72
518,2010,IRL,Ireland,Total,2.05
519,2010,LVA,Latvia,Total,1.36
520,2010,SVK,Slovak Republic,Total,1.43
521,2010,CHE,Switzerland,Total,1.52
522,2010,GRC,Greece,Total,1.48
523,2010,ISL,Iceland,Total,2.2
524,2010,HUN,Hungary,Total,1.25
525,2010,AUT,Austria,Total,1.44
526,2010,BGR,Bulgaria,Total,1.57
527,2010,PRT,Portugal,Total,1.39
528,2010,POL,Poland,Total,1.38
529,2010,ITA,Italy,Total,1.46
530,2010,BEL,Belgium,Total,1.86
531,2011,BEL,Belgium,Total,1.81
532,2011,ITA,Italy,Total,1.44
533,2011,POL,Poland,Total,1.3
534,2011,PRT,Portugal,Total,1.35
535,2011,BGR,Bulgaria,Total,1.51
536,2011,AUT,Austria,Total,1.43
537,2011,HUN,Hungary,Total,1.23
538,2011,ISL,Iceland,Total,2.02
539,2011,GRC,Greece,Total,1.4
540,2011,CHE,Switzerland,Total,1.52
541,2011,SVK,Slovak Republic,Total,1.45
542,2011,LVA,Latvia,Total,1.33
543,2011,IRL,Ireland,Total,2.03
544,2011,EST,Estonia,Total,1.61
545,2011,DEU,Germany,Total,1.36
546,2011,NLD,Netherlands,Total,1.76
547,2011,ESP,Spain,Total,1.34
548,2011,HRV,Croatia,Total,1.48
549,2011,LTU,Lithuania,Total,1.55
550,2011,LUX,Luxembourg,Total,1.52
551,2011,SWE,Sweden,Total,1.9
552,2011,NOR,Norway,Total,1.88
553,2011,FIN,Finland,Total,1.83
554,2011,ROU,Romania,Total,1.47
555,2011,FRA,France,Total,2.01
556,2011,SVN,Slovenia,Total,1.56
557,2012,SVN,Slovenia,Total,1.58
558,2012,FRA,France,Total,2.01
559,2012,ROU,Romania,Total,1.52
560,2012,FIN,Finland,Total,1.8
561,2012,NOR,Norway,Total,1.85
562,2012,SWE,Sweden,Total,1.91
563,2012,LUX,Luxembourg,Total,1.57
564,2012,LTU,Lithuania,Total,1.6
565,2012,HRV,Croatia,Total,1.51
566,2012,ESP,Spain,Total,1.32
567,2012,NLD,Netherlands,Total,1.72
568,2012,DEU,Germany,Total,1.41
569,2012,EST,Estonia,Total,1.56
570,2012,IRL,Ireland,Total,1.98
571,2012,LVA,Latvia,Total,1.44
572,2012,SVK,Slovak Republic,Total,1.34
573,2012,CHE,Switzerland,Total,1.52
574,2012,GRC,Greece,Total,1.34
575,2012,ISL,Iceland,Total,2.04
576,2012,HUN,Hungary,Total,1.34
577,2012,AUT,Austria,Total,1.44
578,2012,BGR,Bulgaria,Total,1.5
579,2012,PRT,Portugal,Total,1.28
580,2012,POL,Poland,Total,1.3
581,2012,ITA,Italy,Total,1.43
582,2012,BEL,Belgium,Total,1.8
583,2013,PRT,Portugal,Total,1.21
584,2013,AUT,Austria,Total,1.44
585,2013,HUN,Hungary,Total,1.35
586,2013,ISL,Iceland,Total,1.93
587,2013,CHE,Switzerland,Total,1.52
588,2013,GBR,United Kingdom,Total,1.83
589,2013,DEU,Germany,Total,1.42
590,2013,HRV,Croatia,Total,1.46
591,2013,LUX,Luxembourg,Total,1.55
592,2013,NOR,Norway,Total,1.78
593,2013,FIN,Finland,Total,1.75
594,2013,FRA,France,Total,1.99
595,2013,SVN,Slovenia,Total,1.55
596,2014,SVN,Slovenia,Total,1.58
597,2014,FRA,France,Total,2.0
598,2014,ROU,Romania,Total,1.56
599,2014,FIN,Finland,Total,1.71
600,2014,NOR,Norway,Total,1.75
601,2014,SWE,Sweden,Total,1.88
602,2014,LUX,Luxembourg,Total,1.5
603,2014,HRV,Croatia,Total,1.46
604,2014,ESP,Spain,Total,1.32
605,2014,NLD,Netherlands,Total,1.71
606,2014,LVA,Latvia,Total,1.65
607,2014,SVK,Slovak Republic,Total,1.37
608,2014,CHE,Switzerland,Total,1.54
609,2014,GRC,Greece,Total,1.3
610,2014,ISL,Iceland,Total,1.93
611,2014,HUN,Hungary,Total,1.44
612,2014,AUT,Austria,Total,1.46
613,2014,PRT,Portugal,Total,1.23
614,2015,AUT,Austria,Total,1.49
615,2015,HUN,Hungary,Total,1.45
616,2015,GRC,Greece,Total,1.33
617,2015,CHE,Switzerland,Total,1.54
618,2015,EST,Estonia,Total,1.58
619,2015,DEU,Germany,Total,1.5
620,2015,NLD,Netherlands,Total,1.66
621,2015,HRV,Croatia,Total,1.4
622,2015,LUX,Luxembourg,Total,1.47
623,2015,SWE,Sweden,Total,1.85
624,2015,FIN,Finland,Total,1.65
625,2015,ROU,Romania,Total,1.62
626,2015,FRA,France,Total,1.96
627,2016,FRA,France,Total,1.92
628,2016,FIN,Finland,Total,1.57
629,2016,NOR,Norway,Total,1.71
630,2016,NLD,Netherlands,Total,1.66
631,2016,DEU,Germany,Total,1.6
632,2016,LVA,Latvia,Total,1.74
633,2016,GBR,United Kingdom,Total,1.79
634,2016,GRC,Greece,Total,1.38
635,2016,HUN,Hungary,Total,1.53
636,2016,AUT,Austria,Total,1.53
637,2016,PRT,Portugal,Total,1.36
638,2016,POL,Poland,Total,1.39
639,2017,AUT,Austria,Total,1.52
640,2017,HUN,Hungary,Total,1.54
641,2017,ISL,Iceland,Total,1.71
642,2017,GRC,Greece,Total,1.35
643,2017,GBR,United Kingdom,Total,1.74
644,2017,IRL,Ireland,Total,1.77
645,2017,NLD,Netherlands,Total,1.62
646,2017,HRV,Croatia,Total,1.42
647,2017,FIN,Finland,Total,1.49
648,2017,DNK,Denmark,Total,1.75
649,2017,ROU,Romania,Total,1.78
650,2017,FRA,France,Total,1.89
651,2017,SVN,Slovenia,Total,1.62
652,2018,FRA,France,Total,1.87
653,2018,ROU,Romania,Total,1.76
654,2018,DNK,Denmark,Total,1.73
655,2018,FIN,Finland,Total,1.41
656,2018,SWE,Sweden,Total,1.76
657,2018,HRV,Croatia,Total,1.47
658,2018,NLD,Netherlands,Total,1.59
659,2018,DEU,Germany,Total,1.57
660,2018,GBR,United Kingdom,Total,1.68
661,2018,CHE,Switzerland,Total,1.52
662,2018,GRC,Greece,Total,1.35
663,2018,ISL,Iceland,Total,1.71
664,2018,POL,Poland,Total,1.46
665,2019,POL,Poland,Total,1.44
666,2019,HUN,Hungary,Total,1.55
667,2019,SVK,Slovak Republic,Total,1.57
668,2019,LVA,Latvia,Total,1.61
669,2019,IRL,Ireland,Total,1.71
670,2019,NLD,Netherlands,Total,1.57
671,2019,ESP,Spain,Total,1.23
672,2019,HRV,Croatia,Total,1.47
673,2019,LUX,Luxembourg,Total,1.34
674,2019,FIN,Finland,Total,1.35
675,2019,DNK,Denmark,Total,1.7
676,2019,ROU,Romania,Total,1.77
677,2019,SVN,Slovenia,Total,1.61
678,2019,FRA,France,Total,1.86
679,2021,DEU,Germany,Total,1.58
680,2018,ITA,Italy,Total,1.3
681,2020,ROU,Romania,Total,1.79
682,2020,POL,Poland,Total,1.4
683,2021,POL,Poland,Total,1.34
684,2021,ROU,Romania,Total,1.8
685,2023,POL,Poland,Total,1.2
686,2023,DEU,Germany,Total,1.39
687,2023,ROU,Romania,Total,1.54
688,2023,FRA,France,Total,1.66
689,2022,POL,Poland,Total,1.29
690,2022,FRA,France,Total,1.78
691,2022,ROU,Romania,Total,1.7
692,2022,HUN,Hungary,Total,1.56
693,1990,GBR,United Kingdom,Total,1.48
694,1991,GBR,United Kingdom,Total,1.48
695,1992,GBR,United Kingdom,Total,1.48
696,1993,GBR,United Kingdom,Total,1.48
697,1994,GBR,United Kingdom,Total,1.48
698,1995,GBR,United Kingdom,Total,1.48
699,1996,GBR,United Kingdom,Total,1.48
700,1997,GBR,United Kingdom,Total,1.48
701,1998,GBR,United Kingdom,Total,1.48
702,1999,GBR,United Kingdom,Total,1.48
703,2000,GBR,United Kingdom,Total,1.48
704,2001,GBR,United Kingdom,Total,1.48
705,2002,GBR,United Kingdom,Total,1.48
706,2003,GBR,United Kingdom,Total,1.48
707,2004,GBR,United Kingdom,Total,1.48
708,2005,GBR,United Kingdom,Total,1.48
709,2006,GBR,United Kingdom,Total,1.48
710,2007,GBR,United Kingdom,Total,1.48
711,2008,GBR,United Kingdom,Total,1.48
712,2009,GBR,United Kingdom,Total,1.48
713,2010,GBR,United Kingdom,Total,1.48
714,2011,GBR,United Kingdom,Total,1.48
715,2012,GBR,United Kingdom,Total,1.48
716,2019,GBR,United Kingdom,Total,1.48
717,2020,GBR,United Kingdom,Total,1.48
718,2021,GBR,United Kingdom,Total,1.48
719,2022,GBR,United Kingdom,Total,1.48
720,2023,GBR,United Kingdom,Total,1.48
721,2013,BEL,Belgium,Total,1.76
722,2013,POL,Poland,Total,1.3
723,2013,BGR,Bulgaria,Total,1.55
724,2013,GRC,Greece,Total,1.3
725,2013,SVK,Slovak Republic,Total,1.35
726,2013,LVA,Latvia,Total,1.53
727,2013,IRL,Ireland,Total,1.94
728,2013,EST,Estonia,Total,1.53
729,2013,ESP,Spain,Total,1.28
730,2013,SWE,Sweden,Total,1.88
731,2013,DNK,Denmark,Total,1.66
732,2013,ROU,Romania,Total,1.45
733,2014,DNK,Denmark,Total,1.68
734,2014,LTU,Lithuania,Total,1.57
735,2014,DEU,Germany,Total,1.48
736,2014,EST,Estonia,Total,1.55
737,2014,IRL,Ireland,Total,1.9
738,2014,BGR,Bulgaria,Total,1.62
739,2014,POL,Poland,Total,1.33
740,2014,ITA,Italy,Total,1.38
741,2014,BEL,Belgium,Total,1.74
742,2015,BEL,Belgium,Total,1.7
743,2015,ITA,Italy,Total,1.36
744,2015,POL,Poland,Total,1.33
745,2015,BGR,Bulgaria,Total,1.64
746,2015,ISL,Iceland,Total,1.81
747,2015,SVK,Slovak Republic,Total,1.41
748,2015,LVA,Latvia,Total,1.71
749,2015,IRL,Ireland,Total,1.86
750,2015,LTU,Lithuania,Total,1.63
751,2015,NOR,Norway,Total,1.73
752,2015,DNK,Denmark,Total,1.7
753,2015,SVN,Slovenia,Total,1.58
754,2016,SVN,Slovenia,Total,1.59
755,2016,ROU,Romania,Total,1.69
756,2016,DNK,Denmark,Total,1.78
757,2016,SWE,Sweden,Total,1.86
758,2016,LUX,Luxembourg,Total,1.42
759,2016,LTU,Lithuania,Total,1.63
760,2016,HRV,Croatia,Total,1.43
761,2016,ESP,Spain,Total,1.33
762,2016,EST,Estonia,Total,1.61
763,2016,IRL,Ireland,Total,1.82
764,2016,SVK,Slovak Republic,Total,1.49
765,2016,CHE,Switzerland,Total,1.55
766,2016,ISL,Iceland,Total,1.75
767,2016,BGR,Bulgaria,Total,1.67
768,2016,ITA,Italy,Total,1.35
769,2016,BEL,Belgium,Total,1.69
770,2017,BEL,Belgium,Total,1.65
771,2017,ITA,Italy,Total,1.33
772,2017,POL,Poland,Total,1.49
773,2017,BGR,Bulgaria,Total,1.71
774,2017,CHE,Switzerland,Total,1.53
775,2017,SVK,Slovak Republic,Total,1.53
776,2017,LVA,Latvia,Total,1.7
777,2017,EST,Estonia,Total,1.6
778,2017,DEU,Germany,Total,1.58
779,2017,ESP,Spain,Total,1.3
780,2017,LTU,Lithuania,Total,1.57
781,2017,LUX,Luxembourg,Total,1.4
782,2017,SWE,Sweden,Total,1.79
783,2017,NOR,Norway,Total,1.63
784,2018,SVN,Slovenia,Total,1.61
785,2018,NOR,Norway,Total,1.57
786,2018,LUX,Luxembourg,Total,1.39
787,2018,LTU,Lithuania,Total,1.53
788,2018,ESP,Spain,Total,1.25
789,2018,EST,Estonia,Total,1.68
790,2018,IRL,Ireland,Total,1.76
791,2018,LVA,Latvia,Total,1.61
792,2018,SVK,Slovak Republic,Total,1.55
793,2018,HUN,Hungary,Total,1.54
794,2018,AUT,Austria,Total,1.48
795,2018,BGR,Bulgaria,Total,1.73
796,2018,BEL,Belgium,Total,1.62
797,2019,BEL,Belgium,Total,1.61
798,2019,ITA,Italy,Total,1.26
799,2019,BGR,Bulgaria,Total,1.79
800,2019,AUT,Austria,Total,1.47
801,2019,ISL,Iceland,Total,1.75
802,2019,GRC,Greece,Total,1.33
803,2019,CHE,Switzerland,Total,1.49
804,2019,EST,Estonia,Total,1.67
805,2019,DEU,Germany,Total,1.55
806,2019,LTU,Lithuania,Total,1.44
807,2019,SWE,Sweden,Total,1.72
808,2019,NOR,Norway,Total,1.54
809,2020,FRA,France,Total,1.82
810,2020,SVN,Slovenia,Total,1.59
811,2020,DNK,Denmark,Total,1.68
812,2020,FIN,Finland,Total,1.37
813,2020,NOR,Norway,Total,1.48
814,2020,SWE,Sweden,Total,1.68
815,2020,LUX,Luxembourg,Total,1.37
816,2020,LTU,Lithuania,Total,1.36
817,2020,HRV,Croatia,Total,1.56
818,2020,ESP,Spain,Total,1.18
819,2020,NLD,Netherlands,Total,1.55
820,2020,DEU,Germany,Total,1.54
821,2020,EST,Estonia,Total,1.59
822,2020,IRL,Ireland,Total,1.63
823,2020,LVA,Latvia,Total,1.55
824,2020,SVK,Slovak Republic,Total,1.59
825,2020,CHE,Switzerland,Total,1.47
826,2020,GRC,Greece,Total,1.38
827,2020,ISL,Iceland,Total,1.73
828,2020,HUN,Hungary,Total,1.58
829,2020,AUT,Austria,Total,1.44
830,2020,BGR,Bulgaria,Total,1.77
831,2020,PRT,Portugal,Total,1.41
832,2020,ITA,Italy,Total,1.24
833,2020,BEL,Belgium,Total,1.56
834,2021,BEL,Belgium,Total,1.6
835,2021,ITA,Italy,Total,1.25
836,2021,PRT,Portugal,Total,1.35
837,2021,BGR,Bulgaria,Total,1.79
838,2021,AUT,Austria,Total,1.48
839,2021,HUN,Hungary,Total,1.6
840,2021,ISL,Iceland,Total,1.83
841,2021,GRC,Greece,Total,1.43
842,2021,CHE,Switzerland,Total,1.53
843,2021,SVK,Slovak Republic,Total,1.63
844,2021,LVA,Latvia,Total,1.57
845,2021,IRL,Ireland,Total,1.78
846,2021,EST,Estonia,Total,1.61
847,2021,NLD,Netherlands,Total,1.63
848,2021,ESP,Spain,Total,1.18
849,2021,HRV,Croatia,Total,1.62
850,2021,LTU,Lithuania,Total,1.37
851,2021,LUX,Luxembourg,Total,1.39
852,2021,SWE,Sweden,Total,1.69
853,2021,NOR,Norway,Total,1.56
854,2021,FIN,Finland,Total,1.46
855,2021,DNK,Denmark,Total,1.73
856,2021,SVN,Slovenia,Total,1.64
857,2021,FRA,France,Total,1.82
858,2022,SVN,Slovenia,Total,1.54
859,2022,DNK,Denmark,Total,1.56
860,2022,FIN,Finland,Total,1.32
861,2022,NOR,Norway,Total,1.42
862,2022,SWE,Sweden,Total,1.54
863,2022,LUX,Luxembourg,Total,1.32
864,2022,LTU,Lithuania,Total,1.28
865,2022,HRV,Croatia,Total,1.53
866,2022,ESP,Spain,Total,1.15
867,2022,NLD,Netherlands,Total,1.49
868,2022,DEU,Germany,Total,1.46
869,2022,EST,Estonia,Total,1.41
870,2022,IRL,Ireland,Total,1.54
871,2022,LVA,Latvia,Total,1.47
872,2022,SVK,Slovak Republic,Total,1.57
873,2022,CHE,Switzerland,Total,1.4
874,2022,GRC,Greece,Total,1.31
875,2022,ISL,Iceland,Total,1.6
876,2022,AUT,Austria,Total,1.42
877,2022,BGR,Bulgaria,Total,1.77
878,2022,PRT,Portugal,Total,1.42
879,2022,ITA,Italy,Total,1.24
880,2022,BEL,Belgium,Total,1.53
881,2023,BEL,Belgium,Total,1.48
882,2023,ITA,Italy,Total,1.2
883,2023,PRT,Portugal,Total,1.44
884,2023,BGR,Bulgaria,Total,1.81
885,2023,AUT,Austria,Total,1.32
886,2023,HUN,Hungary,Total,1.55
887,2023,ISL,Iceland,Total,1.56
888,2023,GRC,Greece,Total,1.25
889,2023,CHE,Switzerland,Total,1.34
890,2023,SVK,Slovak Republic,Total,1.49
891,2023,LVA,Latvia,Total,1.36
892,2023,IRL,Ireland,Total,1.5
893,2023,EST,Estonia,Total,1.31
894,2023,NLD,Netherlands,Total,1.43
895,2023,ESP,Spain,Total,1.11
896,2023,HRV,Croatia,Total,1.46
897,2023,LTU,Lithuania,Total,1.19
898,2023,LUX,Luxembourg,Total,1.26
899,2023,SWE,Sweden,Total,1.46
900,2023,NOR,Norway,Total,1.41
901,2023,FIN,Finland,Total,1.26
902,2023,SVN,Slovenia,Total,1.51
903,2013,NLD,Netherlands,Total,1.67
904,2014,GBR,United Kingdom,Total,1.82
905,2015,GBR,United Kingdom,Total,1.81
906,2023,DNK,Denmark,Total,1.5
907,2006,DNK,Denmark,Total,1.85
908,2007,DNK,Denmark,Total,1.84
909,2008,DNK,Denmark,Total,1.89
910,2009,DNK,Denmark,Total,1.84
911,2010,DNK,Denmark,Total,1.87
912,2011,DNK,Denmark,Total,1.75
913,2012,DNK,Denmark,Total,1.73
914,2013,ITA,Italy,Total,1.39
915,2013,LTU,Lithuania,Total,1.59
916,2015,PRT,Portugal,Total,1.31
917,2015,ESP,Spain,Total,1.33
918,2017,PRT,Portugal,Total,1.38
919,2018,PRT,Portugal,Total,1.42
920,2019,PRT,Portugal,Total,1.43
