Year,REF_AREA,Country,Measure,Unit_measure,Value
2000,AUT,Autriche,household_net_saving,PT,11.75
2000,BEL,Belgique,household_net_saving,PT,11.45
2000,DNK,Danemark,household_net_saving,PT,-6.57
2000,EST,Estonie,household_net_saving,PT,0.0
2000,FIN,Finlande,household_net_saving,PT,2.68
2000,FRA,France,household_net_saving,PT,8.75
2000,DEU,Allemagne,household_net_saving,PT,9.55
2000,GRC,Grèce,household_net_saving,PT,1.88
2000,HUN,Hongrie,household_net_saving,PT,4.57
2000,IRL,Irlande,household_net_saving,PT,-2.84
2000,ITA,Italie,household_net_saving,PT,9.09
2000,LVA,Lettonie,household_net_saving,PT,-3.06
2000,LUX,Luxembourg,household_net_saving,PT,5.85
2000,NLD,Pays-Bas,household_net_saving,PT,4.97
2000,NOR,Norvège,household_net_saving,PT,3.84
2000,POL,Pologne,household_net_saving,PT,10.59
2000,PRT,Portugal,household_net_saving,PT,6.59
2000,SVK,République slovaque,household_net_saving,PT,7.33
2000,ESP,Espagne,household_net_saving,PT,7.31
2000,SWE,Suède,household_net_saving,PT,-1.06
2000,CHE,Suisse,household_net_saving,PT,14.56
2000,GBR,Royaume-Uni,household_net_saving,PT,4.96
2001,AUT,Autriche,household_net_saving,PT,9.26
2001,BEL,Belgique,household_net_saving,PT,12.87
2001,DNK,Danemark,household_net_saving,PT,-0.86
2001,EST,Estonie,household_net_saving,PT,-2.21
2001,FIN,Finlande,household_net_saving,PT,1.92
2001,FRA,France,household_net_saving,PT,9.45
2001,DEU,Allemagne,household_net_saving,PT,10.3
2001,GRC,Grèce,household_net_saving,PT,-0.44
2001,HUN,Hongrie,household_net_saving,PT,5.36
2001,IRL,Irlande,household_net_saving,PT,2.03
2001,ITA,Italie,household_net_saving,PT,10.12
2001,LVA,Lettonie,household_net_saving,PT,-4.25
2001,LUX,Luxembourg,household_net_saving,PT,6.55
2001,NLD,Pays-Bas,household_net_saving,PT,5.99
2001,NOR,Norvège,household_net_saving,PT,2.61
2001,POL,Pologne,household_net_saving,PT,12.16
2001,PRT,Portugal,household_net_saving,PT,6.85
2001,SVK,République slovaque,household_net_saving,PT,5.09
2001,ESP,Espagne,household_net_saving,PT,7.16
2001,SWE,Suède,household_net_saving,PT,2.7
2001,CHE,Suisse,household_net_saving,PT,14.97
2001,GBR,Royaume-Uni,household_net_saving,PT,4.77
2002,AUT,Autriche,household_net_saving,PT,9.44
2002,BEL,Belgique,household_net_saving,PT,12.45
2002,DNK,Danemark,household_net_saving,PT,-0.11
2002,EST,Estonie,household_net_saving,PT,-10.47
2002,FIN,Finlande,household_net_saving,PT,2.05
2002,FRA,France,household_net_saving,PT,10.6
2002,DEU,Allemagne,household_net_saving,PT,10.18
2002,GRC,Grèce,household_net_saving,PT,1.11
2002,HUN,Hongrie,household_net_saving,PT,2.86
2002,IRL,Irlande,household_net_saving,PT,0.36
2002,ITA,Italie,household_net_saving,PT,11.07
2002,LVA,Lettonie,household_net_saving,PT,-2.79
2002,LUX,Luxembourg,household_net_saving,PT,8.15
2002,NLD,Pays-Bas,household_net_saving,PT,5.91
2002,NOR,Norvège,household_net_saving,PT,7.85
2002,POL,Pologne,household_net_saving,PT,8.65
2002,PRT,Portugal,household_net_saving,PT,6.67
2002,SVK,République slovaque,household_net_saving,PT,4.1
2002,ESP,Espagne,household_net_saving,PT,6.83
2002,SWE,Suède,household_net_saving,PT,4.17
2002,CHE,Suisse,household_net_saving,PT,14.28
2002,GBR,Royaume-Uni,household_net_saving,PT,4.38
2003,AUT,Autriche,household_net_saving,PT,9.68
2003,BEL,Belgique,household_net_saving,PT,11.77
2003,DNK,Danemark,household_net_saving,PT,0.5
2003,EST,Estonie,household_net_saving,PT,-9.7
2003,FIN,Finlande,household_net_saving,PT,1.56
2003,FRA,France,household_net_saving,PT,10.0
2003,DEU,Allemagne,household_net_saving,PT,10.52
2003,GRC,Grèce,household_net_saving,PT,3.35
2003,HUN,Hongrie,household_net_saving,PT,1.7
2003,IRL,Irlande,household_net_saving,PT,1.31
2003,ITA,Italie,household_net_saving,PT,10.73
2003,LVA,Lettonie,household_net_saving,PT,-1.46
2003,LUX,Luxembourg,household_net_saving,PT,6.37
2003,NLD,Pays-Bas,household_net_saving,PT,5.17
2003,NOR,Norvège,household_net_saving,PT,8.35
2003,POL,Pologne,household_net_saving,PT,7.66
2003,PRT,Portugal,household_net_saving,PT,6.05
2003,SVK,République slovaque,household_net_saving,PT,1.9
2003,ESP,Espagne,household_net_saving,PT,7.86
2003,SWE,Suède,household_net_saving,PT,3.35
2003,CHE,Suisse,household_net_saving,PT,13.34
2003,GBR,Royaume-Uni,household_net_saving,PT,3.0
2004,AUT,Autriche,household_net_saving,PT,9.43
2004,BEL,Belgique,household_net_saving,PT,10.48
2004,DNK,Danemark,household_net_saving,PT,-3.48
2004,EST,Estonie,household_net_saving,PT,-11.22
2004,FIN,Finlande,household_net_saving,PT,2.49
2004,FRA,France,household_net_saving,PT,10.01
2004,DEU,Allemagne,household_net_saving,PT,10.55
2004,GRC,Grèce,household_net_saving,PT,3.57
2004,HUN,Hongrie,household_net_saving,PT,5.87
2004,IRL,Irlande,household_net_saving,PT,1.91
2004,ITA,Italie,household_net_saving,PT,11.08
2004,LVA,Lettonie,household_net_saving,PT,-0.93
2004,LTU,Lituanie,household_net_saving,PT,-4.93
2004,LUX,Luxembourg,household_net_saving,PT,6.12
2004,NLD,Pays-Bas,household_net_saving,PT,4.62
2004,NOR,Norvège,household_net_saving,PT,6.55
2004,POL,Pologne,household_net_saving,PT,6.8
2004,PRT,Portugal,household_net_saving,PT,4.53
2004,SVK,République slovaque,household_net_saving,PT,1.12
2004,ESP,Espagne,household_net_saving,PT,5.89
2004,SWE,Suède,household_net_saving,PT,2.28
2004,CHE,Suisse,household_net_saving,PT,12.95
2004,GBR,Royaume-Uni,household_net_saving,PT,3.3
2005,AUT,Autriche,household_net_saving,PT,10.83
2005,BEL,Belgique,household_net_saving,PT,10.18
2005,DNK,Danemark,household_net_saving,PT,-6.58
2005,EST,Estonie,household_net_saving,PT,-9.19
2005,FIN,Finlande,household_net_saving,PT,0.55
2005,FRA,France,household_net_saving,PT,9.09
2005,DEU,Allemagne,household_net_saving,PT,10.53
2005,GRC,Grèce,household_net_saving,PT,-0.86
2005,HUN,Hongrie,household_net_saving,PT,7.63
2005,IRL,Irlande,household_net_saving,PT,2.6
2005,ITA,Italie,household_net_saving,PT,10.32
2005,LVA,Lettonie,household_net_saving,PT,0.12
2005,LTU,Lituanie,household_net_saving,PT,-7.5
2005,LUX,Luxembourg,household_net_saving,PT,5.18
2005,NLD,Pays-Bas,household_net_saving,PT,3.04
2005,NOR,Norvège,household_net_saving,PT,9.33
2005,POL,Pologne,household_net_saving,PT,6.38
2005,PRT,Portugal,household_net_saving,PT,3.25
2005,SVK,République slovaque,household_net_saving,PT,0.98
2005,ESP,Espagne,household_net_saving,PT,5.04
2005,SWE,Suède,household_net_saving,PT,1.96
2005,CHE,Suisse,household_net_saving,PT,14.2
2005,GBR,Royaume-Uni,household_net_saving,PT,3.06
2006,AUT,Autriche,household_net_saving,PT,11.76
2006,BEL,Belgique,household_net_saving,PT,10.86
2006,DNK,Danemark,household_net_saving,PT,-3.58
2006,EST,Estonie,household_net_saving,PT,-8.1
2006,FIN,Finlande,household_net_saving,PT,-1.01
2006,FRA,France,household_net_saving,PT,9.37
2006,DEU,Allemagne,household_net_saving,PT,10.62
2006,GRC,Grèce,household_net_saving,PT,3.08
2006,HUN,Hongrie,household_net_saving,PT,8.1
2006,IRL,Irlande,household_net_saving,PT,0.7
2006,ITA,Italie,household_net_saving,PT,9.67
2006,LVA,Lettonie,household_net_saving,PT,-2.85
2006,LTU,Lituanie,household_net_saving,PT,-4.3
2006,LUX,Luxembourg,household_net_saving,PT,4.52
2006,NLD,Pays-Bas,household_net_saving,PT,1.8
2006,NOR,Norvège,household_net_saving,PT,-0.88
2006,POL,Pologne,household_net_saving,PT,5.69
2006,PRT,Portugal,household_net_saving,PT,1.39
2006,SVK,République slovaque,household_net_saving,PT,0.68
2006,ESP,Espagne,household_net_saving,PT,3.34
2006,SWE,Suède,household_net_saving,PT,4.24
2006,CHE,Suisse,household_net_saving,PT,15.82
2006,GBR,Royaume-Uni,household_net_saving,PT,3.61
2007,AUT,Autriche,household_net_saving,PT,12.71
2007,BEL,Belgique,household_net_saving,PT,11.24
2007,DNK,Danemark,household_net_saving,PT,-5.73
2007,EST,Estonie,household_net_saving,PT,-7.19
2007,FIN,Finlande,household_net_saving,PT,-0.72
2007,FRA,France,household_net_saving,PT,9.69
2007,DEU,Allemagne,household_net_saving,PT,10.7
2007,GRC,Grèce,household_net_saving,PT,1.41
2007,HUN,Hongrie,household_net_saving,PT,3.92
2007,IRL,Irlande,household_net_saving,PT,0.38
2007,ITA,Italie,household_net_saving,PT,9.08
2007,LVA,Lettonie,household_net_saving,PT,-3.26
2007,LTU,Lituanie,household_net_saving,PT,-11.83
2007,LUX,Luxembourg,household_net_saving,PT,5.0
2007,NLD,Pays-Bas,household_net_saving,PT,1.59
2007,NOR,Norvège,household_net_saving,PT,0.22
2007,POL,Pologne,household_net_saving,PT,5.33
2007,PRT,Portugal,household_net_saving,PT,0.26
2007,SVK,République slovaque,household_net_saving,PT,1.55
2007,ESP,Espagne,household_net_saving,PT,1.79
2007,SWE,Suède,household_net_saving,PT,6.69
2007,CHE,Suisse,household_net_saving,PT,17.77
2007,GBR,Royaume-Uni,household_net_saving,PT,4.87
2008,AUT,Autriche,household_net_saving,PT,12.92
2008,BEL,Belgique,household_net_saving,PT,11.89
2008,DNK,Danemark,household_net_saving,PT,-6.85
2008,EST,Estonie,household_net_saving,PT,2.87
2008,FIN,Finlande,household_net_saving,PT,-0.47
2008,FRA,France,household_net_saving,PT,9.47
2008,DEU,Allemagne,household_net_saving,PT,10.94
2008,GRC,Grèce,household_net_saving,PT,1.68
2008,HUN,Hongrie,household_net_saving,PT,3.64
2008,IRL,Irlande,household_net_saving,PT,6.1
2008,ITA,Italie,household_net_saving,PT,8.46
2008,LVA,Lettonie,household_net_saving,PT,9.78
2008,LTU,Lituanie,household_net_saving,PT,-5.7
2008,LUX,Luxembourg,household_net_saving,PT,5.21
2008,NLD,Pays-Bas,household_net_saving,PT,3.71
2008,NOR,Norvège,household_net_saving,PT,2.86
2008,POL,Pologne,household_net_saving,PT,2.95
2008,PRT,Portugal,household_net_saving,PT,-0.23
2008,SVK,République slovaque,household_net_saving,PT,0.7
2008,ESP,Espagne,household_net_saving,PT,4.02
2008,SWE,Suède,household_net_saving,PT,8.96
2008,CHE,Suisse,household_net_saving,PT,17.12
2008,GBR,Royaume-Uni,household_net_saving,PT,4.17
2009,AUT,Autriche,household_net_saving,PT,12.59
2009,DNK,Danemark,household_net_saving,PT,-0.62
2009,EST,Estonie,household_net_saving,PT,8.2
2009,FIN,Finlande,household_net_saving,PT,3.27
2009,FRA,France,household_net_saving,PT,10.94
2009,DEU,Allemagne,household_net_saving,PT,10.4
2009,GRC,Grèce,household_net_saving,PT,3.74
2009,HUN,Hongrie,household_net_saving,PT,5.71
2009,IRL,Irlande,household_net_saving,PT,11.2
2009,ITA,Italie,household_net_saving,PT,7.78
2009,LVA,Lettonie,household_net_saving,PT,10.63
2009,LTU,Lituanie,household_net_saving,PT,-1.13
2009,LUX,Luxembourg,household_net_saving,PT,7.32
2009,NLD,Pays-Bas,household_net_saving,PT,7.14
2009,NOR,Norvège,household_net_saving,PT,4.53
2009,POL,Pologne,household_net_saving,PT,4.97
2009,PRT,Portugal,household_net_saving,PT,4.67
2009,SVK,République slovaque,household_net_saving,PT,2.05
2009,ESP,Espagne,household_net_saving,PT,7.83
2009,SWE,Suède,household_net_saving,PT,8.6
2009,CHE,Suisse,household_net_saving,PT,16.86
2009,GBR,Royaume-Uni,household_net_saving,PT,7.08
2010,AUT,Autriche,household_net_saving,PT,10.3
2010,BEL,Belgique,household_net_saving,PT,9.03
2010,DNK,Danemark,household_net_saving,PT,-0.55
2010,EST,Estonie,household_net_saving,PT,4.47
2010,FIN,Finlande,household_net_saving,PT,4.61
2010,FRA,France,household_net_saving,PT,10.61
2010,DEU,Allemagne,household_net_saving,PT,10.32
2010,GRC,Grèce,household_net_saving,PT,-3.65
2010,HUN,Hongrie,household_net_saving,PT,6.63
2010,IRL,Irlande,household_net_saving,PT,9.14
2010,ITA,Italie,household_net_saving,PT,4.97
2010,LVA,Lettonie,household_net_saving,PT,2.41
2010,LTU,Lituanie,household_net_saving,PT,1.55
2010,LUX,Luxembourg,household_net_saving,PT,5.49
2010,NLD,Pays-Bas,household_net_saving,PT,4.76
2010,NOR,Norvège,household_net_saving,PT,3.75
2010,POL,Pologne,household_net_saving,PT,5.12
2010,PRT,Portugal,household_net_saving,PT,2.09
2010,SVK,République slovaque,household_net_saving,PT,3.36
2010,ESP,Espagne,household_net_saving,PT,6.0
2010,SWE,Suède,household_net_saving,PT,9.61
2010,CHE,Suisse,household_net_saving,PT,17.07
2010,GBR,Royaume-Uni,household_net_saving,PT,7.64
2011,AUT,Autriche,household_net_saving,PT,7.79
2011,BEL,Belgique,household_net_saving,PT,8.63
2011,DNK,Danemark,household_net_saving,PT,-0.92
2011,EST,Estonie,household_net_saving,PT,4.79
2011,FIN,Finlande,household_net_saving,PT,2.73
2011,FRA,France,household_net_saving,PT,10.16
2011,DEU,Allemagne,household_net_saving,PT,10.13
2011,GRC,Grèce,household_net_saving,PT,-8.44
2011,HUN,Hongrie,household_net_saving,PT,7.56
2011,IRL,Irlande,household_net_saving,PT,8.71
2011,ITA,Italie,household_net_saving,PT,4.3
2011,LVA,Lettonie,household_net_saving,PT,-3.98
2011,LTU,Lituanie,household_net_saving,PT,-2.73
2011,LUX,Luxembourg,household_net_saving,PT,6.15
2011,NLD,Pays-Bas,household_net_saving,PT,4.68
2011,NOR,Norvège,household_net_saving,PT,5.81
2011,POL,Pologne,household_net_saving,PT,2.17
2011,PRT,Portugal,household_net_saving,PT,1.58
2011,SVK,République slovaque,household_net_saving,PT,2.39
2011,ESP,Espagne,household_net_saving,PT,6.82
2011,SWE,Suède,household_net_saving,PT,10.55
2011,CHE,Suisse,household_net_saving,PT,17.01
2011,GBR,Royaume-Uni,household_net_saving,PT,5.18
2012,AUT,Autriche,household_net_saving,PT,9.36
2012,BEL,Belgique,household_net_saving,PT,7.89
2012,DNK,Danemark,household_net_saving,PT,-1.92
2012,EST,Estonie,household_net_saving,PT,0.4
2012,FIN,Finlande,household_net_saving,PT,1.85
2012,FRA,France,household_net_saving,PT,10.28
2012,DEU,Allemagne,household_net_saving,PT,9.82
2012,GRC,Grèce,household_net_saving,PT,-14.14
2012,HUN,Hongrie,household_net_saving,PT,5.94
2012,IRL,Irlande,household_net_saving,PT,10.77
2012,ITA,Italie,household_net_saving,PT,2.01
2012,LVA,Lettonie,household_net_saving,PT,-4.26
2012,LTU,Lituanie,household_net_saving,PT,-6.35
2012,LUX,Luxembourg,household_net_saving,PT,6.38
2012,NLD,Pays-Bas,household_net_saving,PT,6.52
2012,NOR,Norvège,household_net_saving,PT,6.91
2012,POL,Pologne,household_net_saving,PT,2.33
2012,PRT,Portugal,household_net_saving,PT,2.77
2012,SVK,République slovaque,household_net_saving,PT,1.5
2012,ESP,Espagne,household_net_saving,PT,3.16
2012,SWE,Suède,household_net_saving,PT,12.72
2012,CHE,Suisse,household_net_saving,PT,17.12
2012,GBR,Royaume-Uni,household_net_saving,PT,4.15
2013,AUT,Autriche,household_net_saving,PT,7.19
2013,BEL,Belgique,household_net_saving,PT,6.65
2013,DNK,Danemark,household_net_saving,PT,-1.87
2013,EST,Estonie,household_net_saving,PT,2.27
2013,FIN,Finlande,household_net_saving,PT,1.92
2013,FRA,France,household_net_saving,PT,8.86
2013,DEU,Allemagne,household_net_saving,PT,9.42
2013,GRC,Grèce,household_net_saving,PT,-16.45
2013,HUN,Hongrie,household_net_saving,PT,7.74
2013,IRL,Irlande,household_net_saving,PT,8.99
2013,ITA,Italie,household_net_saving,PT,3.45
2013,LVA,Lettonie,household_net_saving,PT,-8.42
2013,LTU,Lituanie,household_net_saving,PT,-4.65
2013,LUX,Luxembourg,household_net_saving,PT,9.87
2013,NLD,Pays-Bas,household_net_saving,PT,6.67
2013,NOR,Norvège,household_net_saving,PT,7.22
2013,POL,Pologne,household_net_saving,PT,3.49
2013,PRT,Portugal,household_net_saving,PT,2.01
2013,SVK,République slovaque,household_net_saving,PT,0.67
2013,ESP,Espagne,household_net_saving,PT,4.92
2013,SWE,Suède,household_net_saving,PT,12.87
2013,CHE,Suisse,household_net_saving,PT,17.5
2013,GBR,Royaume-Uni,household_net_saving,PT,3.92
2014,AUT,Autriche,household_net_saving,PT,7.5
2014,BEL,Belgique,household_net_saving,PT,6.15
2014,DNK,Danemark,household_net_saving,PT,-6.31
2014,EST,Estonie,household_net_saving,PT,1.64
2014,FIN,Finlande,household_net_saving,PT,1.2
2014,FRA,France,household_net_saving,PT,9.1
2014,DEU,Allemagne,household_net_saving,PT,10.03
2014,GRC,Grèce,household_net_saving,PT,-13.78
2014,HUN,Hongrie,household_net_saving,PT,8.14
2014,IRL,Irlande,household_net_saving,PT,6.72
2014,ITA,Italie,household_net_saving,PT,3.86
2014,LVA,Lettonie,household_net_saving,PT,-4.43
2014,LTU,Lituanie,household_net_saving,PT,-5.93
2014,LUX,Luxembourg,household_net_saving,PT,9.75
2014,NLD,Pays-Bas,household_net_saving,PT,7.53
2014,NOR,Norvège,household_net_saving,PT,7.83
2014,POL,Pologne,household_net_saving,PT,5.51
2014,PRT,Portugal,household_net_saving,PT,-0.78
2014,SVK,République slovaque,household_net_saving,PT,1.98
2014,ESP,Espagne,household_net_saving,PT,3.34
2014,SWE,Suède,household_net_saving,PT,13.4
2014,CHE,Suisse,household_net_saving,PT,18.64
2014,GBR,Royaume-Uni,household_net_saving,PT,2.88
2015,AUT,Autriche,household_net_saving,PT,7.23
2015,BEL,Belgique,household_net_saving,PT,4.95
2015,DNK,Danemark,household_net_saving,PT,2.03
2015,EST,Estonie,household_net_saving,PT,3.87
2015,FIN,Finlande,household_net_saving,PT,0.99
2015,FRA,France,household_net_saving,PT,8.52
2015,DEU,Allemagne,household_net_saving,PT,10.18
2015,GRC,Grèce,household_net_saving,PT,-11.08
2015,HUN,Hongrie,household_net_saving,PT,7.96
2015,IRL,Irlande,household_net_saving,PT,8.19
2015,ITA,Italie,household_net_saving,PT,3.12
2015,LVA,Lettonie,household_net_saving,PT,-1.12
2015,LTU,Lituanie,household_net_saving,PT,-5.16
2015,LUX,Luxembourg,household_net_saving,PT,7.39
2015,NLD,Pays-Bas,household_net_saving,PT,7.26
2015,NOR,Norvège,household_net_saving,PT,9.77
2015,POL,Pologne,household_net_saving,PT,4.09
2015,PRT,Portugal,household_net_saving,PT,0.31
2015,SVK,République slovaque,household_net_saving,PT,3.16
2015,ESP,Espagne,household_net_saving,PT,4.34
2015,SWE,Suède,household_net_saving,PT,11.05
2015,CHE,Suisse,household_net_saving,PT,17.79
2015,GBR,Royaume-Uni,household_net_saving,PT,5.25
2016,AUT,Autriche,household_net_saving,PT,8.09
2016,BEL,Belgique,household_net_saving,PT,4.89
2016,DNK,Danemark,household_net_saving,PT,2.65
2016,EST,Estonie,household_net_saving,PT,3.07
2016,FIN,Finlande,household_net_saving,PT,0.3
2016,FRA,France,household_net_saving,PT,8.32
2016,DEU,Allemagne,household_net_saving,PT,10.02
2016,GRC,Grèce,household_net_saving,PT,-11.44
2016,HUN,Hongrie,household_net_saving,PT,7.82
2016,IRL,Irlande,household_net_saving,PT,7.84
2016,ITA,Italie,household_net_saving,PT,3.3
2016,LVA,Lettonie,household_net_saving,PT,0.01
2016,LTU,Lituanie,household_net_saving,PT,-2.02
2016,LUX,Luxembourg,household_net_saving,PT,5.96
2016,NLD,Pays-Bas,household_net_saving,PT,8.57
2016,NOR,Norvège,household_net_saving,PT,6.9
2016,POL,Pologne,household_net_saving,PT,5.66
2016,PRT,Portugal,household_net_saving,PT,-0.05
2016,SVK,République slovaque,household_net_saving,PT,3.33
2016,ESP,Espagne,household_net_saving,PT,4.08
2016,SWE,Suède,household_net_saving,PT,12.35
2016,CHE,Suisse,household_net_saving,PT,17.27
2016,GBR,Royaume-Uni,household_net_saving,PT,1.76
2017,AUT,Autriche,household_net_saving,PT,7.11
2017,BEL,Belgique,household_net_saving,PT,4.41
2017,DNK,Danemark,household_net_saving,PT,3.6
2017,EST,Estonie,household_net_saving,PT,3.75
2017,FIN,Finlande,household_net_saving,PT,0.96
2017,FRA,France,household_net_saving,PT,8.49
2017,DEU,Allemagne,household_net_saving,PT,10.43
2017,GRC,Grèce,household_net_saving,PT,-13.23
2017,HUN,Hongrie,household_net_saving,PT,8.4
2017,IRL,Irlande,household_net_saving,PT,10.33
2017,ITA,Italie,household_net_saving,PT,3.02
2017,LVA,Lettonie,household_net_saving,PT,1.1
2017,LTU,Lituanie,household_net_saving,PT,-8.25
2017,LUX,Luxembourg,household_net_saving,PT,7.41
2017,NLD,Pays-Bas,household_net_saving,PT,6.16
2017,NOR,Norvège,household_net_saving,PT,6.57
2017,POL,Pologne,household_net_saving,PT,3.26
2017,PRT,Portugal,household_net_saving,PT,-1.21
2017,SVK,République slovaque,household_net_saving,PT,0.93
2017,ESP,Espagne,household_net_saving,PT,2.66
2017,SWE,Suède,household_net_saving,PT,11.37
2017,CHE,Suisse,household_net_saving,PT,16.36
2017,GBR,Royaume-Uni,household_net_saving,PT,0.22
2018,AUT,Autriche,household_net_saving,PT,7.74
2018,BEL,Belgique,household_net_saving,PT,4.21
2018,DNK,Danemark,household_net_saving,PT,3.59
2018,EST,Estonie,household_net_saving,PT,7.0
2018,FIN,Finlande,household_net_saving,PT,1.55
2018,FRA,France,household_net_saving,PT,8.25
2018,DEU,Allemagne,household_net_saving,PT,10.98
2018,GRC,Grèce,household_net_saving,PT,-15.88
2018,HUN,Hongrie,household_net_saving,PT,11.0
2018,IRL,Irlande,household_net_saving,PT,7.98
2018,ITA,Italie,household_net_saving,PT,2.74
2018,LVA,Lettonie,household_net_saving,PT,2.29
2018,LTU,Lituanie,household_net_saving,PT,-6.77
2018,LUX,Luxembourg,household_net_saving,PT,6.28
2018,NLD,Pays-Bas,household_net_saving,PT,6.82
2018,NOR,Norvège,household_net_saving,PT,5.93
2018,POL,Pologne,household_net_saving,PT,2.89
2018,PRT,Portugal,household_net_saving,PT,-1.08
2018,SVK,République slovaque,household_net_saving,PT,4.24
2018,ESP,Espagne,household_net_saving,PT,2.48
2018,SWE,Suède,household_net_saving,PT,12.51
2018,CHE,Suisse,household_net_saving,PT,15.86
2018,GBR,Royaume-Uni,household_net_saving,PT,0.04
2019,AUT,Autriche,household_net_saving,PT,7.21
2019,BEL,Belgique,household_net_saving,PT,5.57
2019,DNK,Danemark,household_net_saving,PT,1.76
2019,EST,Estonie,household_net_saving,PT,6.12
2019,FIN,Finlande,household_net_saving,PT,3.29
2019,FRA,France,household_net_saving,PT,8.88
2019,DEU,Allemagne,household_net_saving,PT,10.49
2019,GRC,Grèce,household_net_saving,PT,-10.0
2019,HUN,Hongrie,household_net_saving,PT,11.97
2019,IRL,Irlande,household_net_saving,PT,9.48
2019,ITA,Italie,household_net_saving,PT,2.54
2019,LVA,Lettonie,household_net_saving,PT,4.15
2019,LTU,Lituanie,household_net_saving,PT,-2.18
2019,LUX,Luxembourg,household_net_saving,PT,8.77
2019,NLD,Pays-Bas,household_net_saving,PT,9.22
2019,NOR,Norvège,household_net_saving,PT,7.06
2019,POL,Pologne,household_net_saving,PT,4.22
2019,PRT,Portugal,household_net_saving,PT,-1.15
2019,SVK,République slovaque,household_net_saving,PT,3.58
2019,ESP,Espagne,household_net_saving,PT,5.11
2019,SWE,Suède,household_net_saving,PT,14.52
2019,CHE,Suisse,household_net_saving,PT,17.31
2019,GBR,Royaume-Uni,household_net_saving,PT,0.43
2020,AUT,Autriche,household_net_saving,PT,13.55
2020,BEL,Belgique,household_net_saving,PT,12.95
2020,DNK,Danemark,household_net_saving,PT,2.97
2020,EST,Estonie,household_net_saving,PT,9.2
2020,FIN,Finlande,household_net_saving,PT,6.78
2020,FRA,France,household_net_saving,PT,14.84
2020,DEU,Allemagne,household_net_saving,PT,16.03
2020,GRC,Grèce,household_net_saving,PT,-6.9
2020,HUN,Hongrie,household_net_saving,PT,11.96
2020,IRL,Irlande,household_net_saving,PT,22.2
2020,ITA,Italie,household_net_saving,PT,10.31
2020,LVA,Lettonie,household_net_saving,PT,9.66
2020,LTU,Lituanie,household_net_saving,PT,8.26
2020,LUX,Luxembourg,household_net_saving,PT,20.82
2020,NLD,Pays-Bas,household_net_saving,PT,15.59
2020,NOR,Norvège,household_net_saving,PT,12.88
2020,POL,Pologne,household_net_saving,PT,11.06
2020,PRT,Portugal,household_net_saving,PT,3.65
2020,SVK,République slovaque,household_net_saving,PT,5.39
2020,ESP,Espagne,household_net_saving,PT,14.31
2020,SWE,Suède,household_net_saving,PT,15.01
2020,CHE,Suisse,household_net_saving,PT,22.04
2020,GBR,Royaume-Uni,household_net_saving,PT,11.64
2021,AUT,Autriche,household_net_saving,PT,11.35
2021,BEL,Belgique,household_net_saving,PT,10.22
2021,DNK,Danemark,household_net_saving,PT,0.46
2021,EST,Estonie,household_net_saving,PT,4.33
2021,FIN,Finlande,household_net_saving,PT,4.58
2021,FRA,France,household_net_saving,PT,13.25
2021,DEU,Allemagne,household_net_saving,PT,14.21
2021,GRC,Grèce,household_net_saving,PT,-2.22
2021,HUN,Hongrie,household_net_saving,PT,13.89
2021,IRL,Irlande,household_net_saving,PT,17.5
2021,ITA,Italie,household_net_saving,PT,8.12
2021,LVA,Lettonie,household_net_saving,PT,5.86
2021,LTU,Lituanie,household_net_saving,PT,6.77
2021,LUX,Luxembourg,household_net_saving,PT,12.0
2021,NLD,Pays-Bas,household_net_saving,PT,12.25
2021,NOR,Norvège,household_net_saving,PT,12.75
2021,POL,Pologne,household_net_saving,PT,3.1
2021,PRT,Portugal,household_net_saving,PT,2.24
2021,SVK,République slovaque,household_net_saving,PT,4.71
2021,ESP,Espagne,household_net_saving,PT,10.8
2021,SWE,Suède,household_net_saving,PT,14.99
2021,CHE,Suisse,household_net_saving,PT,21.44
2021,GBR,Royaume-Uni,household_net_saving,PT,7.43
2022,AUT,Autriche,household_net_saving,PT,9.06
2022,BEL,Belgique,household_net_saving,PT,6.37
2022,DNK,Danemark,household_net_saving,PT,5.38
2022,EST,Estonie,household_net_saving,PT,-2.48
2022,FIN,Finlande,household_net_saving,PT,1.47
2022,FRA,France,household_net_saving,PT,10.7
2022,GRC,Grèce,household_net_saving,PT,-12.2
2022,HUN,Hongrie,household_net_saving,PT,10.95
2022,IRL,Irlande,household_net_saving,PT,10.02
2022,ITA,Italie,household_net_saving,PT,3.16
2022,LVA,Lettonie,household_net_saving,PT,-1.18
2022,LTU,Lituanie,household_net_saving,PT,0.92
2022,LUX,Luxembourg,household_net_saving,PT,6.41
2022,NLD,Pays-Bas,household_net_saving,PT,7.2
2022,NOR,Norvège,household_net_saving,PT,4.19
2022,POL,Pologne,household_net_saving,PT,-0.99
2022,PRT,Portugal,household_net_saving,PT,-2.03
2022,SVK,République slovaque,household_net_saving,PT,-1.64
2022,ESP,Espagne,household_net_saving,PT,4.99
2022,SWE,Suède,household_net_saving,PT,13.08
2022,GBR,Royaume-Uni,household_net_saving,PT,-0.43
2023,AUT,Autriche,household_net_saving,PT,8.63
2023,BEL,Belgique,household_net_saving,PT,7.8
2023,DNK,Danemark,household_net_saving,PT,9.07
2023,EST,Estonie,household_net_saving,PT,-0.77
2023,FIN,Finlande,household_net_saving,PT,2.1
2023,HUN,Hongrie,household_net_saving,PT,15.75
2023,IRL,Irlande,household_net_saving,PT,6.87
2023,ITA,Italie,household_net_saving,PT,3.32
2023,LVA,Lettonie,household_net_saving,PT,-3.77
2023,LTU,Lituanie,household_net_saving,PT,1.77
2023,LUX,Luxembourg,household_net_saving,PT,5.72
2023,NLD,Pays-Bas,household_net_saving,PT,7.77
2023,POL,Pologne,household_net_saving,PT,2.86
2023,PRT,Portugal,household_net_saving,PT,0.44
2023,SVK,République slovaque,household_net_saving,PT,1.17
2023,ESP,Espagne,household_net_saving,PT,7.98
2023,SWE,Suède,household_net_saving,PT,14.32
2023,GBR,Royaume-Uni,household_net_saving,PT,0.63
2024,AUT,Autriche,household_net_saving,PT,11.66
2024,DNK,Danemark,household_net_saving,PT,8.46
2024,EST,Estonie,household_net_saving,PT,3.03
2024,FIN,Finlande,household_net_saving,PT,4.34
2024,IRL,Irlande,household_net_saving,PT,8.97
2024,ITA,Italie,household_net_saving,PT,4.21
2024,LVA,Lettonie,household_net_saving,PT,0.02
2024,LTU,Lituanie,household_net_saving,PT,3.83
2024,LUX,Luxembourg,household_net_saving,PT,5.0
2024,POL,Pologne,household_net_saving,PT,6.06
2024,SVK,République slovaque,household_net_saving,PT,1.96
2024,ESP,Espagne,household_net_saving,PT,9.22
2024,SWE,Suède,household_net_saving,PT,15.77
2024,GBR,Royaume-Uni,household_net_saving,PT,4.74
2022,DEU,Allemagne,household_net_saving,PT,10.26
2022,CHE,Suisse,household_net_saving,PT,17.87
2023,FRA,France,household_net_saving,PT,11.2
2023,DEU,Allemagne,household_net_saving,PT,10.4
2023,GRC,Grèce,household_net_saving,PT,-9.22
2023,CHE,Suisse,household_net_saving,PT,17.48
2024,BEL,Belgique,household_net_saving,PT,6.59
2024,FRA,France,household_net_saving,PT,12.8
2024,DEU,Allemagne,household_net_saving,PT,11.25
2024,GRC,Grèce,household_net_saving,PT,-9.3
2024,HUN,Hongrie,household_net_saving,PT,14.28
2024,NLD,Pays-Bas,household_net_saving,PT,9.55
2024,PRT,Portugal,household_net_saving,PT,4.58
2009,BEL,Belgique,household_net_saving,PT,12.43
2000,AUT,Autriche,household_debt,PT,75.57
2000,BEL,Belgique,household_debt,PT,71.45
2000,DNK,Danemark,household_debt,PT,196.16
2000,EST,Estonie,household_debt,PT,20.14
2000,FIN,Finlande,household_debt,PT,67.59
2000,FRA,France,household_debt,PT,77.9
2000,DEU,Allemagne,household_debt,PT,116.7
2000,GRC,Grèce,household_debt,PT,33.96
2000,HUN,Hongrie,household_debt,PT,20.54
2000,IRL,Irlande,household_debt,PT,91.1
2000,ITA,Italie,household_debt,PT,52.3
2000,LVA,Lettonie,household_debt,PT,11.67
2000,LTU,Lituanie,household_debt,PT,3.31
2000,LUX,Luxembourg,household_debt,PT,90.61
2000,NLD,Pays-Bas,household_debt,PT,203.44
2000,NOR,Norvège,household_debt,PT,133.02
2000,POL,Pologne,household_debt,PT,11.71
2000,PRT,Portugal,household_debt,PT,93.66
2000,SVK,République slovaque,household_debt,PT,39.4
2000,SVN,Slovénie,household_debt,PT,35.48
2000,ESP,Espagne,household_debt,PT,84.05
2000,SWE,Suède,household_debt,PT,109.54
2000,CHE,Suisse,household_debt,PT,170.42
2000,GBR,Royaume-Uni,household_debt,PT,112.74
2001,AUT,Autriche,household_debt,PT,77.75
2001,BEL,Belgique,household_debt,PT,67.22
2001,DNK,Danemark,household_debt,PT,202.63
2001,EST,Estonie,household_debt,PT,24.19
2001,FIN,Finlande,household_debt,PT,69.72
2001,FRA,France,household_debt,PT,78.74
2001,DEU,Allemagne,household_debt,PT,113.25
2001,GRC,Grèce,household_debt,PT,41.5
2001,HUN,Hongrie,household_debt,PT,23.7
2001,IRL,Irlande,household_debt,PT,110.02
2001,ITA,Italie,household_debt,PT,54.6
2001,LVA,Lettonie,household_debt,PT,13.15
2001,LTU,Lituanie,household_debt,PT,3.84
2001,LUX,Luxembourg,household_debt,PT,89.69
2001,NLD,Pays-Bas,household_debt,PT,199.76
2001,NOR,Norvège,household_debt,PT,145.92
2001,POL,Pologne,household_debt,PT,17.56
2001,PRT,Portugal,household_debt,PT,102.54
2001,SVK,République slovaque,household_debt,PT,38.95
2001,SVN,Slovénie,household_debt,PT,35.16
2001,ESP,Espagne,household_debt,PT,86.51
2001,SWE,Suède,household_debt,PT,121.47
2001,CHE,Suisse,household_debt,PT,166.85
2001,GBR,Royaume-Uni,household_debt,PT,119.62
2002,AUT,Autriche,household_debt,PT,80.09
2002,BEL,Belgique,household_debt,PT,68.93
2002,DNK,Danemark,household_debt,PT,210.85
2002,EST,Estonie,household_debt,PT,32.97
2002,FIN,Finlande,household_debt,PT,74.26
2002,FRA,France,household_debt,PT,81.76
2002,DEU,Allemagne,household_debt,PT,113.46
2002,GRC,Grèce,household_debt,PT,47.1
2002,HUN,Hongrie,household_debt,PT,30.59
2002,IRL,Irlande,household_debt,PT,125.44
2002,ITA,Italie,household_debt,PT,57.31
2002,LVA,Lettonie,household_debt,PT,17.96
2002,LTU,Lituanie,household_debt,PT,6.04
2002,LUX,Luxembourg,household_debt,PT,87.57
2002,NLD,Pays-Bas,household_debt,PT,209.6
2002,NOR,Norvège,household_debt,PT,145.41
2002,POL,Pologne,household_debt,PT,22.2
2002,PRT,Portugal,household_debt,PT,111.19
2002,SVK,République slovaque,household_debt,PT,40.65
2002,SVN,Slovénie,household_debt,PT,35.44
2002,ESP,Espagne,household_debt,PT,93.8
2002,SWE,Suède,household_debt,PT,122.22
2002,CHE,Suisse,household_debt,PT,174.8
2002,GBR,Royaume-Uni,household_debt,PT,131.57
2003,AUT,Autriche,household_debt,PT,79.67
2003,BEL,Belgique,household_debt,PT,70.99
2003,DNK,Danemark,household_debt,PT,221.99
2003,EST,Estonie,household_debt,PT,41.89
2003,FIN,Finlande,household_debt,PT,78.5
2003,FRA,France,household_debt,PT,85.17
2003,DEU,Allemagne,household_debt,PT,111.44
2003,GRC,Grèce,household_debt,PT,51.15
2003,HUN,Hongrie,household_debt,PT,39.16
2003,IRL,Irlande,household_debt,PT,145.31
2003,ITA,Italie,household_debt,PT,60.37
2003,LVA,Lettonie,household_debt,PT,40.34
2003,LTU,Lituanie,household_debt,PT,16.31
2003,LUX,Luxembourg,household_debt,PT,97.2
2003,NLD,Pays-Bas,household_debt,PT,226.77
2003,NOR,Norvège,household_debt,PT,149.15
2003,POL,Pologne,household_debt,PT,19.68
2003,PRT,Portugal,household_debt,PT,116.41
2003,SVK,République slovaque,household_debt,PT,41.88
2003,SVN,Slovénie,household_debt,PT,37.19
2003,ESP,Espagne,household_debt,PT,101.73
2003,SWE,Suède,household_debt,PT,128.77
2003,CHE,Suisse,household_debt,PT,183.95
2003,GBR,Royaume-Uni,household_debt,PT,144.77
2004,AUT,Autriche,household_debt,PT,82.16
2004,BEL,Belgique,household_debt,PT,75.29
2004,DNK,Danemark,household_debt,PT,231.48
2004,EST,Estonie,household_debt,PT,52.28
2004,FIN,Finlande,household_debt,PT,86.54
2004,FRA,France,household_debt,PT,85.39
2004,DEU,Allemagne,household_debt,PT,109.7
2004,GRC,Grèce,household_debt,PT,58.57
2004,HUN,Hongrie,household_debt,PT,43.77
2004,IRL,Irlande,household_debt,PT,167.88
2004,ITA,Italie,household_debt,PT,64.1
2004,LVA,Lettonie,household_debt,PT,34.02
2004,LTU,Lituanie,household_debt,PT,16.35
2004,LUX,Luxembourg,household_debt,PT,103.55
2004,NLD,Pays-Bas,household_debt,PT,237.95
2004,NOR,Norvège,household_debt,PT,158.93
2004,POL,Pologne,household_debt,PT,20.63
2004,PRT,Portugal,household_debt,PT,124.85
2004,SVK,République slovaque,household_debt,PT,35.31
2004,SVN,Slovénie,household_debt,PT,37.91
2004,ESP,Espagne,household_debt,PT,113.35
2004,SWE,Suède,household_debt,PT,138.14
2004,CHE,Suisse,household_debt,PT,184.7
2004,GBR,Royaume-Uni,household_debt,PT,154.73
2005,AUT,Autriche,household_debt,PT,88.53
2005,BEL,Belgique,household_debt,PT,80.51
2005,DNK,Danemark,household_debt,PT,250.35
2005,EST,Estonie,household_debt,PT,68.76
2005,FIN,Finlande,household_debt,PT,96.88
2005,FRA,France,household_debt,PT,92.08
2005,DEU,Allemagne,household_debt,PT,107.2
2005,GRC,Grèce,household_debt,PT,71.24
2005,HUN,Hongrie,household_debt,PT,49.22
2005,IRL,Irlande,household_debt,PT,198.11
2005,ITA,Italie,household_debt,PT,69.23
2005,LVA,Lettonie,household_debt,PT,52.75
2005,LTU,Lituanie,household_debt,PT,30.18
2005,LUX,Luxembourg,household_debt,PT,114.04
2005,NLD,Pays-Bas,household_debt,PT,256.41
2005,NOR,Norvège,household_debt,PT,164.18
2005,POL,Pologne,household_debt,PT,23.94
2005,PRT,Portugal,household_debt,PT,130.1
2005,SVK,République slovaque,household_debt,PT,38.14
2005,SVN,Slovénie,household_debt,PT,42.06
2005,ESP,Espagne,household_debt,PT,125.68
2005,SWE,Suède,household_debt,PT,146.82
2005,CHE,Suisse,household_debt,PT,186.85
2005,GBR,Royaume-Uni,household_debt,PT,160.13
2006,AUT,Autriche,household_debt,PT,89.6
2006,BEL,Belgique,household_debt,PT,84.01
2006,DNK,Danemark,household_debt,PT,269.39
2006,EST,Estonie,household_debt,PT,89.13
2006,FIN,Finlande,household_debt,PT,107.04
2006,FRA,France,household_debt,PT,96.9
2006,DEU,Allemagne,household_debt,PT,104.68
2006,GRC,Grèce,household_debt,PT,77.88
2006,HUN,Hongrie,household_debt,PT,55.58
2006,IRL,Irlande,household_debt,PT,221.45
2006,ITA,Italie,household_debt,PT,74.09
2006,LVA,Lettonie,household_debt,PT,70.45
2006,LTU,Lituanie,household_debt,PT,41.99
2006,LUX,Luxembourg,household_debt,PT,121.15
2006,NLD,Pays-Bas,household_debt,PT,258.15
2006,NOR,Norvège,household_debt,PT,195.15
2006,POL,Pologne,household_debt,PT,29.98
2006,PRT,Portugal,household_debt,PT,137.78
2006,SVK,République slovaque,household_debt,PT,36.97
2006,SVN,Slovénie,household_debt,PT,46.6
2006,ESP,Espagne,household_debt,PT,140.48
2006,SWE,Suède,household_debt,PT,152.83
2006,CHE,Suisse,household_debt,PT,185.59
2006,GBR,Royaume-Uni,household_debt,PT,171.45
2007,AUT,Autriche,household_debt,PT,89.17
2007,BEL,Belgique,household_debt,PT,87.72
2007,DNK,Danemark,household_debt,PT,295.04
2007,EST,Estonie,household_debt,PT,102.48
2007,FIN,Finlande,household_debt,PT,111.93
2007,FRA,France,household_debt,PT,101.91
2007,DEU,Allemagne,household_debt,PT,101.54
2007,GRC,Grèce,household_debt,PT,86.48
2007,HUN,Hongrie,household_debt,PT,64.06
2007,IRL,Irlande,household_debt,PT,231.95
2007,ITA,Italie,household_debt,PT,78.33
2007,LVA,Lettonie,household_debt,PT,80.86
2007,LTU,Lituanie,household_debt,PT,56.45
2007,LUX,Luxembourg,household_debt,PT,141.26
2007,NLD,Pays-Bas,household_debt,PT,264.69
2007,NOR,Norvège,household_debt,PT,203.51
2007,POL,Pologne,household_debt,PT,37.99
2007,PRT,Portugal,household_debt,PT,143.03
2007,SVK,République slovaque,household_debt,PT,40.87
2007,SVN,Slovénie,household_debt,PT,54.18
2007,ESP,Espagne,household_debt,PT,147.31
2007,SWE,Suède,household_debt,PT,156.02
2007,CHE,Suisse,household_debt,PT,180.13
2007,GBR,Royaume-Uni,household_debt,PT,173.41
2008,AUT,Autriche,household_debt,PT,90.54
2008,BEL,Belgique,household_debt,PT,90.04
2008,DNK,Danemark,household_debt,PT,313.98
2008,EST,Estonie,household_debt,PT,97.77
2008,FIN,Finlande,household_debt,PT,114.52
2008,FRA,France,household_debt,PT,103.43
2008,DEU,Allemagne,household_debt,PT,98.54
2008,GRC,Grèce,household_debt,PT,88.66
2008,HUN,Hongrie,household_debt,PT,77.41
2008,IRL,Irlande,household_debt,PT,227.32
2008,ITA,Italie,household_debt,PT,80.0
2008,LVA,Lettonie,household_debt,PT,73.35
2008,LTU,Lituanie,household_debt,PT,56.38
2008,LUX,Luxembourg,household_debt,PT,144.25
2008,NLD,Pays-Bas,household_debt,PT,273.33
2008,NOR,Norvège,household_debt,PT,203.57
2008,POL,Pologne,household_debt,PT,49.85
2008,PRT,Portugal,household_debt,PT,142.23
2008,SVK,République slovaque,household_debt,PT,49.89
2008,SVN,Slovénie,household_debt,PT,55.84
2008,ESP,Espagne,household_debt,PT,144.67
2008,SWE,Suède,household_debt,PT,156.3
2008,CHE,Suisse,household_debt,PT,178.31
2008,GBR,Royaume-Uni,household_debt,PT,171.94
2009,AUT,Autriche,household_debt,PT,89.92
2009,BEL,Belgique,household_debt,PT,91.4
2009,DNK,Danemark,household_debt,PT,311.58
2009,EST,Estonie,household_debt,PT,103.56
2009,FIN,Finlande,household_debt,PT,114.9
2009,FRA,France,household_debt,PT,110.75
2009,DEU,Allemagne,household_debt,PT,98.98
2009,GRC,Grèce,household_debt,PT,89.89
2009,HUN,Hongrie,household_debt,PT,78.25
2009,IRL,Irlande,household_debt,PT,235.84
2009,ITA,Italie,household_debt,PT,84.77
2009,LVA,Lettonie,household_debt,PT,80.81
2009,LTU,Lituanie,household_debt,PT,56.46
2009,LUX,Luxembourg,household_debt,PT,146.96
2009,NLD,Pays-Bas,household_debt,PT,298.39
2009,NOR,Norvège,household_debt,PT,202.48
2009,POL,Pologne,household_debt,PT,51.47
2009,PRT,Portugal,household_debt,PT,145.06
2009,SVK,République slovaque,household_debt,PT,46.64
2009,SVN,Slovénie,household_debt,PT,59.25
2009,ESP,Espagne,household_debt,PT,144.07
2009,SWE,Suède,household_debt,PT,161.83
2009,CHE,Suisse,household_debt,PT,182.65
2009,GBR,Royaume-Uni,household_debt,PT,167.24
2010,AUT,Autriche,household_debt,PT,93.78
2010,BEL,Belgique,household_debt,PT,95.85
2010,DNK,Danemark,household_debt,PT,307.15
2010,EST,Estonie,household_debt,PT,103.26
2010,FIN,Finlande,household_debt,PT,116.04
2010,FRA,France,household_debt,PT,114.94
2010,DEU,Allemagne,household_debt,PT,97.21
2010,GRC,Grèce,household_debt,PT,110.16
2010,HUN,Hongrie,household_debt,PT,81.06
2010,IRL,Irlande,household_debt,PT,228.47
2010,ITA,Italie,household_debt,PT,88.61
2010,LVA,Lettonie,household_debt,PT,80.91
2010,LTU,Lituanie,household_debt,PT,55.32
2010,LUX,Luxembourg,household_debt,PT,153.24
2010,NLD,Pays-Bas,household_debt,PT,304.76
2010,NOR,Norvège,household_debt,PT,207.29
2010,POL,Pologne,household_debt,PT,54.91
2010,PRT,Portugal,household_debt,PT,144.73
2010,SVK,République slovaque,household_debt,PT,47.45
2010,SVN,Slovénie,household_debt,PT,61.92
2010,ESP,Espagne,household_debt,PT,143.96
2010,SWE,Suède,household_debt,PT,167.22
2010,CHE,Suisse,household_debt,PT,186.18
2010,GBR,Royaume-Uni,household_debt,PT,163.73
2011,AUT,Autriche,household_debt,PT,94.5
2011,BEL,Belgique,household_debt,PT,100.91
2011,DNK,Danemark,household_debt,PT,293.81
2011,EST,Estonie,household_debt,PT,92.69
2011,FIN,Finlande,household_debt,PT,119.08
2011,FRA,France,household_debt,PT,116.35
2011,DEU,Allemagne,household_debt,PT,95.33
2011,GRC,Grèce,household_debt,PT,116.76
2011,HUN,Hongrie,household_debt,PT,75.04
2011,IRL,Irlande,household_debt,PT,226.12
2011,ITA,Italie,household_debt,PT,88.15
2011,LVA,Lettonie,household_debt,PT,75.4
2011,LTU,Lituanie,household_debt,PT,50.51
2011,LUX,Luxembourg,household_debt,PT,156.24
2011,NLD,Pays-Bas,household_debt,PT,298.22
2011,NOR,Norvège,household_debt,PT,211.13
2011,POL,Pologne,household_debt,PT,58.21
2011,PRT,Portugal,household_debt,PT,150.09
2011,SVK,République slovaque,household_debt,PT,51.35
2011,SVN,Slovénie,household_debt,PT,60.57
2011,ESP,Espagne,household_debt,PT,138.36
2011,SWE,Suède,household_debt,PT,166.46
2011,CHE,Suisse,household_debt,PT,192.61
2011,GBR,Royaume-Uni,household_debt,PT,162.18
2012,AUT,Autriche,household_debt,PT,91.76
2012,BEL,Belgique,household_debt,PT,101.42
2012,DNK,Danemark,household_debt,PT,289.79
2012,EST,Estonie,household_debt,PT,88.3
2012,FIN,Finlande,household_debt,PT,120.8
2012,FRA,France,household_debt,PT,112.74
2012,DEU,Allemagne,household_debt,PT,94.37
2012,GRC,Grèce,household_debt,PT,130.6
2012,HUN,Hongrie,household_debt,PT,64.65
2012,IRL,Irlande,household_debt,PT,209.06
2012,ITA,Italie,household_debt,PT,90.35
2012,LVA,Lettonie,household_debt,PT,64.27
2012,LTU,Lituanie,household_debt,PT,50.41
2012,LUX,Luxembourg,household_debt,PT,160.89
2012,NLD,Pays-Bas,household_debt,PT,299.24
2012,NOR,Norvège,household_debt,PT,215.17
2012,POL,Pologne,household_debt,PT,56.22
2012,PRT,Portugal,household_debt,PT,148.22
2012,SVK,République slovaque,household_debt,PT,57.86
2012,SVN,Slovénie,household_debt,PT,62.24
2012,ESP,Espagne,household_debt,PT,139.39
2012,SWE,Suède,household_debt,PT,164.4
2012,CHE,Suisse,household_debt,PT,196.64
2012,GBR,Royaume-Uni,household_debt,PT,157.94
2013,AUT,Autriche,household_debt,PT,93.1
2013,BEL,Belgique,household_debt,PT,103.47
2013,DNK,Danemark,household_debt,PT,293.87
2013,EST,Estonie,household_debt,PT,81.67
2013,FIN,Finlande,household_debt,PT,121.98
2013,FRA,France,household_debt,PT,115.2
2013,DEU,Allemagne,household_debt,PT,93.87
2013,GRC,Grèce,household_debt,PT,130.85
2013,HUN,Hongrie,household_debt,PT,59.08
2013,IRL,Irlande,household_debt,PT,218.54
2013,ITA,Italie,household_debt,PT,89.01
2013,LVA,Lettonie,household_debt,PT,58.57
2013,LTU,Lituanie,household_debt,PT,47.08
2013,LUX,Luxembourg,household_debt,PT,157.36
2013,NLD,Pays-Bas,household_debt,PT,295.2
2013,NOR,Norvège,household_debt,PT,217.05
2013,POL,Pologne,household_debt,PT,58.11
2013,PRT,Portugal,household_debt,PT,144.42
2013,SVK,République slovaque,household_debt,PT,61.77
2013,SVN,Slovénie,household_debt,PT,60.57
2013,ESP,Espagne,household_debt,PT,131.69
2013,SWE,Suède,household_debt,PT,166.96
2013,CHE,Suisse,household_debt,PT,201.16
2013,GBR,Royaume-Uni,household_debt,PT,154.31
2014,AUT,Autriche,household_debt,PT,92.62
2014,BEL,Belgique,household_debt,PT,107.74
2014,DNK,Danemark,household_debt,PT,294.07
2014,EST,Estonie,household_debt,PT,80.88
2014,FIN,Finlande,household_debt,PT,121.69
2014,FRA,France,household_debt,PT,116.19
2014,DEU,Allemagne,household_debt,PT,92.72
2014,GRC,Grèce,household_debt,PT,125.05
2014,HUN,Hongrie,household_debt,PT,56.38
2014,IRL,Irlande,household_debt,PT,201.66
2014,ITA,Italie,household_debt,PT,87.88
2014,LVA,Lettonie,household_debt,PT,53.16
2014,LTU,Lituanie,household_debt,PT,47.76
2014,LUX,Luxembourg,household_debt,PT,164.82
2014,NLD,Pays-Bas,household_debt,PT,279.79
2014,NOR,Norvège,household_debt,PT,220.81
2014,POL,Pologne,household_debt,PT,57.91
2014,PRT,Portugal,household_debt,PT,141.16
2014,SVK,République slovaque,household_debt,PT,66.24
2014,SVN,Slovénie,household_debt,PT,59.71
2014,ESP,Espagne,household_debt,PT,125.6
2014,SWE,Suède,household_debt,PT,170.49
2014,CHE,Suisse,household_debt,PT,206.66
2014,GBR,Royaume-Uni,household_debt,PT,153.53
2015,AUT,Autriche,household_debt,PT,93.44
2015,BEL,Belgique,household_debt,PT,110.54
2015,DNK,Danemark,household_debt,PT,276.76
2015,EST,Estonie,household_debt,PT,79.29
2015,FIN,Finlande,household_debt,PT,124.92
2015,FRA,France,household_debt,PT,118.76
2015,DEU,Allemagne,household_debt,PT,91.93
2015,GRC,Grèce,household_debt,PT,117.35
2015,HUN,Hongrie,household_debt,PT,48.77
2015,IRL,Irlande,household_debt,PT,179.46
2015,ITA,Italie,household_debt,PT,86.79
2015,LVA,Lettonie,household_debt,PT,52.45
2015,LTU,Lituanie,household_debt,PT,56.72
2015,LUX,Luxembourg,household_debt,PT,170.89
2015,NLD,Pays-Bas,household_debt,PT,275.91
2015,NOR,Norvège,household_debt,PT,217.6
2015,POL,Pologne,household_debt,PT,59.7
2015,PRT,Portugal,household_debt,PT,134.3
2015,SVK,République slovaque,household_debt,PT,69.09
2015,SVN,Slovénie,household_debt,PT,58.58
2015,ESP,Espagne,household_debt,PT,115.96
2015,SWE,Suède,household_debt,PT,176.45
2015,CHE,Suisse,household_debt,PT,211.31
2015,GBR,Royaume-Uni,household_debt,PT,148.9
2016,AUT,Autriche,household_debt,PT,92.44
2016,BEL,Belgique,household_debt,PT,112.1
2016,DNK,Danemark,household_debt,PT,270.37
2016,EST,Estonie,household_debt,PT,80.1
2016,FIN,Finlande,household_debt,PT,131.7
2016,FRA,France,household_debt,PT,120.24
2016,DEU,Allemagne,household_debt,PT,91.91
2016,GRC,Grèce,household_debt,PT,116.97
2016,HUN,Hongrie,household_debt,PT,45.93
2016,IRL,Irlande,household_debt,PT,161.02
2016,ITA,Italie,household_debt,PT,86.76
2016,LVA,Lettonie,household_debt,PT,47.46
2016,LTU,Lituanie,household_debt,PT,52.42
2016,LUX,Luxembourg,household_debt,PT,177.36
2016,NLD,Pays-Bas,household_debt,PT,270.55
2016,NOR,Norvège,household_debt,PT,227.03
2016,POL,Pologne,household_debt,PT,59.96
2016,PRT,Portugal,household_debt,PT,127.95
2016,SVK,République slovaque,household_debt,PT,74.62
2016,SVN,Slovénie,household_debt,PT,57.84
2016,ESP,Espagne,household_debt,PT,111.3
2016,SWE,Suède,household_debt,PT,182.26
2016,CHE,Suisse,household_debt,PT,214.35
2016,GBR,Royaume-Uni,household_debt,PT,151.69
2017,AUT,Autriche,household_debt,PT,91.45
2017,BEL,Belgique,household_debt,PT,112.93
2017,DNK,Danemark,household_debt,PT,265.17
2017,EST,Estonie,household_debt,PT,80.18
2017,FIN,Finlande,household_debt,PT,137.65
2017,FRA,France,household_debt,PT,123.49
2017,DEU,Allemagne,household_debt,PT,91.89
2017,GRC,Grèce,household_debt,PT,112.17
2017,HUN,Hongrie,household_debt,PT,42.31
2017,IRL,Irlande,household_debt,PT,167.83
2017,ITA,Italie,household_debt,PT,86.17
2017,LVA,Lettonie,household_debt,PT,45.09
2017,LTU,Lituanie,household_debt,PT,58.72
2017,LUX,Luxembourg,household_debt,PT,177.22
2017,NLD,Pays-Bas,household_debt,PT,269.36
2017,NOR,Norvège,household_debt,PT,231.78
2017,POL,Pologne,household_debt,PT,58.07
2017,PRT,Portugal,household_debt,PT,125.83
2017,SVK,République slovaque,household_debt,PT,75.13
2017,SVN,Slovénie,household_debt,PT,57.8
2017,ESP,Espagne,household_debt,PT,107.47
2017,SWE,Suède,household_debt,PT,186.68
2017,CHE,Suisse,household_debt,PT,220.22
2017,GBR,Royaume-Uni,household_debt,PT,152.14
2018,AUT,Autriche,household_debt,PT,90.96
2018,BEL,Belgique,household_debt,PT,113.14
2018,DNK,Danemark,household_debt,PT,256.93
2018,EST,Estonie,household_debt,PT,75.81
2018,FIN,Finlande,household_debt,PT,144.43
2018,FRA,France,household_debt,PT,125.55
2018,DEU,Allemagne,household_debt,PT,89.83
2018,GRC,Grèce,household_debt,PT,113.93
2018,HUN,Hongrie,household_debt,PT,39.47
2018,IRL,Irlande,household_debt,PT,155.23
2018,ITA,Italie,household_debt,PT,86.26
2018,LVA,Lettonie,household_debt,PT,41.76
2018,LTU,Lituanie,household_debt,PT,59.13
2018,LUX,Luxembourg,household_debt,PT,184.4
2018,NLD,Pays-Bas,household_debt,PT,261.03
2018,NOR,Norvège,household_debt,PT,237.13
2018,POL,Pologne,household_debt,PT,58.66
2018,PRT,Portugal,household_debt,PT,120.97
2018,SVK,République slovaque,household_debt,PT,78.36
2018,SVN,Slovénie,household_debt,PT,57.48
2018,ESP,Espagne,household_debt,PT,104.51
2018,SWE,Suède,household_debt,PT,188.78
2018,CHE,Suisse,household_debt,PT,222.8
2018,GBR,Royaume-Uni,household_debt,PT,149.17
2019,AUT,Autriche,household_debt,PT,92.14
2019,BEL,Belgique,household_debt,PT,114.93
2019,DNK,Danemark,household_debt,PT,257.01
2019,EST,Estonie,household_debt,PT,76.37
2019,FIN,Finlande,household_debt,PT,147.21
2019,FRA,France,household_debt,PT,126.05
2019,DEU,Allemagne,household_debt,PT,91.93
2019,GRC,Grèce,household_debt,PT,101.59
2019,HUN,Hongrie,household_debt,PT,39.97
2019,IRL,Irlande,household_debt,PT,120.37
2019,ITA,Italie,household_debt,PT,87.76
2019,LVA,Lettonie,household_debt,PT,40.68
2019,LTU,Lituanie,household_debt,PT,58.96
2019,LUX,Luxembourg,household_debt,PT,185.19
2019,NLD,Pays-Bas,household_debt,PT,253.9
2019,NOR,Norvège,household_debt,PT,238.44
2019,POL,Pologne,household_debt,PT,58.04
2019,PRT,Portugal,household_debt,PT,122.37
2019,SVK,République slovaque,household_debt,PT,79.16
2019,SVN,Slovénie,household_debt,PT,56.01
2019,ESP,Espagne,household_debt,PT,99.48
2019,SWE,Suède,household_debt,PT,189.51
2019,CHE,Suisse,household_debt,PT,223.96
2019,GBR,Royaume-Uni,household_debt,PT,146.28
2020,AUT,Autriche,household_debt,PT,94.55
2020,BEL,Belgique,household_debt,PT,117.22
2020,DNK,Danemark,household_debt,PT,263.3
2020,EST,Estonie,household_debt,PT,78.2
2020,FIN,Finlande,household_debt,PT,155.81
2020,FRA,France,household_debt,PT,130.72
2020,DEU,Allemagne,household_debt,PT,95.45
2020,GRC,Grèce,household_debt,PT,104.37
2020,HUN,Hongrie,household_debt,PT,43.79
2020,IRL,Irlande,household_debt,PT,114.36
2020,ITA,Italie,household_debt,PT,90.37
2020,LVA,Lettonie,household_debt,PT,40.17
2020,LTU,Lituanie,household_debt,PT,56.61
2020,LUX,Luxembourg,household_debt,PT,182.11
2020,NLD,Pays-Bas,household_debt,PT,249.9
2020,NOR,Norvège,household_debt,PT,244.53
2020,POL,Pologne,household_debt,PT,55.35
2020,PRT,Portugal,household_debt,PT,127.86
2020,SVK,République slovaque,household_debt,PT,81.9
2020,SVN,Slovénie,household_debt,PT,53.54
2020,ESP,Espagne,household_debt,PT,100.96
2020,SWE,Suède,household_debt,PT,200.33
2020,CHE,Suisse,household_debt,PT,223.91
2020,GBR,Royaume-Uni,household_debt,PT,151.02
2021,AUT,Autriche,household_debt,PT,94.63
2021,BEL,Belgique,household_debt,PT,117.56
2021,DNK,Danemark,household_debt,PT,255.29
2021,EST,Estonie,household_debt,PT,77.81
2021,FIN,Finlande,household_debt,PT,157.85
2021,FRA,France,household_debt,PT,130.63
2021,DEU,Allemagne,household_debt,PT,97.5
2021,GRC,Grèce,household_debt,PT,97.64
2021,HUN,Hongrie,household_debt,PT,44.03
2021,IRL,Irlande,household_debt,PT,109.47
2021,ITA,Italie,household_debt,PT,89.32
2021,LVA,Lettonie,household_debt,PT,41.21
2021,LTU,Lituanie,household_debt,PT,50.94
2021,LUX,Luxembourg,household_debt,PT,194.21
2021,NLD,Pays-Bas,household_debt,PT,244.6
2021,NOR,Norvège,household_debt,PT,243.1
2021,POL,Pologne,household_debt,PT,56.58
2021,PRT,Portugal,household_debt,PT,126.7
2021,SVK,République slovaque,household_debt,PT,83.33
2021,SVN,Slovénie,household_debt,PT,52.93
2021,ESP,Espagne,household_debt,PT,97.43
2021,SWE,Suède,household_debt,PT,200.55
2021,CHE,Suisse,household_debt,PT,231.0
2021,GBR,Royaume-Uni,household_debt,PT,146.53
2022,AUT,Autriche,household_debt,PT,88.3
2022,BEL,Belgique,household_debt,PT,112.59
2022,DNK,Danemark,household_debt,PT,211.67
2022,EST,Estonie,household_debt,PT,76.62
2022,FIN,Finlande,household_debt,PT,155.53
2022,FRA,France,household_debt,PT,129.81
2022,DEU,Allemagne,household_debt,PT,93.38
2022,GRC,Grèce,household_debt,PT,85.62
2022,HUN,Hongrie,household_debt,PT,39.55
2022,IRL,Irlande,household_debt,PT,108.8
2022,ITA,Italie,household_debt,PT,86.15
2022,LVA,Lettonie,household_debt,PT,39.0
2022,LTU,Lituanie,household_debt,PT,46.0
2022,LUX,Luxembourg,household_debt,PT,197.36
2022,NLD,Pays-Bas,household_debt,PT,235.49
2022,NOR,Norvège,household_debt,PT,246.83
2022,POL,Pologne,household_debt,PT,46.96
2022,PRT,Portugal,household_debt,PT,119.92
2022,SVK,République slovaque,household_debt,PT,84.04
2022,SVN,Slovénie,household_debt,PT,51.27
2022,ESP,Espagne,household_debt,PT,93.35
2022,SWE,Suède,household_debt,PT,192.85
2022,CHE,Suisse,household_debt,PT,227.32
2022,GBR,Royaume-Uni,household_debt,PT,144.68
2023,AUT,Autriche,household_debt,PT,81.05
2023,BEL,Belgique,household_debt,PT,105.28
2023,DNK,Danemark,household_debt,PT,206.11
2023,EST,Estonie,household_debt,PT,74.04
2023,FIN,Finlande,household_debt,PT,147.45
2023,FRA,France,household_debt,PT,121.46
2023,DEU,Allemagne,household_debt,PT,88.65
2023,GRC,Grèce,household_debt,PT,77.34
2023,HUN,Hongrie,household_debt,PT,35.02
2023,IRL,Irlande,household_debt,PT,94.52
2023,ITA,Italie,household_debt,PT,81.58
2023,LVA,Lettonie,household_debt,PT,39.39
2023,LTU,Lituanie,household_debt,PT,51.56
2023,LUX,Luxembourg,household_debt,PT,183.81
2023,NLD,Pays-Bas,household_debt,PT,219.27
2023,POL,Pologne,household_debt,PT,41.24
2023,PRT,Portugal,household_debt,PT,109.21
2023,SVK,République slovaque,household_debt,PT,80.53
2023,SVN,Slovénie,household_debt,PT,49.5
2023,ESP,Espagne,household_debt,PT,82.89
2023,SWE,Suède,household_debt,PT,184.0
2023,CHE,Suisse,household_debt,PT,224.47
2023,GBR,Royaume-Uni,household_debt,PT,137.14
2024,AUT,Autriche,household_debt,PT,74.84
2024,BEL,Belgique,household_debt,PT,104.72
2024,DNK,Danemark,household_debt,PT,203.49
2024,EST,Estonie,household_debt,PT,74.31
2024,FIN,Finlande,household_debt,PT,141.55
2024,FRA,France,household_debt,PT,115.75
2024,DEU,Allemagne,household_debt,PT,85.8
2024,GRC,Grèce,household_debt,PT,74.35
2024,HUN,Hongrie,household_debt,PT,34.44
2024,IRL,Irlande,household_debt,PT,85.92
2024,ITA,Italie,household_debt,PT,79.69
2024,LVA,Lettonie,household_debt,PT,39.94
2024,LTU,Lituanie,household_debt,PT,53.37
2024,LUX,Luxembourg,household_debt,PT,178.34
2024,NLD,Pays-Bas,household_debt,PT,215.76
2024,POL,Pologne,household_debt,PT,38.46
2024,PRT,Portugal,household_debt,PT,103.26
2024,SVK,République slovaque,household_debt,PT,77.45
2024,SVN,Slovénie,household_debt,PT,50.13
2024,ESP,Espagne,household_debt,PT,78.36
2024,SWE,Suède,household_debt,PT,179.91
2024,GBR,Royaume-Uni,household_debt,PT,130.71
2000,AUT,Autriche,land_per_capita,USD_PPP,27006.54
2000,BEL,Belgique,land_per_capita,USD_PPP,31156.19
2000,DNK,Danemark,land_per_capita,USD_PPP,21905.13
2000,EST,Estonie,land_per_capita,USD_PPP,6590.76
2000,FIN,Finlande,land_per_capita,USD_PPP,8267.81
2000,FRA,France,land_per_capita,USD_PPP,16820.07
2000,DEU,Allemagne,land_per_capita,USD_PPP,20653.57
2000,HUN,Hongrie,land_per_capita,USD_PPP,3324.71
2000,IRL,Irlande,land_per_capita,USD_PPP,55134.07
2000,ITA,Italie,land_per_capita,USD_PPP,39834.04
2000,LTU,Lituanie,land_per_capita,USD_PPP,853.02
2000,LUX,Luxembourg,land_per_capita,USD_PPP,101167.97
2000,NLD,Pays-Bas,land_per_capita,USD_PPP,34259.31
2000,NOR,Norvège,land_per_capita,USD_PPP,23765.41
2000,POL,Pologne,land_per_capita,USD_PPP,2575.06
2000,PRT,Portugal,land_per_capita,USD_PPP,11649.03
2000,SVK,République slovaque,land_per_capita,USD_PPP,2751.22
2000,SVN,Slovénie,land_per_capita,USD_PPP,29753.6
2000,ESP,Espagne,land_per_capita,USD_PPP,43454.0
2000,SWE,Suède,land_per_capita,USD_PPP,7038.52
2000,GBR,Royaume-Uni,land_per_capita,USD_PPP,28722.88
2001,AUT,Autriche,land_per_capita,USD_PPP,26717.66
2001,BEL,Belgique,land_per_capita,USD_PPP,34275.22
2001,DNK,Danemark,land_per_capita,USD_PPP,21780.14
2001,EST,Estonie,land_per_capita,USD_PPP,7324.09
2001,FIN,Finlande,land_per_capita,USD_PPP,8642.97
2001,FRA,France,land_per_capita,USD_PPP,20203.28
2001,DEU,Allemagne,land_per_capita,USD_PPP,21560.1
2001,HUN,Hongrie,land_per_capita,USD_PPP,3563.68
2001,IRL,Irlande,land_per_capita,USD_PPP,56466.15
2001,ITA,Italie,land_per_capita,USD_PPP,42613.91
2001,LTU,Lituanie,land_per_capita,USD_PPP,1119.87
2001,LUX,Luxembourg,land_per_capita,USD_PPP,114732.11
2001,NLD,Pays-Bas,land_per_capita,USD_PPP,38518.27
2001,NOR,Norvège,land_per_capita,USD_PPP,24501.35
2001,POL,Pologne,land_per_capita,USD_PPP,2962.77
2001,PRT,Portugal,land_per_capita,USD_PPP,11913.05
2001,SVK,République slovaque,land_per_capita,USD_PPP,3529.55
2001,SVN,Slovénie,land_per_capita,USD_PPP,28650.15
2001,ESP,Espagne,land_per_capita,USD_PPP,51827.78
2001,SWE,Suède,land_per_capita,USD_PPP,7588.51
2001,GBR,Royaume-Uni,land_per_capita,USD_PPP,33928.99
2002,AUT,Autriche,land_per_capita,USD_PPP,27648.7
2002,BEL,Belgique,land_per_capita,USD_PPP,39496.95
2002,DNK,Danemark,land_per_capita,USD_PPP,22864.21
2002,EST,Estonie,land_per_capita,USD_PPP,6999.32
2002,FIN,Finlande,land_per_capita,USD_PPP,9442.89
2002,FRA,France,land_per_capita,USD_PPP,25755.62
2002,DEU,Allemagne,land_per_capita,USD_PPP,22425.77
2002,HUN,Hongrie,land_per_capita,USD_PPP,3832.85
2002,IRL,Irlande,land_per_capita,USD_PPP,59287.88
2002,ITA,Italie,land_per_capita,USD_PPP,47070.19
2002,LTU,Lituanie,land_per_capita,USD_PPP,1535.71
2002,LUX,Luxembourg,land_per_capita,USD_PPP,128587.07
2002,NLD,Pays-Bas,land_per_capita,USD_PPP,40873.01
2002,NOR,Norvège,land_per_capita,USD_PPP,26448.54
2002,POL,Pologne,land_per_capita,USD_PPP,3075.14
2002,PRT,Portugal,land_per_capita,USD_PPP,12390.13
2002,SVK,République slovaque,land_per_capita,USD_PPP,4453.03
2002,SVN,Slovénie,land_per_capita,USD_PPP,27588.29
2002,ESP,Espagne,land_per_capita,USD_PPP,63463.85
2002,SWE,Suède,land_per_capita,USD_PPP,7853.89
2002,GBR,Royaume-Uni,land_per_capita,USD_PPP,44391.35
2003,AUT,Autriche,land_per_capita,USD_PPP,28002.28
2003,BEL,Belgique,land_per_capita,USD_PPP,44052.69
2003,DNK,Danemark,land_per_capita,USD_PPP,22313.04
2003,EST,Estonie,land_per_capita,USD_PPP,8690.76
2003,FIN,Finlande,land_per_capita,USD_PPP,10105.46
2003,FRA,France,land_per_capita,USD_PPP,32168.33
2003,DEU,Allemagne,land_per_capita,USD_PPP,23310.24
2003,HUN,Hongrie,land_per_capita,USD_PPP,3573.57
2003,IRL,Irlande,land_per_capita,USD_PPP,68405.69
2003,ITA,Italie,land_per_capita,USD_PPP,52225.61
2003,LTU,Lituanie,land_per_capita,USD_PPP,1649.59
2003,LUX,Luxembourg,land_per_capita,USD_PPP,124712.85
2003,NLD,Pays-Bas,land_per_capita,USD_PPP,40755.68
2003,NOR,Norvège,land_per_capita,USD_PPP,28829.82
2003,POL,Pologne,land_per_capita,USD_PPP,3394.5
2003,PRT,Portugal,land_per_capita,USD_PPP,12813.44
2003,SVK,République slovaque,land_per_capita,USD_PPP,5426.64
2003,SVN,Slovénie,land_per_capita,USD_PPP,26060.3
2003,ESP,Espagne,land_per_capita,USD_PPP,74409.84
2003,SWE,Suède,land_per_capita,USD_PPP,11638.66
2003,GBR,Royaume-Uni,land_per_capita,USD_PPP,50683.05
2004,AUT,Autriche,land_per_capita,USD_PPP,28880.26
2004,BEL,Belgique,land_per_capita,USD_PPP,47600.18
2004,DNK,Danemark,land_per_capita,USD_PPP,19575.83
2004,EST,Estonie,land_per_capita,USD_PPP,11817.99
2004,FIN,Finlande,land_per_capita,USD_PPP,12395.36
2004,FRA,France,land_per_capita,USD_PPP,41667.93
2004,DEU,Allemagne,land_per_capita,USD_PPP,24437.72
2004,HUN,Hongrie,land_per_capita,USD_PPP,3741.97
2004,IRL,Irlande,land_per_capita,USD_PPP,76676.27
2004,ITA,Italie,land_per_capita,USD_PPP,56462.48
2004,LTU,Lituanie,land_per_capita,USD_PPP,3193.68
2004,LUX,Luxembourg,land_per_capita,USD_PPP,136888.57
2004,NLD,Pays-Bas,land_per_capita,USD_PPP,43572.67
2004,NOR,Norvège,land_per_capita,USD_PPP,30297.32
2004,POL,Pologne,land_per_capita,USD_PPP,3725.84
2004,PRT,Portugal,land_per_capita,USD_PPP,13214.89
2004,SVK,République slovaque,land_per_capita,USD_PPP,6781.74
2004,SVN,Slovénie,land_per_capita,USD_PPP,27420.82
2004,ESP,Espagne,land_per_capita,USD_PPP,88981.62
2004,SWE,Suède,land_per_capita,USD_PPP,13871.91
2004,GBR,Royaume-Uni,land_per_capita,USD_PPP,59507.9
2005,AUT,Autriche,land_per_capita,USD_PPP,29143.33
2005,BEL,Belgique,land_per_capita,USD_PPP,51854.92
2005,DNK,Danemark,land_per_capita,USD_PPP,27841.62
2005,EST,Estonie,land_per_capita,USD_PPP,20988.11
2005,FIN,Finlande,land_per_capita,USD_PPP,13832.39
2005,FRA,France,land_per_capita,USD_PPP,53451.49
2005,DEU,Allemagne,land_per_capita,USD_PPP,24950.38
2005,HUN,Hongrie,land_per_capita,USD_PPP,3881.28
2005,IRL,Irlande,land_per_capita,USD_PPP,95713.58
2005,ITA,Italie,land_per_capita,USD_PPP,61378.66
2005,LTU,Lituanie,land_per_capita,USD_PPP,6233.64
2005,LUX,Luxembourg,land_per_capita,USD_PPP,147241.75
2005,NLD,Pays-Bas,land_per_capita,USD_PPP,46535.79
2005,NOR,Norvège,land_per_capita,USD_PPP,33314.41
2005,POL,Pologne,land_per_capita,USD_PPP,4096.6
2005,PRT,Portugal,land_per_capita,USD_PPP,14001.88
2005,SVK,République slovaque,land_per_capita,USD_PPP,5920.46
2005,SVN,Slovénie,land_per_capita,USD_PPP,30160.68
2005,ESP,Espagne,land_per_capita,USD_PPP,105151.83
2005,SWE,Suède,land_per_capita,USD_PPP,17049.85
2005,GBR,Royaume-Uni,land_per_capita,USD_PPP,59786.33
2006,AUT,Autriche,land_per_capita,USD_PPP,30358.07
2006,BEL,Belgique,land_per_capita,USD_PPP,56921.79
2006,DNK,Danemark,land_per_capita,USD_PPP,42422.25
2006,EST,Estonie,land_per_capita,USD_PPP,30470.39
2006,FIN,Finlande,land_per_capita,USD_PPP,16241.33
2006,FRA,France,land_per_capita,USD_PPP,62669.13
2006,DEU,Allemagne,land_per_capita,USD_PPP,26526.97
2006,HUN,Hongrie,land_per_capita,USD_PPP,4154.52
2006,IRL,Irlande,land_per_capita,USD_PPP,116568.37
2006,ITA,Italie,land_per_capita,USD_PPP,72301.8
2006,LTU,Lituanie,land_per_capita,USD_PPP,7899.39
2006,LUX,Luxembourg,land_per_capita,USD_PPP,164519.32
2006,NLD,Pays-Bas,land_per_capita,USD_PPP,50697.8
2006,NOR,Norvège,land_per_capita,USD_PPP,38705.67
2006,POL,Pologne,land_per_capita,USD_PPP,4461.38
2006,PRT,Portugal,land_per_capita,USD_PPP,15132.31
2006,SVK,République slovaque,land_per_capita,USD_PPP,7123.69
2006,SVN,Slovénie,land_per_capita,USD_PPP,34231.73
2006,ESP,Espagne,land_per_capita,USD_PPP,128412.39
2006,SWE,Suède,land_per_capita,USD_PPP,21246.89
2006,GBR,Royaume-Uni,land_per_capita,USD_PPP,67541.05
2007,AUT,Autriche,land_per_capita,USD_PPP,30387.31
2007,BEL,Belgique,land_per_capita,USD_PPP,64071.6
2007,DNK,Danemark,land_per_capita,USD_PPP,44714.26
2007,EST,Estonie,land_per_capita,USD_PPP,27824.21
2007,FIN,Finlande,land_per_capita,USD_PPP,18138.51
2007,FRA,France,land_per_capita,USD_PPP,67399.7
2007,DEU,Allemagne,land_per_capita,USD_PPP,27278.24
2007,HUN,Hongrie,land_per_capita,USD_PPP,4347.54
2007,IRL,Irlande,land_per_capita,USD_PPP,134406.72
2007,ITA,Italie,land_per_capita,USD_PPP,79195.62
2007,LTU,Lituanie,land_per_capita,USD_PPP,9500.69
2007,LUX,Luxembourg,land_per_capita,USD_PPP,166882.57
2007,NLD,Pays-Bas,land_per_capita,USD_PPP,55669.19
2007,NOR,Norvège,land_per_capita,USD_PPP,38804.05
2007,POL,Pologne,land_per_capita,USD_PPP,5079.06
2007,PRT,Portugal,land_per_capita,USD_PPP,15311.17
2007,SVK,République slovaque,land_per_capita,USD_PPP,9284.58
2007,SVN,Slovénie,land_per_capita,USD_PPP,37236.05
2007,ESP,Espagne,land_per_capita,USD_PPP,135948.83
2007,SWE,Suède,land_per_capita,USD_PPP,24728.09
2007,GBR,Royaume-Uni,land_per_capita,USD_PPP,71442.62
2008,AUT,Autriche,land_per_capita,USD_PPP,31788.34
2008,BEL,Belgique,land_per_capita,USD_PPP,66136.67
2008,DNK,Danemark,land_per_capita,USD_PPP,40566.21
2008,EST,Estonie,land_per_capita,USD_PPP,20353.07
2008,FIN,Finlande,land_per_capita,USD_PPP,19099.21
2008,FRA,France,land_per_capita,USD_PPP,60377.99
2008,DEU,Allemagne,land_per_capita,USD_PPP,28344.66
2008,HUN,Hongrie,land_per_capita,USD_PPP,4824.13
2008,IRL,Irlande,land_per_capita,USD_PPP,127257.23
2008,ITA,Italie,land_per_capita,USD_PPP,85866.4
2008,LTU,Lituanie,land_per_capita,USD_PPP,10257.57
2008,LUX,Luxembourg,land_per_capita,USD_PPP,169367.2
2008,NLD,Pays-Bas,land_per_capita,USD_PPP,59147.38
2008,NOR,Norvège,land_per_capita,USD_PPP,43129.66
2008,POL,Pologne,land_per_capita,USD_PPP,5903.99
2008,PRT,Portugal,land_per_capita,USD_PPP,16441.25
2008,SVK,République slovaque,land_per_capita,USD_PPP,12972.28
2008,SVN,Slovénie,land_per_capita,USD_PPP,39219.63
2008,ESP,Espagne,land_per_capita,USD_PPP,124743.9
2008,SWE,Suède,land_per_capita,USD_PPP,24867.69
2008,GBR,Royaume-Uni,land_per_capita,USD_PPP,55456.82
2009,AUT,Autriche,land_per_capita,USD_PPP,32918.26
2009,BEL,Belgique,land_per_capita,USD_PPP,70319.11
2009,DNK,Danemark,land_per_capita,USD_PPP,37749.07
2009,EST,Estonie,land_per_capita,USD_PPP,17517.16
2009,FIN,Finlande,land_per_capita,USD_PPP,19394.72
2009,FRA,France,land_per_capita,USD_PPP,59198.74
2009,DEU,Allemagne,land_per_capita,USD_PPP,29360.83
2009,HUN,Hongrie,land_per_capita,USD_PPP,5217.46
2009,IRL,Irlande,land_per_capita,USD_PPP,94683.32
2009,ITA,Italie,land_per_capita,USD_PPP,87298.34
2009,LTU,Lituanie,land_per_capita,USD_PPP,6325.43
2009,LUX,Luxembourg,land_per_capita,USD_PPP,170343.82
2009,NLD,Pays-Bas,land_per_capita,USD_PPP,54635.66
2009,NOR,Norvège,land_per_capita,USD_PPP,44443.82
2009,POL,Pologne,land_per_capita,USD_PPP,6343.86
2009,PRT,Portugal,land_per_capita,USD_PPP,16614.04
2009,SVK,République slovaque,land_per_capita,USD_PPP,10758.67
2009,SVN,Slovénie,land_per_capita,USD_PPP,36283.07
2009,ESP,Espagne,land_per_capita,USD_PPP,121265.42
2009,SWE,Suède,land_per_capita,USD_PPP,26226.25
2009,GBR,Royaume-Uni,land_per_capita,USD_PPP,58302.6
2010,AUT,Autriche,land_per_capita,USD_PPP,33545.63
2010,BEL,Belgique,land_per_capita,USD_PPP,76487.55
2010,DNK,Danemark,land_per_capita,USD_PPP,40054.67
2010,EST,Estonie,land_per_capita,USD_PPP,13177.14
2010,FIN,Finlande,land_per_capita,USD_PPP,21576.55
2010,FRA,France,land_per_capita,USD_PPP,67369.19
2010,DEU,Allemagne,land_per_capita,USD_PPP,30595.68
2010,HUN,Hongrie,land_per_capita,USD_PPP,10640.83
2010,IRL,Irlande,land_per_capita,USD_PPP,78374.78
2010,ITA,Italie,land_per_capita,USD_PPP,87099.43
2010,LTU,Lituanie,land_per_capita,USD_PPP,6477.97
2010,LUX,Luxembourg,land_per_capita,USD_PPP,173811.53
2010,NLD,Pays-Bas,land_per_capita,USD_PPP,51999.68
2010,NOR,Norvège,land_per_capita,USD_PPP,49612.21
2010,POL,Pologne,land_per_capita,USD_PPP,7007.72
2010,PRT,Portugal,land_per_capita,USD_PPP,16936.65
2010,SVK,République slovaque,land_per_capita,USD_PPP,12101.31
2010,SVN,Slovénie,land_per_capita,USD_PPP,34111.81
2010,ESP,Espagne,land_per_capita,USD_PPP,117164.81
2010,SWE,Suède,land_per_capita,USD_PPP,28515.41
2010,GBR,Royaume-Uni,land_per_capita,USD_PPP,59889.91
2011,AUT,Autriche,land_per_capita,USD_PPP,36533.87
2011,BEL,Belgique,land_per_capita,USD_PPP,78737.78
2011,DNK,Danemark,land_per_capita,USD_PPP,35263.18
2011,EST,Estonie,land_per_capita,USD_PPP,12418.32
2011,FIN,Finlande,land_per_capita,USD_PPP,22494.88
2011,FRA,France,land_per_capita,USD_PPP,70913.43
2011,DEU,Allemagne,land_per_capita,USD_PPP,32521.95
2011,HUN,Hongrie,land_per_capita,USD_PPP,10052.41
2011,IRL,Irlande,land_per_capita,USD_PPP,65403.5
2011,ITA,Italie,land_per_capita,USD_PPP,89228.74
2011,LTU,Lituanie,land_per_capita,USD_PPP,6953.05
2011,LUX,Luxembourg,land_per_capita,USD_PPP,184111.3
2011,NLD,Pays-Bas,land_per_capita,USD_PPP,52230.61
2011,NOR,Norvège,land_per_capita,USD_PPP,52420.59
2011,POL,Pologne,land_per_capita,USD_PPP,7698.3
2011,PRT,Portugal,land_per_capita,USD_PPP,16100.42
2011,SVK,République slovaque,land_per_capita,USD_PPP,13712.89
2011,SVN,Slovénie,land_per_capita,USD_PPP,32086.45
2011,ESP,Espagne,land_per_capita,USD_PPP,105409.06
2011,SWE,Suède,land_per_capita,USD_PPP,28719.04
2011,GBR,Royaume-Uni,land_per_capita,USD_PPP,57796.43
2012,AUT,Autriche,land_per_capita,USD_PPP,39337.17
2012,BEL,Belgique,land_per_capita,USD_PPP,79868.5
2012,DNK,Danemark,land_per_capita,USD_PPP,32742.86
2012,EST,Estonie,land_per_capita,USD_PPP,10820.62
2012,FIN,Finlande,land_per_capita,USD_PPP,23083.42
2012,FRA,France,land_per_capita,USD_PPP,67942.91
2012,DEU,Allemagne,land_per_capita,USD_PPP,33611.36
2012,HUN,Hongrie,land_per_capita,USD_PPP,8443.2
2012,IRL,Irlande,land_per_capita,USD_PPP,52884.24
2012,ITA,Italie,land_per_capita,USD_PPP,88023.44
2012,LTU,Lituanie,land_per_capita,USD_PPP,7224.09
2012,LUX,Luxembourg,land_per_capita,USD_PPP,181386.0
2012,NLD,Pays-Bas,land_per_capita,USD_PPP,48045.73
2012,NOR,Norvège,land_per_capita,USD_PPP,58101.16
2012,POL,Pologne,land_per_capita,USD_PPP,8674.08
2012,PRT,Portugal,land_per_capita,USD_PPP,15698.3
2012,SVK,République slovaque,land_per_capita,USD_PPP,13127.7
2012,SVN,Slovénie,land_per_capita,USD_PPP,29272.8
2012,ESP,Espagne,land_per_capita,USD_PPP,95399.14
2012,SWE,Suède,land_per_capita,USD_PPP,28770.24
2012,GBR,Royaume-Uni,land_per_capita,USD_PPP,58697.33
2013,AUT,Autriche,land_per_capita,USD_PPP,42393.46
2013,BEL,Belgique,land_per_capita,USD_PPP,82151.59
2013,DNK,Danemark,land_per_capita,USD_PPP,32787.32
2013,EST,Estonie,land_per_capita,USD_PPP,9617.36
2013,FIN,Finlande,land_per_capita,USD_PPP,23909.89
2013,FRA,France,land_per_capita,USD_PPP,67991.29
2013,DEU,Allemagne,land_per_capita,USD_PPP,35679.99
2013,HUN,Hongrie,land_per_capita,USD_PPP,7426.93
2013,IRL,Irlande,land_per_capita,USD_PPP,46646.17
2013,ITA,Italie,land_per_capita,USD_PPP,85704.69
2013,LTU,Lituanie,land_per_capita,USD_PPP,8263.0
2013,LUX,Luxembourg,land_per_capita,USD_PPP,198068.07
2013,NLD,Pays-Bas,land_per_capita,USD_PPP,44976.5
2013,NOR,Norvège,land_per_capita,USD_PPP,59752.66
2013,POL,Pologne,land_per_capita,USD_PPP,9103.49
2013,PRT,Portugal,land_per_capita,USD_PPP,15951.83
2013,SVK,République slovaque,land_per_capita,USD_PPP,11799.58
2013,SVN,Slovénie,land_per_capita,USD_PPP,27448.85
2013,ESP,Espagne,land_per_capita,USD_PPP,94331.18
2013,SWE,Suède,land_per_capita,USD_PPP,30244.24
2013,GBR,Royaume-Uni,land_per_capita,USD_PPP,63402.71
2014,AUT,Autriche,land_per_capita,USD_PPP,49327.19
2014,BEL,Belgique,land_per_capita,USD_PPP,86259.87
2014,DNK,Danemark,land_per_capita,USD_PPP,33170.07
2014,EST,Estonie,land_per_capita,USD_PPP,10913.8
2014,FIN,Finlande,land_per_capita,USD_PPP,23939.63
2014,FRA,France,land_per_capita,USD_PPP,65111.91
2014,DEU,Allemagne,land_per_capita,USD_PPP,38231.33
2014,HUN,Hongrie,land_per_capita,USD_PPP,8229.98
2014,IRL,Irlande,land_per_capita,USD_PPP,51644.43
2014,ITA,Italie,land_per_capita,USD_PPP,83075.24
2014,LTU,Lituanie,land_per_capita,USD_PPP,10223.88
2014,LUX,Luxembourg,land_per_capita,USD_PPP,212891.3
2014,NLD,Pays-Bas,land_per_capita,USD_PPP,47502.49
2014,NOR,Norvège,land_per_capita,USD_PPP,62006.98
2014,POL,Pologne,land_per_capita,USD_PPP,10952.15
2014,PRT,Portugal,land_per_capita,USD_PPP,16474.29
2014,SVK,République slovaque,land_per_capita,USD_PPP,12540.13
2014,SVN,Slovénie,land_per_capita,USD_PPP,25990.25
2014,ESP,Espagne,land_per_capita,USD_PPP,97528.76
2014,SWE,Suède,land_per_capita,USD_PPP,30561.58
2014,GBR,Royaume-Uni,land_per_capita,USD_PPP,70114.03
2015,AUT,Autriche,land_per_capita,USD_PPP,54473.19
2015,BEL,Belgique,land_per_capita,USD_PPP,92848.88
2015,DNK,Danemark,land_per_capita,USD_PPP,36209.4
2015,EST,Estonie,land_per_capita,USD_PPP,11239.08
2015,FIN,Finlande,land_per_capita,USD_PPP,23896.11
2015,FRA,France,land_per_capita,USD_PPP,65095.62
2015,DEU,Allemagne,land_per_capita,USD_PPP,41314.97
2015,HUN,Hongrie,land_per_capita,USD_PPP,11525.13
2015,IRL,Irlande,land_per_capita,USD_PPP,57894.64
2015,ITA,Italie,land_per_capita,USD_PPP,80383.49
2015,LTU,Lituanie,land_per_capita,USD_PPP,12280.99
2015,LUX,Luxembourg,land_per_capita,USD_PPP,225211.39
2015,NLD,Pays-Bas,land_per_capita,USD_PPP,52415.74
2015,NOR,Norvège,land_per_capita,USD_PPP,62012.16
2015,POL,Pologne,land_per_capita,USD_PPP,12324.27
2015,PRT,Portugal,land_per_capita,USD_PPP,16860.92
2015,SVK,République slovaque,land_per_capita,USD_PPP,12816.59
2015,SVN,Slovénie,land_per_capita,USD_PPP,25668.74
2015,ESP,Espagne,land_per_capita,USD_PPP,103026.3
2015,SWE,Suède,land_per_capita,USD_PPP,36338.59
2015,GBR,Royaume-Uni,land_per_capita,USD_PPP,78568.67
2016,AUT,Autriche,land_per_capita,USD_PPP,56850.83
2016,BEL,Belgique,land_per_capita,USD_PPP,95201.53
2016,DNK,Danemark,land_per_capita,USD_PPP,37733.07
2016,EST,Estonie,land_per_capita,USD_PPP,12475.77
2016,FIN,Finlande,land_per_capita,USD_PPP,24153.13
2016,FRA,France,land_per_capita,USD_PPP,70020.77
2016,DEU,Allemagne,land_per_capita,USD_PPP,45612.56
2016,HUN,Hongrie,land_per_capita,USD_PPP,16118.05
2016,IRL,Irlande,land_per_capita,USD_PPP,65371.34
2016,ITA,Italie,land_per_capita,USD_PPP,82933.21
2016,LTU,Lituanie,land_per_capita,USD_PPP,13893.94
2016,LUX,Luxembourg,land_per_capita,USD_PPP,244773.71
2016,NLD,Pays-Bas,land_per_capita,USD_PPP,59223.24
2016,NOR,Norvège,land_per_capita,USD_PPP,67952.2
2016,POL,Pologne,land_per_capita,USD_PPP,14834.93
2016,PRT,Portugal,land_per_capita,USD_PPP,18706.58
2016,SVK,République slovaque,land_per_capita,USD_PPP,14182.93
2016,SVN,Slovénie,land_per_capita,USD_PPP,28035.55
2016,ESP,Espagne,land_per_capita,USD_PPP,112714.68
2016,SWE,Suède,land_per_capita,USD_PPP,40353.45
2016,GBR,Royaume-Uni,land_per_capita,USD_PPP,83385.8
2017,AUT,Autriche,land_per_capita,USD_PPP,59985.68
2017,BEL,Belgique,land_per_capita,USD_PPP,96733.07
2017,DNK,Danemark,land_per_capita,USD_PPP,40548.08
2017,EST,Estonie,land_per_capita,USD_PPP,14377.83
2017,FIN,Finlande,land_per_capita,USD_PPP,24663.07
2017,FRA,France,land_per_capita,USD_PPP,74638.04
2017,DEU,Allemagne,land_per_capita,USD_PPP,50357.23
2017,HUN,Hongrie,land_per_capita,USD_PPP,19468.8
2017,IRL,Irlande,land_per_capita,USD_PPP,75837.02
2017,ITA,Italie,land_per_capita,USD_PPP,83473.31
2017,LTU,Lituanie,land_per_capita,USD_PPP,14094.45
2017,LUX,Luxembourg,land_per_capita,USD_PPP,250642.17
2017,NLD,Pays-Bas,land_per_capita,USD_PPP,68964.48
2017,NOR,Norvège,land_per_capita,USD_PPP,75634.62
2017,POL,Pologne,land_per_capita,USD_PPP,16671.08
2017,PRT,Portugal,land_per_capita,USD_PPP,19783.78
2017,SVK,République slovaque,land_per_capita,USD_PPP,13656.59
2017,SVN,Slovénie,land_per_capita,USD_PPP,29497.2
2017,ESP,Espagne,land_per_capita,USD_PPP,124460.36
2017,SWE,Suède,land_per_capita,USD_PPP,44112.15
2017,GBR,Royaume-Uni,land_per_capita,USD_PPP,87737.94
2018,AUT,Autriche,land_per_capita,USD_PPP,63753.52
2018,BEL,Belgique,land_per_capita,USD_PPP,101655.52
2018,DNK,Danemark,land_per_capita,USD_PPP,41966.52
2018,EST,Estonie,land_per_capita,USD_PPP,17662.57
2018,FIN,Finlande,land_per_capita,USD_PPP,25917.55
2018,FRA,France,land_per_capita,USD_PPP,79860.02
2018,DEU,Allemagne,land_per_capita,USD_PPP,55407.99
2018,HUN,Hongrie,land_per_capita,USD_PPP,24245.92
2018,IRL,Irlande,land_per_capita,USD_PPP,81221.83
2018,ITA,Italie,land_per_capita,USD_PPP,82980.82
2018,LTU,Lituanie,land_per_capita,USD_PPP,16575.05
2018,LUX,Luxembourg,land_per_capita,USD_PPP,259012.79
2018,NLD,Pays-Bas,land_per_capita,USD_PPP,78339.34
2018,NOR,Norvège,land_per_capita,USD_PPP,74467.12
2018,POL,Pologne,land_per_capita,USD_PPP,18149.26
2018,PRT,Portugal,land_per_capita,USD_PPP,21858.05
2018,SVK,République slovaque,land_per_capita,USD_PPP,15058.78
2018,SVN,Slovénie,land_per_capita,USD_PPP,32925.2
2018,ESP,Espagne,land_per_capita,USD_PPP,133625.77
2018,SWE,Suède,land_per_capita,USD_PPP,47640.64
2018,GBR,Royaume-Uni,land_per_capita,USD_PPP,88064.09
2019,AUT,Autriche,land_per_capita,USD_PPP,67785.71
2019,BEL,Belgique,land_per_capita,USD_PPP,109894.35
2019,DNK,Danemark,land_per_capita,USD_PPP,42376.27
2019,EST,Estonie,land_per_capita,USD_PPP,20147.55
2019,FIN,Finlande,land_per_capita,USD_PPP,26114.42
2019,FRA,France,land_per_capita,USD_PPP,91712.2
2019,DEU,Allemagne,land_per_capita,USD_PPP,62863.0
2019,HUN,Hongrie,land_per_capita,USD_PPP,32209.09
2019,IRL,Irlande,land_per_capita,USD_PPP,83673.02
2019,ITA,Italie,land_per_capita,USD_PPP,87573.44
2019,LTU,Lituanie,land_per_capita,USD_PPP,17572.47
2019,LUX,Luxembourg,land_per_capita,USD_PPP,270639.36
2019,NLD,Pays-Bas,land_per_capita,USD_PPP,85335.23
2019,NOR,Norvège,land_per_capita,USD_PPP,79640.76
2019,POL,Pologne,land_per_capita,USD_PPP,19791.84
2019,PRT,Portugal,land_per_capita,USD_PPP,24521.07
2019,SVK,République slovaque,land_per_capita,USD_PPP,17181.15
2019,SVN,Slovénie,land_per_capita,USD_PPP,39595.24
2019,ESP,Espagne,land_per_capita,USD_PPP,143562.76
2019,SWE,Suède,land_per_capita,USD_PPP,51801.34
2019,GBR,Royaume-Uni,land_per_capita,USD_PPP,90709.38
2020,AUT,Autriche,land_per_capita,USD_PPP,77664.2
2020,BEL,Belgique,land_per_capita,USD_PPP,119176.58
2020,DNK,Danemark,land_per_capita,USD_PPP,43737.21
2020,EST,Estonie,land_per_capita,USD_PPP,15614.14
2020,FIN,Finlande,land_per_capita,USD_PPP,28232.23
2020,FRA,France,land_per_capita,USD_PPP,101451.19
2020,DEU,Allemagne,land_per_capita,USD_PPP,71465.88
2020,HUN,Hongrie,land_per_capita,USD_PPP,33402.42
2020,IRL,Irlande,land_per_capita,USD_PPP,87043.02
2020,ITA,Italie,land_per_capita,USD_PPP,89420.78
2020,LTU,Lituanie,land_per_capita,USD_PPP,17661.45
2020,LUX,Luxembourg,land_per_capita,USD_PPP,276580.92
2020,NLD,Pays-Bas,land_per_capita,USD_PPP,95705.51
2020,NOR,Norvège,land_per_capita,USD_PPP,88653.87
2020,POL,Pologne,land_per_capita,USD_PPP,22055.22
2020,PRT,Portugal,land_per_capita,USD_PPP,26539.64
2020,SVK,République slovaque,land_per_capita,USD_PPP,20251.42
2020,SVN,Slovénie,land_per_capita,USD_PPP,47022.67
2020,ESP,Espagne,land_per_capita,USD_PPP,137922.0
2020,SWE,Suède,land_per_capita,USD_PPP,56969.81
2020,GBR,Royaume-Uni,land_per_capita,USD_PPP,100717.17
2021,AUT,Autriche,land_per_capita,USD_PPP,90254.77
2021,BEL,Belgique,land_per_capita,USD_PPP,123494.88
2021,DNK,Danemark,land_per_capita,USD_PPP,46993.57
2021,EST,Estonie,land_per_capita,USD_PPP,19773.62
2021,FIN,Finlande,land_per_capita,USD_PPP,30296.96
2021,FRA,France,land_per_capita,USD_PPP,106221.36
2021,DEU,Allemagne,land_per_capita,USD_PPP,78189.48
2021,HUN,Hongrie,land_per_capita,USD_PPP,37106.3
2021,IRL,Irlande,land_per_capita,USD_PPP,96870.63
2021,ITA,Italie,land_per_capita,USD_PPP,86747.99
2021,LTU,Lituanie,land_per_capita,USD_PPP,18692.43
2021,LUX,Luxembourg,land_per_capita,USD_PPP,295569.38
2021,NLD,Pays-Bas,land_per_capita,USD_PPP,116392.56
2021,NOR,Norvège,land_per_capita,USD_PPP,98104.03
2021,POL,Pologne,land_per_capita,USD_PPP,23914.48
2021,PRT,Portugal,land_per_capita,USD_PPP,28441.98
2021,SVK,République slovaque,land_per_capita,USD_PPP,21031.21
2021,SVN,Slovénie,land_per_capita,USD_PPP,54721.35
2021,ESP,Espagne,land_per_capita,USD_PPP,145784.95
2021,SWE,Suède,land_per_capita,USD_PPP,66620.33
2021,GBR,Royaume-Uni,land_per_capita,USD_PPP,106748.88
2022,AUT,Autriche,land_per_capita,USD_PPP,100997.83
2022,BEL,Belgique,land_per_capita,USD_PPP,137171.74
2022,DNK,Danemark,land_per_capita,USD_PPP,32406.98
2022,EST,Estonie,land_per_capita,USD_PPP,23986.62
2022,FIN,Finlande,land_per_capita,USD_PPP,31707.91
2022,FRA,France,land_per_capita,USD_PPP,112005.11
2022,DEU,Allemagne,land_per_capita,USD_PPP,85709.44
2022,HUN,Hongrie,land_per_capita,USD_PPP,55479.66
2022,IRL,Irlande,land_per_capita,USD_PPP,97363.26
2022,ITA,Italie,land_per_capita,USD_PPP,86811.43
2022,LTU,Lituanie,land_per_capita,USD_PPP,18089.46
2022,LUX,Luxembourg,land_per_capita,USD_PPP,304237.96
2022,NLD,Pays-Bas,land_per_capita,USD_PPP,142050.95
2022,NOR,Norvège,land_per_capita,USD_PPP,110159.15
2022,POL,Pologne,land_per_capita,USD_PPP,28616.47
2022,PRT,Portugal,land_per_capita,USD_PPP,31909.65
2022,SVK,République slovaque,land_per_capita,USD_PPP,21644.32
2022,SVN,Slovénie,land_per_capita,USD_PPP,70142.22
2022,ESP,Espagne,land_per_capita,USD_PPP,157016.66
2022,SWE,Suède,land_per_capita,USD_PPP,69959.19
2022,GBR,Royaume-Uni,land_per_capita,USD_PPP,121306.42
2023,AUT,Autriche,land_per_capita,USD_PPP,101598.62
2023,BEL,Belgique,land_per_capita,USD_PPP,138336.23
2023,DNK,Danemark,land_per_capita,USD_PPP,29713.45
2023,EST,Estonie,land_per_capita,USD_PPP,14915.95
2023,FIN,Finlande,land_per_capita,USD_PPP,30361.06
2023,FRA,France,land_per_capita,USD_PPP,102762.88
2023,DEU,Allemagne,land_per_capita,USD_PPP,80181.91
2023,HUN,Hongrie,land_per_capita,USD_PPP,54206.3
2023,IRL,Irlande,land_per_capita,USD_PPP,89892.29
2023,ITA,Italie,land_per_capita,USD_PPP,85191.72
2023,LUX,Luxembourg,land_per_capita,USD_PPP,254289.34
2023,NLD,Pays-Bas,land_per_capita,USD_PPP,129550.24
2023,SVK,République slovaque,land_per_capita,USD_PPP,21912.18
2023,SVN,Slovénie,land_per_capita,USD_PPP,80243.12
2023,ESP,Espagne,land_per_capita,USD_PPP,162199.58
2023,SWE,Suède,land_per_capita,USD_PPP,58560.57
2023,GBR,Royaume-Uni,land_per_capita,USD_PPP,104504.32
2024,BEL,Belgique,land_per_capita,USD_PPP,138063.03
2024,FIN,Finlande,land_per_capita,USD_PPP,31183.98
2024,FRA,France,land_per_capita,USD_PPP,99496.34
2024,DEU,Allemagne,land_per_capita,USD_PPP,88479.71
2024,IRL,Irlande,land_per_capita,USD_PPP,98007.65
2024,NLD,Pays-Bas,land_per_capita,USD_PPP,142353.46
2024,SVK,République slovaque,land_per_capita,USD_PPP,22537.83
2024,SVN,Slovénie,land_per_capita,USD_PPP,92761.61
2024,SWE,Suède,land_per_capita,USD_PPP,64995.09
