Year,REF_REGION,Area,REF_AREA,Country,Level,Measure,Value
2000,ISL,Islande,ISL,Islande,CTRY,LIVE_BIRTHS,15.463
2000,LUX,Luxembourg,LUX,Luxembourg,CTRY,LIVE_BIRTHS,13.199
2000,DEU,Allemagne,DEU,Allemagne,CTRY,LIVE_BIRTHS,9.335
2000,SVK,République slovaque,SVK,République slovaque,CTRY,LIVE_BIRTHS,10.216
2000,ESP,Espagne,ESP,Espagne,CTRY,LIVE_BIRTHS,9.825
2000,SWE,Suède,SWE,Suède,CTRY,LIVE_BIRTHS,10.206
2000,LVA,Lettonie,LVA,Lettonie,CTRY,LIVE_BIRTHS,8.524
2000,GRC,Grèce,GRC,Grèce,CTRY,LIVE_BIRTHS,9.583
2000,CHE,Suisse,CHE,Suisse,CTRY,LIVE_BIRTHS,10.951
2000,EST,Estonie,EST,Estonie,CTRY,LIVE_BIRTHS,9.325
2000,BEL,Belgique,BEL,Belgique,CTRY,LIVE_BIRTHS,11.368
2000,IRL,Irlande,IRL,Irlande,CTRY,LIVE_BIRTHS,14.504
2000,NOR,Norvège,NOR,Norvège,CTRY,LIVE_BIRTHS,13.226
2000,AUT,Autriche,AUT,Autriche,CTRY,LIVE_BIRTHS,9.781
2000,FIN,Finlande,FIN,Finlande,CTRY,LIVE_BIRTHS,10.972
2000,SVN,Slovénie,SVN,Slovénie,CTRY,LIVE_BIRTHS,9.146
2000,ITA,Italie,ITA,Italie,CTRY,LIVE_BIRTHS,9.542
2000,PRT,Portugal,PRT,Portugal,CTRY,LIVE_BIRTHS,11.709
2000,HUN,Hongrie,HUN,Hongrie,CTRY,LIVE_BIRTHS,9.548
2000,DNK,Danemark,DNK,Danemark,CTRY,LIVE_BIRTHS,12.586
2000,NLD,Pays-Bas,NLD,Pays-Bas,CTRY,LIVE_BIRTHS,13.024
2000,GBR,Royaume-Uni,GBR,Royaume-Uni,CTRY,LIVE_BIRTHS,11.526
2000,LTU,Lituanie,LTU,Lituanie,CTRY,LIVE_BIRTHS,9.723
2000,FRA,France,FRA,France,CTRY,LIVE_BIRTHS,13.326
2000,POL,Pologne,POL,Pologne,CTRY,LIVE_BIRTHS,9.888
2001,POL,Pologne,POL,Pologne,CTRY,LIVE_BIRTHS,9.625
2001,FRA,France,FRA,France,CTRY,LIVE_BIRTHS,13.159
2001,LTU,Lituanie,LTU,Lituanie,CTRY,LIVE_BIRTHS,8.943
2001,GBR,Royaume-Uni,GBR,Royaume-Uni,CTRY,LIVE_BIRTHS,11.315
2001,NLD,Pays-Bas,NLD,Pays-Bas,CTRY,LIVE_BIRTHS,12.673
2001,DNK,Danemark,DNK,Danemark,CTRY,LIVE_BIRTHS,12.237
2001,HUN,Hongrie,HUN,Hongrie,CTRY,LIVE_BIRTHS,9.514
2001,PRT,Portugal,PRT,Portugal,CTRY,LIVE_BIRTHS,10.916
2001,ITA,Italie,ITA,Italie,CTRY,LIVE_BIRTHS,9.397
2001,SVN,Slovénie,SVN,Slovénie,CTRY,LIVE_BIRTHS,8.782
2001,FIN,Finlande,FIN,Finlande,CTRY,LIVE_BIRTHS,10.845
2001,AUT,Autriche,AUT,Autriche,CTRY,LIVE_BIRTHS,9.408
2001,NOR,Norvège,NOR,Norvège,CTRY,LIVE_BIRTHS,12.589
2001,IRL,Irlande,IRL,Irlande,CTRY,LIVE_BIRTHS,15.095
2001,BEL,Belgique,BEL,Belgique,CTRY,LIVE_BIRTHS,11.241
2001,EST,Estonie,EST,Estonie,CTRY,LIVE_BIRTHS,9.07
2001,CHE,Suisse,CHE,Suisse,CTRY,LIVE_BIRTHS,10.035
2001,GRC,Grèce,GRC,Grèce,CTRY,LIVE_BIRTHS,9.439
2001,LVA,Lettonie,LVA,Lettonie,CTRY,LIVE_BIRTHS,8.382
2001,SWE,Suède,SWE,Suède,CTRY,LIVE_BIRTHS,10.297
2001,ESP,Espagne,ESP,Espagne,CTRY,LIVE_BIRTHS,9.967
2001,SVK,République slovaque,SVK,République slovaque,CTRY,LIVE_BIRTHS,9.507
2001,DEU,Allemagne,DEU,Allemagne,CTRY,LIVE_BIRTHS,8.929
2001,LUX,Luxembourg,LUX,Luxembourg,CTRY,LIVE_BIRTHS,12.435
2001,ISL,Islande,ISL,Islande,CTRY,LIVE_BIRTHS,14.437
2002,ISL,Islande,ISL,Islande,CTRY,LIVE_BIRTHS,14.129
2002,LUX,Luxembourg,LUX,Luxembourg,CTRY,LIVE_BIRTHS,12.037
2002,DEU,Allemagne,DEU,Allemagne,CTRY,LIVE_BIRTHS,8.724
2002,SVK,République slovaque,SVK,République slovaque,CTRY,LIVE_BIRTHS,9.452
2002,ESP,Espagne,ESP,Espagne,CTRY,LIVE_BIRTHS,10.179
2002,SWE,Suède,SWE,Suède,CTRY,LIVE_BIRTHS,10.755
2002,LVA,Lettonie,LVA,Lettonie,CTRY,LIVE_BIRTHS,8.672
2002,GRC,Grèce,GRC,Grèce,CTRY,LIVE_BIRTHS,9.512
2002,CHE,Suisse,CHE,Suisse,CTRY,LIVE_BIRTHS,9.975
2002,EST,Estonie,EST,Estonie,CTRY,LIVE_BIRTHS,9.397
2002,BEL,Belgique,BEL,Belgique,CTRY,LIVE_BIRTHS,10.97
2002,IRL,Irlande,IRL,Irlande,CTRY,LIVE_BIRTHS,15.515
2002,NOR,Norvège,NOR,Norvège,CTRY,LIVE_BIRTHS,12.253
2002,AUT,Autriche,AUT,Autriche,CTRY,LIVE_BIRTHS,9.723
2002,FIN,Finlande,FIN,Finlande,CTRY,LIVE_BIRTHS,10.694
2002,SVN,Slovénie,SVN,Slovénie,CTRY,LIVE_BIRTHS,8.777
2002,ITA,Italie,ITA,Italie,CTRY,LIVE_BIRTHS,9.443
2002,PRT,Portugal,PRT,Portugal,CTRY,LIVE_BIRTHS,11.004
2002,HUN,Hongrie,HUN,Hongrie,CTRY,LIVE_BIRTHS,9.514
2002,DNK,Danemark,DNK,Danemark,CTRY,LIVE_BIRTHS,11.949
2002,NLD,Pays-Bas,NLD,Pays-Bas,CTRY,LIVE_BIRTHS,12.548
2002,GBR,Royaume-Uni,GBR,Royaume-Uni,CTRY,LIVE_BIRTHS,11.262
2002,LTU,Lituanie,LTU,Lituanie,CTRY,LIVE_BIRTHS,8.551
2002,FRA,France,FRA,France,CTRY,LIVE_BIRTHS,12.894
2002,POL,Pologne,POL,Pologne,CTRY,LIVE_BIRTHS,9.251
2003,POL,Pologne,POL,Pologne,CTRY,LIVE_BIRTHS,9.186
2003,FRA,France,FRA,France,CTRY,LIVE_BIRTHS,12.809
2003,LTU,Lituanie,LTU,Lituanie,CTRY,LIVE_BIRTHS,8.736
2003,GBR,Royaume-Uni,GBR,Royaume-Uni,CTRY,LIVE_BIRTHS,11.659
2003,NLD,Pays-Bas,NLD,Pays-Bas,CTRY,LIVE_BIRTHS,12.37
2003,DNK,Danemark,DNK,Danemark,CTRY,LIVE_BIRTHS,12.015
2003,HUN,Hongrie,HUN,Hongrie,CTRY,LIVE_BIRTHS,9.332
2003,PRT,Portugal,PRT,Portugal,CTRY,LIVE_BIRTHS,10.773
2003,ITA,Italie,ITA,Italie,CTRY,LIVE_BIRTHS,9.514
2003,SVN,Slovénie,SVN,Slovénie,CTRY,LIVE_BIRTHS,8.682
2003,FIN,Finlande,FIN,Finlande,CTRY,LIVE_BIRTHS,10.877
2003,AUT,Autriche,AUT,Autriche,CTRY,LIVE_BIRTHS,9.499
2003,NOR,Norvège,NOR,Norvège,CTRY,LIVE_BIRTHS,12.402
2003,IRL,Irlande,IRL,Irlande,CTRY,LIVE_BIRTHS,15.521
2003,BEL,Belgique,BEL,Belgique,CTRY,LIVE_BIRTHS,11.009
2003,EST,Estonie,EST,Estonie,CTRY,LIVE_BIRTHS,9.479
2003,CHE,Suisse,CHE,Suisse,CTRY,LIVE_BIRTHS,9.824
2003,GRC,Grèce,GRC,Grèce,CTRY,LIVE_BIRTHS,9.566
2003,LVA,Lettonie,LVA,Lettonie,CTRY,LIVE_BIRTHS,9.199
2003,SWE,Suède,SWE,Suède,CTRY,LIVE_BIRTHS,11.09
2003,ESP,Espagne,ESP,Espagne,CTRY,LIVE_BIRTHS,10.532
2003,SVK,République slovaque,SVK,République slovaque,CTRY,LIVE_BIRTHS,9.621
2003,DEU,Allemagne,DEU,Allemagne,CTRY,LIVE_BIRTHS,8.563
2003,LUX,Luxembourg,LUX,Luxembourg,CTRY,LIVE_BIRTHS,11.829
2003,ISL,Islande,ISL,Islande,CTRY,LIVE_BIRTHS,14.362
2004,ISL,Islande,ISL,Islande,CTRY,LIVE_BIRTHS,14.571
2004,LUX,Luxembourg,LUX,Luxembourg,CTRY,LIVE_BIRTHS,11.983
2004,DEU,Allemagne,DEU,Allemagne,CTRY,LIVE_BIRTHS,8.55
2004,SVK,République slovaque,SVK,République slovaque,CTRY,LIVE_BIRTHS,10.005
2004,ESP,Espagne,ESP,Espagne,CTRY,LIVE_BIRTHS,10.651
2004,SWE,Suède,SWE,Suède,CTRY,LIVE_BIRTHS,11.245
2004,LVA,Lettonie,LVA,Lettonie,CTRY,LIVE_BIRTHS,9.027
2004,GRC,Grèce,GRC,Grèce,CTRY,LIVE_BIRTHS,9.657
2004,CHE,Suisse,CHE,Suisse,CTRY,LIVE_BIRTHS,9.924
2004,EST,Estonie,EST,Estonie,CTRY,LIVE_BIRTHS,10.241
2004,BEL,Belgique,BEL,Belgique,CTRY,LIVE_BIRTHS,11.282
2004,IRL,Irlande,IRL,Irlande,CTRY,LIVE_BIRTHS,15.382
2004,NOR,Norvège,NOR,Norvège,CTRY,LIVE_BIRTHS,12.442
2004,AUT,Autriche,AUT,Autriche,CTRY,LIVE_BIRTHS,9.698
2004,FIN,Finlande,FIN,Finlande,CTRY,LIVE_BIRTHS,11.065
2004,SVN,Slovénie,SVN,Slovénie,CTRY,LIVE_BIRTHS,8.997
2004,ITA,Italie,ITA,Italie,CTRY,LIVE_BIRTHS,9.765
2004,PRT,Portugal,PRT,Portugal,CTRY,LIVE_BIRTHS,10.436
2004,HUN,Hongrie,HUN,Hongrie,CTRY,LIVE_BIRTHS,9.404
2004,DNK,Danemark,DNK,Danemark,CTRY,LIVE_BIRTHS,11.97
2004,NLD,Pays-Bas,NLD,Pays-Bas,CTRY,LIVE_BIRTHS,11.933
2004,GBR,Royaume-Uni,GBR,Royaume-Uni,CTRY,LIVE_BIRTHS,11.94
2004,LTU,Lituanie,LTU,Lituanie,CTRY,LIVE_BIRTHS,8.758
2004,FRA,France,FRA,France,CTRY,LIVE_BIRTHS,12.824
2004,POL,Pologne,POL,Pologne,CTRY,LIVE_BIRTHS,9.325
2005,POL,Pologne,POL,Pologne,CTRY,LIVE_BIRTHS,9.545
2005,FRA,France,FRA,France,CTRY,LIVE_BIRTHS,12.843
2005,LTU,Lituanie,LTU,Lituanie,CTRY,LIVE_BIRTHS,8.795
2005,GBR,Royaume-Uni,GBR,Royaume-Uni,CTRY,LIVE_BIRTHS,11.957
2005,NLD,Pays-Bas,NLD,Pays-Bas,CTRY,LIVE_BIRTHS,11.524
2005,DNK,Danemark,DNK,Danemark,CTRY,LIVE_BIRTHS,11.879
2005,HUN,Hongrie,HUN,Hongrie,CTRY,LIVE_BIRTHS,9.655
2005,PRT,Portugal,PRT,Portugal,CTRY,LIVE_BIRTHS,10.424
2005,ITA,Italie,ITA,Italie,CTRY,LIVE_BIRTHS,9.545
2005,SVN,Slovénie,SVN,Slovénie,CTRY,LIVE_BIRTHS,9.089
2005,FIN,Finlande,FIN,Finlande,CTRY,LIVE_BIRTHS,11.027
2005,AUT,Autriche,AUT,Autriche,CTRY,LIVE_BIRTHS,9.534
2005,NOR,Norvège,NOR,Norvège,CTRY,LIVE_BIRTHS,12.321
2005,IRL,Irlande,IRL,Irlande,CTRY,LIVE_BIRTHS,14.926
2005,BEL,Belgique,BEL,Belgique,CTRY,LIVE_BIRTHS,11.452
2005,EST,Estonie,EST,Estonie,CTRY,LIVE_BIRTHS,10.56
2005,CHE,Suisse,CHE,Suisse,CTRY,LIVE_BIRTHS,9.832
2005,GRC,Grèce,GRC,Grèce,CTRY,LIVE_BIRTHS,9.804
2005,LVA,Lettonie,LVA,Lettonie,CTRY,LIVE_BIRTHS,9.725
2005,SWE,Suède,SWE,Suède,CTRY,LIVE_BIRTHS,11.246
2005,ESP,Espagne,ESP,Espagne,CTRY,LIVE_BIRTHS,10.736
2005,SVK,République slovaque,SVK,République slovaque,CTRY,LIVE_BIRTHS,10.131
2005,DEU,Allemagne,DEU,Allemagne,CTRY,LIVE_BIRTHS,8.313
2005,LUX,Luxembourg,LUX,Luxembourg,CTRY,LIVE_BIRTHS,11.645
2005,ISL,Islande,ISL,Islande,CTRY,LIVE_BIRTHS,14.579
2006,ISL,Islande,ISL,Islande,CTRY,LIVE_BIRTHS,14.722
2006,LUX,Luxembourg,LUX,Luxembourg,CTRY,LIVE_BIRTHS,11.755
2006,DEU,Allemagne,DEU,Allemagne,CTRY,LIVE_BIRTHS,8.16
2006,SVK,République slovaque,SVK,République slovaque,CTRY,LIVE_BIRTHS,10.033
2006,ESP,Espagne,ESP,Espagne,CTRY,LIVE_BIRTHS,10.936
2006,SWE,Suède,SWE,Suède,CTRY,LIVE_BIRTHS,11.706
2006,LVA,Lettonie,LVA,Lettonie,CTRY,LIVE_BIRTHS,10.266
2006,GRC,Grèce,GRC,Grèce,CTRY,LIVE_BIRTHS,10.181
2006,CHE,Suisse,CHE,Suisse,CTRY,LIVE_BIRTHS,9.836
2006,EST,Estonie,EST,Estonie,CTRY,LIVE_BIRTHS,11.014
2006,BEL,Belgique,BEL,Belgique,CTRY,LIVE_BIRTHS,11.657
2006,IRL,Irlande,IRL,Irlande,CTRY,LIVE_BIRTHS,15.547
2006,NOR,Norvège,NOR,Norvège,CTRY,LIVE_BIRTHS,12.617
2006,AUT,Autriche,AUT,Autriche,CTRY,LIVE_BIRTHS,9.439
2006,FIN,Finlande,FIN,Finlande,CTRY,LIVE_BIRTHS,11.196
2006,SVN,Slovénie,SVN,Slovénie,CTRY,LIVE_BIRTHS,9.45
2006,ITA,Italie,ITA,Italie,CTRY,LIVE_BIRTHS,9.607
2006,PRT,Portugal,PRT,Portugal,CTRY,LIVE_BIRTHS,10.031
2006,HUN,Hongrie,HUN,Hongrie,CTRY,LIVE_BIRTHS,9.911
2006,DNK,Danemark,DNK,Danemark,CTRY,LIVE_BIRTHS,11.973
2006,NLD,Pays-Bas,NLD,Pays-Bas,CTRY,LIVE_BIRTHS,11.329
2006,GBR,Royaume-Uni,GBR,Royaume-Uni,CTRY,LIVE_BIRTHS,12.303
2006,LTU,Lituanie,LTU,Lituanie,CTRY,LIVE_BIRTHS,8.999
2006,FRA,France,FRA,France,CTRY,LIVE_BIRTHS,13.105
2006,POL,Pologne,POL,Pologne,CTRY,LIVE_BIRTHS,9.808
2007,POL,Pologne,POL,Pologne,CTRY,LIVE_BIRTHS,10.174
2007,FRA,France,FRA,France,CTRY,LIVE_BIRTHS,12.851
2007,LTU,Lituanie,LTU,Lituanie,CTRY,LIVE_BIRTHS,9.237
2007,GBR,Royaume-Uni,GBR,Royaume-Uni,CTRY,LIVE_BIRTHS,12.59
2007,NLD,Pays-Bas,NLD,Pays-Bas,CTRY,LIVE_BIRTHS,11.085
2007,DNK,Danemark,DNK,Danemark,CTRY,LIVE_BIRTHS,11.764
2007,HUN,Hongrie,HUN,Hongrie,CTRY,LIVE_BIRTHS,9.697
2007,PRT,Portugal,PRT,Portugal,CTRY,LIVE_BIRTHS,9.731
2007,ITA,Italie,ITA,Italie,CTRY,LIVE_BIRTHS,9.638
2007,SVN,Slovénie,SVN,Slovénie,CTRY,LIVE_BIRTHS,9.86
2007,FIN,Finlande,FIN,Finlande,CTRY,LIVE_BIRTHS,11.129
2007,AUT,Autriche,AUT,Autriche,CTRY,LIVE_BIRTHS,9.206
2007,NOR,Norvège,NOR,Norvège,CTRY,LIVE_BIRTHS,12.488
2007,IRL,Irlande,IRL,Irlande,CTRY,LIVE_BIRTHS,16.449
2007,BEL,Belgique,BEL,Belgique,CTRY,LIVE_BIRTHS,11.724
2007,EST,Estonie,EST,Estonie,CTRY,LIVE_BIRTHS,11.747
2007,CHE,Suisse,CHE,Suisse,CTRY,LIVE_BIRTHS,9.921
2007,GRC,Grèce,GRC,Grèce,CTRY,LIVE_BIRTHS,10.142
2007,LVA,Lettonie,LVA,Lettonie,CTRY,LIVE_BIRTHS,10.846
2007,SWE,Suède,SWE,Suède,CTRY,LIVE_BIRTHS,11.787
2007,ESP,Espagne,ESP,Espagne,CTRY,LIVE_BIRTHS,10.967
2007,SVK,République slovaque,SVK,République slovaque,CTRY,LIVE_BIRTHS,10.129
2007,DEU,Allemagne,DEU,Allemagne,CTRY,LIVE_BIRTHS,8.32
2007,LUX,Luxembourg,LUX,Luxembourg,CTRY,LIVE_BIRTHS,11.502
2007,ISL,Islande,ISL,Islande,CTRY,LIVE_BIRTHS,14.821
2008,ISL,Islande,ISL,Islande,CTRY,LIVE_BIRTHS,15.327
2008,LUX,Luxembourg,LUX,Luxembourg,CTRY,LIVE_BIRTHS,11.567
2008,DEU,Allemagne,DEU,Allemagne,CTRY,LIVE_BIRTHS,8.301
2008,SVK,République slovaque,SVK,République slovaque,CTRY,LIVE_BIRTHS,10.67
2008,ESP,Espagne,ESP,Espagne,CTRY,LIVE_BIRTHS,11.354
2008,SWE,Suède,SWE,Suède,CTRY,LIVE_BIRTHS,11.903
2008,LVA,Lettonie,LVA,Lettonie,CTRY,LIVE_BIRTHS,11.131
2008,GRC,Grèce,GRC,Grèce,CTRY,LIVE_BIRTHS,10.695
2008,CHE,Suisse,CHE,Suisse,CTRY,LIVE_BIRTHS,10.1
2008,EST,Estonie,EST,Estonie,CTRY,LIVE_BIRTHS,11.975
2008,BEL,Belgique,BEL,Belgique,CTRY,LIVE_BIRTHS,11.925
2008,IRL,Irlande,IRL,Irlande,CTRY,LIVE_BIRTHS,16.863
2008,NOR,Norvège,NOR,Norvège,CTRY,LIVE_BIRTHS,12.771
2008,AUT,Autriche,AUT,Autriche,CTRY,LIVE_BIRTHS,9.359
2008,FIN,Finlande,FIN,Finlande,CTRY,LIVE_BIRTHS,11.231
2008,SVN,Slovénie,SVN,Slovénie,CTRY,LIVE_BIRTHS,10.853
2008,ITA,Italie,ITA,Italie,CTRY,LIVE_BIRTHS,9.774
2008,PRT,Portugal,PRT,Portugal,CTRY,LIVE_BIRTHS,9.911
2008,HUN,Hongrie,HUN,Hongrie,CTRY,LIVE_BIRTHS,9.87
2008,DNK,Danemark,DNK,Danemark,CTRY,LIVE_BIRTHS,11.877
2008,NLD,Pays-Bas,NLD,Pays-Bas,CTRY,LIVE_BIRTHS,11.254
2008,GBR,Royaume-Uni,GBR,Royaume-Uni,CTRY,LIVE_BIRTHS,12.845
2008,LTU,Lituanie,LTU,Lituanie,CTRY,LIVE_BIRTHS,9.816
2008,FRA,France,FRA,France,CTRY,LIVE_BIRTHS,12.932
2008,POL,Pologne,POL,Pologne,CTRY,LIVE_BIRTHS,10.875
2009,POL,Pologne,POL,Pologne,CTRY,LIVE_BIRTHS,10.95
2009,FRA,France,FRA,France,CTRY,LIVE_BIRTHS,12.794
2009,LTU,Lituanie,LTU,Lituanie,CTRY,LIVE_BIRTHS,10.103
2009,GBR,Royaume-Uni,GBR,Royaume-Uni,CTRY,LIVE_BIRTHS,12.688
2009,NLD,Pays-Bas,NLD,Pays-Bas,CTRY,LIVE_BIRTHS,11.217
2009,DNK,Danemark,DNK,Danemark,CTRY,LIVE_BIRTHS,11.398
2009,HUN,Hongrie,HUN,Hongrie,CTRY,LIVE_BIRTHS,9.614
2009,PRT,Portugal,PRT,Portugal,CTRY,LIVE_BIRTHS,9.419
2009,ITA,Italie,ITA,Italie,CTRY,LIVE_BIRTHS,9.573
2009,SVN,Slovénie,SVN,Slovénie,CTRY,LIVE_BIRTHS,10.754
2009,FIN,Finlande,FIN,Finlande,CTRY,LIVE_BIRTHS,11.346
2009,AUT,Autriche,AUT,Autriche,CTRY,LIVE_BIRTHS,9.159
2009,NOR,Norvège,NOR,Norvège,CTRY,LIVE_BIRTHS,12.878
2009,IRL,Irlande,IRL,Irlande,CTRY,LIVE_BIRTHS,16.711
2009,BEL,Belgique,BEL,Belgique,CTRY,LIVE_BIRTHS,11.829
2009,EST,Estonie,EST,Estonie,CTRY,LIVE_BIRTHS,11.801
2009,CHE,Suisse,CHE,Suisse,CTRY,LIVE_BIRTHS,10.165
2009,GRC,Grèce,GRC,Grèce,CTRY,LIVE_BIRTHS,10.63
2009,LVA,Lettonie,LVA,Lettonie,CTRY,LIVE_BIRTHS,10.192
2009,SWE,Suède,SWE,Suède,CTRY,LIVE_BIRTHS,12.078
2009,ESP,Espagne,ESP,Espagne,CTRY,LIVE_BIRTHS,10.677
2009,SVK,République slovaque,SVK,République slovaque,CTRY,LIVE_BIRTHS,11.374
2009,DEU,Allemagne,DEU,Allemagne,CTRY,LIVE_BIRTHS,8.111
2009,LUX,Luxembourg,LUX,Luxembourg,CTRY,LIVE_BIRTHS,11.425
2009,ISL,Islande,ISL,Islande,CTRY,LIVE_BIRTHS,15.737
2010,ISL,Islande,ISL,Islande,CTRY,LIVE_BIRTHS,15.449
2010,LUX,Luxembourg,LUX,Luxembourg,CTRY,LIVE_BIRTHS,11.7
2010,DEU,Allemagne,DEU,Allemagne,CTRY,LIVE_BIRTHS,8.288
2010,SVK,République slovaque,SVK,République slovaque,CTRY,LIVE_BIRTHS,11.207
2010,ESP,Espagne,ESP,Espagne,CTRY,LIVE_BIRTHS,10.439
2010,SWE,Suède,SWE,Suède,CTRY,LIVE_BIRTHS,12.38
2010,LVA,Lettonie,LVA,Lettonie,CTRY,LIVE_BIRTHS,9.328
2010,GRC,Grèce,GRC,Grèce,CTRY,LIVE_BIRTHS,10.321
2010,CHE,Suisse,CHE,Suisse,CTRY,LIVE_BIRTHS,10.312
2010,EST,Estonie,EST,Estonie,CTRY,LIVE_BIRTHS,11.869
2010,BEL,Belgique,BEL,Belgique,CTRY,LIVE_BIRTHS,12.002
2010,IRL,Irlande,IRL,Irlande,CTRY,LIVE_BIRTHS,16.524
2010,NOR,Norvège,NOR,Norvège,CTRY,LIVE_BIRTHS,12.647
2010,AUT,Autriche,AUT,Autriche,CTRY,LIVE_BIRTHS,9.428
2010,FIN,Finlande,FIN,Finlande,CTRY,LIVE_BIRTHS,11.395
2010,SVN,Slovénie,SVN,Slovénie,CTRY,LIVE_BIRTHS,10.915
2010,ITA,Italie,ITA,Italie,CTRY,LIVE_BIRTHS,9.414
2010,PRT,Portugal,PRT,Portugal,CTRY,LIVE_BIRTHS,9.588
2010,HUN,Hongrie,HUN,Hongrie,CTRY,LIVE_BIRTHS,9.021
2010,DNK,Danemark,DNK,Danemark,CTRY,LIVE_BIRTHS,11.457
2010,NLD,Pays-Bas,NLD,Pays-Bas,CTRY,LIVE_BIRTHS,11.125
2010,GBR,Royaume-Uni,GBR,Royaume-Uni,CTRY,LIVE_BIRTHS,12.86
2010,LTU,Lituanie,LTU,Lituanie,CTRY,LIVE_BIRTHS,9.763
2010,FRA,France,FRA,France,CTRY,LIVE_BIRTHS,12.867
2010,POL,Pologne,POL,Pologne,CTRY,LIVE_BIRTHS,10.87
2011,POL,Pologne,POL,Pologne,CTRY,LIVE_BIRTHS,10.205
2011,FRA,France,FRA,France,CTRY,LIVE_BIRTHS,12.658
2011,LTU,Lituanie,LTU,Lituanie,CTRY,LIVE_BIRTHS,9.916
2011,GBR,Royaume-Uni,GBR,Royaume-Uni,CTRY,LIVE_BIRTHS,12.761
2011,NLD,Pays-Bas,NLD,Pays-Bas,CTRY,LIVE_BIRTHS,10.811
2011,DNK,Danemark,DNK,Danemark,CTRY,LIVE_BIRTHS,10.61
2011,HUN,Hongrie,HUN,Hongrie,CTRY,LIVE_BIRTHS,8.817
2011,PRT,Portugal,PRT,Portugal,CTRY,LIVE_BIRTHS,9.161
2011,ITA,Italie,ITA,Italie,CTRY,LIVE_BIRTHS,9.118
2011,SVN,Slovénie,SVN,Slovénie,CTRY,LIVE_BIRTHS,10.705
2011,FIN,Finlande,FIN,Finlande,CTRY,LIVE_BIRTHS,11.155
2011,AUT,Autriche,AUT,Autriche,CTRY,LIVE_BIRTHS,9.326
2011,NOR,Norvège,NOR,Norvège,CTRY,LIVE_BIRTHS,12.239
2011,IRL,Irlande,IRL,Irlande,CTRY,LIVE_BIRTHS,16.197
2011,BEL,Belgique,BEL,Belgique,CTRY,LIVE_BIRTHS,11.7
2011,EST,Estonie,EST,Estonie,CTRY,LIVE_BIRTHS,11.04
2011,CHE,Suisse,CHE,Suisse,CTRY,LIVE_BIRTHS,10.268
2011,GRC,Grèce,GRC,Grèce,CTRY,LIVE_BIRTHS,9.568
2011,LVA,Lettonie,LVA,Lettonie,CTRY,LIVE_BIRTHS,9.074
2011,SWE,Suède,SWE,Suède,CTRY,LIVE_BIRTHS,11.871
2011,ESP,Espagne,ESP,Espagne,CTRY,LIVE_BIRTHS,10.083
2011,SVK,République slovaque,SVK,République slovaque,CTRY,LIVE_BIRTHS,11.277
2011,DEU,Allemagne,DEU,Allemagne,CTRY,LIVE_BIRTHS,8.261
2011,LUX,Luxembourg,LUX,Luxembourg,CTRY,LIVE_BIRTHS,11.017
2011,ISL,Islande,ISL,Islande,CTRY,LIVE_BIRTHS,14.106
2012,ISL,Islande,ISL,Islande,CTRY,LIVE_BIRTHS,14.184
2012,LUX,Luxembourg,LUX,Luxembourg,CTRY,LIVE_BIRTHS,11.481
2012,DEU,Allemagne,DEU,Allemagne,CTRY,LIVE_BIRTHS,8.385
2012,SVK,République slovaque,SVK,République slovaque,CTRY,LIVE_BIRTHS,10.276
2012,ESP,Espagne,ESP,Espagne,CTRY,LIVE_BIRTHS,9.683
2012,SWE,Suède,SWE,Suède,CTRY,LIVE_BIRTHS,11.935
2012,LVA,Lettonie,LVA,Lettonie,CTRY,LIVE_BIRTHS,9.73
2012,GRC,Grèce,GRC,Grèce,CTRY,LIVE_BIRTHS,9.054
2012,CHE,Suisse,CHE,Suisse,CTRY,LIVE_BIRTHS,10.329
2012,EST,Estonie,EST,Estonie,CTRY,LIVE_BIRTHS,10.607
2012,BEL,Belgique,BEL,Belgique,CTRY,LIVE_BIRTHS,11.561
2012,IRL,Irlande,IRL,Irlande,CTRY,LIVE_BIRTHS,15.618
2012,NOR,Norvège,NOR,Norvège,CTRY,LIVE_BIRTHS,12.085
2012,AUT,Autriche,AUT,Autriche,CTRY,LIVE_BIRTHS,9.39
2012,FIN,Finlande,FIN,Finlande,CTRY,LIVE_BIRTHS,11.015
2012,SVN,Slovénie,SVN,Slovénie,CTRY,LIVE_BIRTHS,10.673
2012,ITA,Italie,ITA,Italie,CTRY,LIVE_BIRTHS,8.888
2012,PRT,Portugal,PRT,Portugal,CTRY,LIVE_BIRTHS,8.509
2012,HUN,Hongrie,HUN,Hongrie,CTRY,LIVE_BIRTHS,9.089
2012,DNK,Danemark,DNK,Danemark,CTRY,LIVE_BIRTHS,10.378
2012,NLD,Pays-Bas,NLD,Pays-Bas,CTRY,LIVE_BIRTHS,10.517
2012,GBR,Royaume-Uni,GBR,Royaume-Uni,CTRY,LIVE_BIRTHS,12.757
2012,LTU,Lituanie,LTU,Lituanie,CTRY,LIVE_BIRTHS,9.969
2012,FRA,France,FRA,France,CTRY,LIVE_BIRTHS,12.59
2012,POL,Pologne,POL,Pologne,CTRY,LIVE_BIRTHS,10.148
2013,POL,Pologne,POL,Pologne,CTRY,LIVE_BIRTHS,9.71
2013,FRA,France,FRA,France,CTRY,LIVE_BIRTHS,12.383
2013,LTU,Lituanie,LTU,Lituanie,CTRY,LIVE_BIRTHS,9.702
2013,GBR,Royaume-Uni,GBR,Royaume-Uni,CTRY,LIVE_BIRTHS,12.139
2013,NLD,Pays-Bas,NLD,Pays-Bas,CTRY,LIVE_BIRTHS,10.211
2013,DNK,Danemark,DNK,Danemark,CTRY,LIVE_BIRTHS,9.973
2013,HUN,Hongrie,HUN,Hongrie,CTRY,LIVE_BIRTHS,9.047
2013,PRT,Portugal,PRT,Portugal,CTRY,LIVE_BIRTHS,7.882
2013,ITA,Italie,ITA,Italie,CTRY,LIVE_BIRTHS,8.532
2013,SVN,Slovénie,SVN,Slovénie,CTRY,LIVE_BIRTHS,10.254
2013,FIN,Finlande,FIN,Finlande,CTRY,LIVE_BIRTHS,10.713
2013,AUT,Autriche,AUT,Autriche,CTRY,LIVE_BIRTHS,9.386
2013,NOR,Norvège,NOR,Norvège,CTRY,LIVE_BIRTHS,11.656
2013,IRL,Irlande,IRL,Irlande,CTRY,LIVE_BIRTHS,14.958
2013,BEL,Belgique,BEL,Belgique,CTRY,LIVE_BIRTHS,11.277
2013,EST,Estonie,EST,Estonie,CTRY,LIVE_BIRTHS,10.249
2013,CHE,Suisse,CHE,Suisse,CTRY,LIVE_BIRTHS,10.291
2013,GRC,Grèce,GRC,Grèce,CTRY,LIVE_BIRTHS,8.555
2013,LVA,Lettonie,LVA,Lettonie,CTRY,LIVE_BIRTHS,10.177
2013,SWE,Suède,SWE,Suède,CTRY,LIVE_BIRTHS,11.887
2013,ESP,Espagne,ESP,Espagne,CTRY,LIVE_BIRTHS,9.086
2013,SVK,République slovaque,SVK,République slovaque,CTRY,LIVE_BIRTHS,10.132
2013,DEU,Allemagne,DEU,Allemagne,CTRY,LIVE_BIRTHS,8.47
2013,LUX,Luxembourg,LUX,Luxembourg,CTRY,LIVE_BIRTHS,11.387
2013,ISL,Islande,ISL,Islande,CTRY,LIVE_BIRTHS,13.441
2014,ISL,Islande,ISL,Islande,CTRY,LIVE_BIRTHS,13.434
2014,LUX,Luxembourg,LUX,Luxembourg,CTRY,LIVE_BIRTHS,11.043
2014,DEU,Allemagne,DEU,Allemagne,CTRY,LIVE_BIRTHS,8.852
2014,SVK,République slovaque,SVK,République slovaque,CTRY,LIVE_BIRTHS,10.161
2014,ESP,Espagne,ESP,Espagne,CTRY,LIVE_BIRTHS,9.164
2014,SWE,Suède,SWE,Suède,CTRY,LIVE_BIRTHS,11.914
2014,LVA,Lettonie,LVA,Lettonie,CTRY,LIVE_BIRTHS,10.865
2014,GRC,Grèce,GRC,Grèce,CTRY,LIVE_BIRTHS,8.433
2014,CHE,Suisse,CHE,Suisse,CTRY,LIVE_BIRTHS,10.478
2014,EST,Estonie,EST,Estonie,CTRY,LIVE_BIRTHS,10.299
2014,BEL,Belgique,BEL,Belgique,CTRY,LIVE_BIRTHS,11.181
2014,IRL,Irlande,IRL,Irlande,CTRY,LIVE_BIRTHS,14.51
2014,NOR,Norvège,NOR,Norvège,CTRY,LIVE_BIRTHS,11.543
2014,AUT,Autriche,AUT,Autriche,CTRY,LIVE_BIRTHS,9.606
2014,FIN,Finlande,FIN,Finlande,CTRY,LIVE_BIRTHS,10.499
2014,SVN,Slovénie,SVN,Slovénie,CTRY,LIVE_BIRTHS,10.269
2014,ITA,Italie,ITA,Italie,CTRY,LIVE_BIRTHS,8.329
2014,PRT,Portugal,PRT,Portugal,CTRY,LIVE_BIRTHS,7.886
2014,HUN,Hongrie,HUN,Hongrie,CTRY,LIVE_BIRTHS,9.47
2014,DNK,Danemark,DNK,Danemark,CTRY,LIVE_BIRTHS,10.106
2014,NLD,Pays-Bas,NLD,Pays-Bas,CTRY,LIVE_BIRTHS,10.409
2014,GBR,Royaume-Uni,GBR,Royaume-Uni,CTRY,LIVE_BIRTHS,12.011
2014,LTU,Lituanie,LTU,Lituanie,CTRY,LIVE_BIRTHS,9.961
2014,FRA,France,FRA,France,CTRY,LIVE_BIRTHS,12.383
2014,POL,Pologne,POL,Pologne,CTRY,LIVE_BIRTHS,9.868
2015,POL,Pologne,POL,Pologne,CTRY,LIVE_BIRTHS,9.717
2015,FRA,France,FRA,France,CTRY,LIVE_BIRTHS,12.033
2015,LTU,Lituanie,LTU,Lituanie,CTRY,LIVE_BIRTHS,10.273
2015,GBR,Royaume-Uni,GBR,Royaume-Uni,CTRY,LIVE_BIRTHS,11.938
2015,NLD,Pays-Bas,NLD,Pays-Bas,CTRY,LIVE_BIRTHS,10.089
2015,DNK,Danemark,DNK,Danemark,CTRY,LIVE_BIRTHS,10.284
2015,HUN,Hongrie,HUN,Hongrie,CTRY,LIVE_BIRTHS,9.386
2015,PRT,Portugal,PRT,Portugal,CTRY,LIVE_BIRTHS,8.225
2015,ITA,Italie,ITA,Italie,CTRY,LIVE_BIRTHS,8.057
2015,SVN,Slovénie,SVN,Slovénie,CTRY,LIVE_BIRTHS,10.006
2015,FIN,Finlande,FIN,Finlande,CTRY,LIVE_BIRTHS,10.138
2015,AUT,Autriche,AUT,Autriche,CTRY,LIVE_BIRTHS,9.829
2015,NOR,Norvège,NOR,Norvège,CTRY,LIVE_BIRTHS,11.385
2015,IRL,Irlande,IRL,Irlande,CTRY,LIVE_BIRTHS,14.011
2015,BEL,Belgique,BEL,Belgique,CTRY,LIVE_BIRTHS,10.881
2015,EST,Estonie,EST,Estonie,CTRY,LIVE_BIRTHS,10.577
2015,CHE,Suisse,CHE,Suisse,CTRY,LIVE_BIRTHS,10.508
2015,GRC,Grèce,GRC,Grèce,CTRY,LIVE_BIRTHS,8.459
2015,LVA,Lettonie,LVA,Lettonie,CTRY,LIVE_BIRTHS,11.066
2015,SWE,Suède,SWE,Suède,CTRY,LIVE_BIRTHS,11.785
2015,ESP,Espagne,ESP,Espagne,CTRY,LIVE_BIRTHS,9.013
2015,SVK,République slovaque,SVK,République slovaque,CTRY,LIVE_BIRTHS,10.256
2015,DEU,Allemagne,DEU,Allemagne,CTRY,LIVE_BIRTHS,9.084
2015,LUX,Luxembourg,LUX,Luxembourg,CTRY,LIVE_BIRTHS,10.862
2015,ISL,Islande,ISL,Islande,CTRY,LIVE_BIRTHS,12.546
2016,ISL,Islande,ISL,Islande,CTRY,LIVE_BIRTHS,12.131
2016,LUX,Luxembourg,LUX,Luxembourg,CTRY,LIVE_BIRTHS,10.499
2016,DEU,Allemagne,DEU,Allemagne,CTRY,LIVE_BIRTHS,9.64
2016,SVK,République slovaque,SVK,République slovaque,CTRY,LIVE_BIRTHS,10.607
2016,ESP,Espagne,ESP,Espagne,CTRY,LIVE_BIRTHS,8.805
2016,SWE,Suède,SWE,Suède,CTRY,LIVE_BIRTHS,11.92
2016,LVA,Lettonie,LVA,Lettonie,CTRY,LIVE_BIRTHS,11.157
2016,GRC,Grèce,GRC,Grèce,CTRY,LIVE_BIRTHS,8.615
2016,CHE,Suisse,CHE,Suisse,CTRY,LIVE_BIRTHS,10.554
2016,EST,Estonie,EST,Estonie,CTRY,LIVE_BIRTHS,10.679
2016,BEL,Belgique,BEL,Belgique,CTRY,LIVE_BIRTHS,10.777
2016,IRL,Irlande,IRL,Irlande,CTRY,LIVE_BIRTHS,13.508
2016,NOR,Norvège,NOR,Norvège,CTRY,LIVE_BIRTHS,11.295
2016,AUT,Autriche,AUT,Autriche,CTRY,LIVE_BIRTHS,10.077
2016,FIN,Finlande,FIN,Finlande,CTRY,LIVE_BIRTHS,9.625
2016,SVN,Slovénie,SVN,Slovénie,CTRY,LIVE_BIRTHS,9.856
2016,ITA,Italie,ITA,Italie,CTRY,LIVE_BIRTHS,7.869
2016,PRT,Portugal,PRT,Portugal,CTRY,LIVE_BIRTHS,8.403
2016,HUN,Hongrie,HUN,Hongrie,CTRY,LIVE_BIRTHS,9.751
2016,DNK,Danemark,DNK,Danemark,CTRY,LIVE_BIRTHS,10.796
2016,NLD,Pays-Bas,NLD,Pays-Bas,CTRY,LIVE_BIRTHS,10.161
2016,GBR,Royaume-Uni,GBR,Royaume-Uni,CTRY,LIVE_BIRTHS,11.808
2016,LTU,Lituanie,LTU,Lituanie,CTRY,LIVE_BIRTHS,10.193
2016,FRA,France,FRA,France,CTRY,LIVE_BIRTHS,11.77
2016,POL,Pologne,POL,Pologne,CTRY,LIVE_BIRTHS,10.068
2017,POL,Pologne,POL,Pologne,CTRY,LIVE_BIRTHS,10.586
2017,FRA,France,FRA,France,CTRY,LIVE_BIRTHS,11.526
2017,LTU,Lituanie,LTU,Lituanie,CTRY,LIVE_BIRTHS,9.762
2017,GBR,Royaume-Uni,GBR,Royaume-Uni,CTRY,LIVE_BIRTHS,11.444
2017,NLD,Pays-Bas,NLD,Pays-Bas,CTRY,LIVE_BIRTHS,9.943
2017,DNK,Danemark,DNK,Danemark,CTRY,LIVE_BIRTHS,10.68
2017,HUN,Hongrie,HUN,Hongrie,CTRY,LIVE_BIRTHS,9.717
2017,PRT,Portugal,PRT,Portugal,CTRY,LIVE_BIRTHS,8.329
2017,ITA,Italie,ITA,Italie,CTRY,LIVE_BIRTHS,7.627
2017,SVN,Slovénie,SVN,Slovénie,CTRY,LIVE_BIRTHS,9.798
2017,FIN,Finlande,FIN,Finlande,CTRY,LIVE_BIRTHS,9.144
2017,AUT,Autriche,AUT,Autriche,CTRY,LIVE_BIRTHS,9.989
2017,NOR,Norvège,NOR,Norvège,CTRY,LIVE_BIRTHS,10.77
2017,IRL,Irlande,IRL,Irlande,CTRY,LIVE_BIRTHS,12.882
2017,BEL,Belgique,BEL,Belgique,CTRY,LIVE_BIRTHS,10.544
2017,EST,Estonie,EST,Estonie,CTRY,LIVE_BIRTHS,10.477
2017,CHE,Suisse,CHE,Suisse,CTRY,LIVE_BIRTHS,10.378
2017,GRC,Grèce,GRC,Grèce,CTRY,LIVE_BIRTHS,8.224
2017,LVA,Lettonie,LVA,Lettonie,CTRY,LIVE_BIRTHS,10.68
2017,SWE,Suède,SWE,Suède,CTRY,LIVE_BIRTHS,11.547
2017,ESP,Espagne,ESP,Espagne,CTRY,LIVE_BIRTHS,8.415
2017,SVK,République slovaque,SVK,République slovaque,CTRY,LIVE_BIRTHS,10.665
2017,DEU,Allemagne,DEU,Allemagne,CTRY,LIVE_BIRTHS,9.511
2017,LUX,Luxembourg,LUX,Luxembourg,CTRY,LIVE_BIRTHS,10.453
2017,ISL,Islande,ISL,Islande,CTRY,LIVE_BIRTHS,12.032
2018,ISL,Islande,ISL,Islande,CTRY,LIVE_BIRTHS,12.134
2018,LUX,Luxembourg,LUX,Luxembourg,CTRY,LIVE_BIRTHS,10.422
2018,DEU,Allemagne,DEU,Allemagne,CTRY,LIVE_BIRTHS,9.512
2018,SVK,République slovaque,SVK,République slovaque,CTRY,LIVE_BIRTHS,10.589
2018,ESP,Espagne,ESP,Espagne,CTRY,LIVE_BIRTHS,7.95
2018,SWE,Suède,SWE,Suède,CTRY,LIVE_BIRTHS,11.446
2018,LVA,Lettonie,LVA,Lettonie,CTRY,LIVE_BIRTHS,9.985
2018,GRC,Grèce,GRC,Grèce,CTRY,LIVE_BIRTHS,8.048
2018,CHE,Suisse,CHE,Suisse,CTRY,LIVE_BIRTHS,10.355
2018,EST,Estonie,EST,Estonie,CTRY,LIVE_BIRTHS,10.891
2018,BEL,Belgique,BEL,Belgique,CTRY,LIVE_BIRTHS,10.38
2018,IRL,Irlande,IRL,Irlande,CTRY,LIVE_BIRTHS,12.567
2018,NOR,Norvège,NOR,Norvège,CTRY,LIVE_BIRTHS,10.409
2018,AUT,Autriche,AUT,Autriche,CTRY,LIVE_BIRTHS,9.695
2018,FIN,Finlande,FIN,Finlande,CTRY,LIVE_BIRTHS,8.63
2018,SVN,Slovénie,SVN,Slovénie,CTRY,LIVE_BIRTHS,9.476
2018,ITA,Italie,ITA,Italie,CTRY,LIVE_BIRTHS,7.337
2018,PRT,Portugal,PRT,Portugal,CTRY,LIVE_BIRTHS,8.419
2018,HUN,Hongrie,HUN,Hongrie,CTRY,LIVE_BIRTHS,9.622
2018,DNK,Danemark,DNK,Danemark,CTRY,LIVE_BIRTHS,10.634
2018,NLD,Pays-Bas,NLD,Pays-Bas,CTRY,LIVE_BIRTHS,9.809
2018,GBR,Royaume-Uni,GBR,Royaume-Uni,CTRY,LIVE_BIRTHS,11.028
2018,LTU,Lituanie,LTU,Lituanie,CTRY,LIVE_BIRTHS,9.48
2018,FRA,France,FRA,France,CTRY,LIVE_BIRTHS,11.327
2018,POL,Pologne,POL,Pologne,CTRY,LIVE_BIRTHS,10.221
2019,POL,Pologne,POL,Pologne,CTRY,LIVE_BIRTHS,9.874
2019,FRA,France,FRA,France,CTRY,LIVE_BIRTHS,11.205
2019,LTU,Lituanie,LTU,Lituanie,CTRY,LIVE_BIRTHS,8.88
2019,GBR,Royaume-Uni,GBR,Royaume-Uni,CTRY,LIVE_BIRTHS,10.694
2019,NLD,Pays-Bas,NLD,Pays-Bas,CTRY,LIVE_BIRTHS,9.818
2019,DNK,Danemark,DNK,Danemark,CTRY,LIVE_BIRTHS,10.535
2019,HUN,Hongrie,HUN,Hongrie,CTRY,LIVE_BIRTHS,9.598
2019,PRT,Portugal,PRT,Portugal,CTRY,LIVE_BIRTHS,8.378
2019,ITA,Italie,ITA,Italie,CTRY,LIVE_BIRTHS,7.023
2019,SVN,Slovénie,SVN,Slovénie,CTRY,LIVE_BIRTHS,9.288
2019,FIN,Finlande,FIN,Finlande,CTRY,LIVE_BIRTHS,8.266
2019,AUT,Autriche,AUT,Autriche,CTRY,LIVE_BIRTHS,9.59
2019,NOR,Norvège,NOR,Norvège,CTRY,LIVE_BIRTHS,10.228
2019,IRL,Irlande,IRL,Irlande,CTRY,LIVE_BIRTHS,12.001
2019,BEL,Belgique,BEL,Belgique,CTRY,LIVE_BIRTHS,10.274
2019,EST,Estonie,EST,Estonie,CTRY,LIVE_BIRTHS,10.642
2019,CHE,Suisse,CHE,Suisse,CTRY,LIVE_BIRTHS,10.085
2019,GRC,Grèce,GRC,Grèce,CTRY,LIVE_BIRTHS,7.81
2019,LVA,Lettonie,LVA,Lettonie,CTRY,LIVE_BIRTHS,9.785
2019,SWE,Suède,SWE,Suède,CTRY,LIVE_BIRTHS,11.195
2019,ESP,Espagne,ESP,Espagne,CTRY,LIVE_BIRTHS,7.646
2019,SVK,République slovaque,SVK,République slovaque,CTRY,LIVE_BIRTHS,10.468
2019,DEU,Allemagne,DEU,Allemagne,CTRY,LIVE_BIRTHS,9.372
2019,LUX,Luxembourg,LUX,Luxembourg,CTRY,LIVE_BIRTHS,10.148
2019,ISL,Islande,ISL,Islande,CTRY,LIVE_BIRTHS,12.471
2020,ISL,Islande,ISL,Islande,CTRY,LIVE_BIRTHS,12.391
2020,LUX,Luxembourg,LUX,Luxembourg,CTRY,LIVE_BIRTHS,10.316
2020,DEU,Allemagne,DEU,Allemagne,CTRY,LIVE_BIRTHS,9.296
2020,SVK,République slovaque,SVK,République slovaque,CTRY,LIVE_BIRTHS,10.38
2020,ESP,Espagne,ESP,Espagne,CTRY,LIVE_BIRTHS,7.199
2020,SWE,Suède,SWE,Suède,CTRY,LIVE_BIRTHS,10.949
2020,LVA,Lettonie,LVA,Lettonie,CTRY,LIVE_BIRTHS,9.201
2020,GRC,Grèce,GRC,Grèce,CTRY,LIVE_BIRTHS,7.908
2020,CHE,Suisse,CHE,Suisse,CTRY,LIVE_BIRTHS,9.983
2020,EST,Estonie,EST,Estonie,CTRY,LIVE_BIRTHS,9.939
2020,BEL,Belgique,BEL,Belgique,CTRY,LIVE_BIRTHS,9.924
2020,IRL,Irlande,IRL,Irlande,CTRY,LIVE_BIRTHS,11.164
2020,NOR,Norvège,NOR,Norvège,CTRY,LIVE_BIRTHS,9.87
2020,AUT,Autriche,AUT,Autriche,CTRY,LIVE_BIRTHS,9.392
2020,FIN,Finlande,FIN,Finlande,CTRY,LIVE_BIRTHS,8.409
2020,SVN,Slovénie,SVN,Slovénie,CTRY,LIVE_BIRTHS,8.954
2020,ITA,Italie,ITA,Italie,CTRY,LIVE_BIRTHS,6.789
2020,PRT,Portugal,PRT,Portugal,CTRY,LIVE_BIRTHS,8.147
2020,HUN,Hongrie,HUN,Hongrie,CTRY,LIVE_BIRTHS,9.681
2020,DNK,Danemark,DNK,Danemark,CTRY,LIVE_BIRTHS,10.465
2020,NLD,Pays-Bas,NLD,Pays-Bas,CTRY,LIVE_BIRTHS,9.69
2020,GBR,Royaume-Uni,GBR,Royaume-Uni,CTRY,LIVE_BIRTHS,10.21
2020,LTU,Lituanie,LTU,Lituanie,CTRY,LIVE_BIRTHS,8.383
2020,FRA,France,FRA,France,CTRY,LIVE_BIRTHS,10.905
2020,POL,Pologne,POL,Pologne,CTRY,LIVE_BIRTHS,9.361
2021,POL,Pologne,POL,Pologne,CTRY,LIVE_BIRTHS,8.942
2021,FRA,France,FRA,France,CTRY,LIVE_BIRTHS,10.964
2021,LTU,Lituanie,LTU,Lituanie,CTRY,LIVE_BIRTHS,8.3
2021,GBR,Royaume-Uni,GBR,Royaume-Uni,CTRY,LIVE_BIRTHS,10.37
2021,NLD,Pays-Bas,NLD,Pays-Bas,CTRY,LIVE_BIRTHS,10.268
2021,DNK,Danemark,DNK,Danemark,CTRY,LIVE_BIRTHS,10.869
2021,HUN,Hongrie,HUN,Hongrie,CTRY,LIVE_BIRTHS,9.74
2021,PRT,Portugal,PRT,Portugal,CTRY,LIVE_BIRTHS,7.656
2021,ITA,Italie,ITA,Italie,CTRY,LIVE_BIRTHS,6.757
2021,SVN,Slovénie,SVN,Slovénie,CTRY,LIVE_BIRTHS,9.002
2021,FIN,Finlande,FIN,Finlande,CTRY,LIVE_BIRTHS,8.962
2021,AUT,Autriche,AUT,Autriche,CTRY,LIVE_BIRTHS,9.636
2021,NOR,Norvège,NOR,Norvège,CTRY,LIVE_BIRTHS,10.398
2021,IRL,Irlande,IRL,Irlande,CTRY,LIVE_BIRTHS,11.951
2021,BEL,Belgique,BEL,Belgique,CTRY,LIVE_BIRTHS,10.242
2021,EST,Estonie,EST,Estonie,CTRY,LIVE_BIRTHS,9.978
2021,CHE,Suisse,CHE,Suisse,CTRY,LIVE_BIRTHS,10.339
2021,GRC,Grèce,GRC,Grèce,CTRY,LIVE_BIRTHS,7.992
2021,LVA,Lettonie,LVA,Lettonie,CTRY,LIVE_BIRTHS,9.201
2021,SWE,Suède,SWE,Suède,CTRY,LIVE_BIRTHS,11.009
2021,ESP,Espagne,ESP,Espagne,CTRY,LIVE_BIRTHS,7.106
2021,SVK,République slovaque,SVK,République slovaque,CTRY,LIVE_BIRTHS,10.36
2021,DEU,Allemagne,DEU,Allemagne,CTRY,LIVE_BIRTHS,9.566
2021,LUX,Luxembourg,LUX,Luxembourg,CTRY,LIVE_BIRTHS,10.54
2021,ISL,Islande,ISL,Islande,CTRY,LIVE_BIRTHS,13.23
