Year,REF_AREA,Country,Program,Spending_type,Value of GDP %
2000,AUT,Autriche,family_total,cash,2.533
2001,AUT,Autriche,family_total,cash,2.459
2002,AUT,Autriche,family_total,cash,2.501
2003,AUT,Autriche,family_total,cash,2.599
2004,AUT,Autriche,family_total,cash,2.557
2005,AUT,Autriche,family_total,cash,2.477
2006,AUT,Autriche,family_total,cash,2.363
2007,AUT,Autriche,family_total,cash,2.227
2008,AUT,Autriche,family_total,cash,2.269
2009,AUT,Autriche,family_total,cash,2.389
2010,AUT,Autriche,family_total,cash,2.337
2011,AUT,Autriche,family_total,cash,2.082
2012,AUT,Autriche,family_total,cash,2.014
2013,AUT,Autriche,family_total,cash,2.007
2014,AUT,Autriche,family_total,cash,1.943
2015,AUT,Autriche,family_total,cash,1.966
2016,AUT,Autriche,family_total,cash,1.934
2017,AUT,Autriche,family_total,cash,1.896
2018,AUT,Autriche,family_total,cash,1.843
2019,AUT,Autriche,family_total,cash,1.781
2020,AUT,Autriche,family_total,cash,2.051
2021,AUT,Autriche,family_total,cash,1.781
2000,BEL,Belgique,family_total,cash,1.743
2001,BEL,Belgique,family_total,cash,1.745
2002,BEL,Belgique,family_total,cash,1.732
2003,BEL,Belgique,family_total,cash,1.755
2004,BEL,Belgique,family_total,cash,1.706
2005,BEL,Belgique,family_total,cash,1.678
2006,BEL,Belgique,family_total,cash,1.668
2007,BEL,Belgique,family_total,cash,1.711
2008,BEL,Belgique,family_total,cash,1.711
2009,BEL,Belgique,family_total,cash,1.816
2010,BEL,Belgique,family_total,cash,1.783
2011,BEL,Belgique,family_total,cash,1.787
2012,BEL,Belgique,family_total,cash,1.817
2013,BEL,Belgique,family_total,cash,1.82
2014,BEL,Belgique,family_total,cash,1.815
2015,BEL,Belgique,family_total,cash,1.763
2016,BEL,Belgique,family_total,cash,1.729
2017,BEL,Belgique,family_total,cash,1.724
2018,BEL,Belgique,family_total,cash,1.697
2019,BEL,Belgique,family_total,cash,1.66
2020,BEL,Belgique,family_total,cash,1.781
2021,BEL,Belgique,family_total,cash,1.654
2000,DNK,Danemark,family_total,cash,1.455
2001,DNK,Danemark,family_total,cash,1.454
2002,DNK,Danemark,family_total,cash,1.491
2003,DNK,Danemark,family_total,cash,1.584
2004,DNK,Danemark,family_total,cash,1.564
2005,DNK,Danemark,family_total,cash,1.507
2006,DNK,Danemark,family_total,cash,1.45
2007,DNK,Danemark,family_total,cash,1.483
2008,DNK,Danemark,family_total,cash,1.482
2009,DNK,Danemark,family_total,cash,1.613
2010,DNK,Danemark,family_total,cash,1.561
2011,DNK,Danemark,family_total,cash,1.5
2012,DNK,Danemark,family_total,cash,1.417
2013,DNK,Danemark,family_total,cash,1.395
2014,DNK,Danemark,family_total,cash,1.378
2015,DNK,Danemark,family_total,cash,1.357
2016,DNK,Danemark,family_total,cash,1.358
2017,DNK,Danemark,family_total,cash,1.314
2018,DNK,Danemark,family_total,cash,1.299
2019,DNK,Danemark,family_total,cash,1.273
2020,DNK,Danemark,family_total,cash,1.307
2021,DNK,Danemark,family_total,cash,1.187
2000,EST,Estonie,family_total,cash,1.52
2001,EST,Estonie,family_total,cash,1.354
2002,EST,Estonie,family_total,cash,1.3
2003,EST,Estonie,family_total,cash,1.169
2004,EST,Estonie,family_total,cash,1.551
2005,EST,Estonie,family_total,cash,1.412
2006,EST,Estonie,family_total,cash,2.745
2007,EST,Estonie,family_total,cash,1.293
2008,EST,Estonie,family_total,cash,1.651
2009,EST,Estonie,family_total,cash,2.131
2010,EST,Estonie,family_total,cash,2.135
2011,EST,Estonie,family_total,cash,1.841
2012,EST,Estonie,family_total,cash,1.627
2013,EST,Estonie,family_total,cash,1.548
2014,EST,Estonie,family_total,cash,1.529
2015,EST,Estonie,family_total,cash,1.951
2016,EST,Estonie,family_total,cash,2.05
2017,EST,Estonie,family_total,cash,1.978
2018,EST,Estonie,family_total,cash,2.237
2019,EST,Estonie,family_total,cash,2.258
2020,EST,Estonie,family_total,cash,2.346
2021,EST,Estonie,family_total,cash,2.117
2000,FIN,Finlande,family_total,cash,1.703
2001,FIN,Finlande,family_total,cash,1.606
2002,FIN,Finlande,family_total,cash,1.566
2003,FIN,Finlande,family_total,cash,1.556
2004,FIN,Finlande,family_total,cash,1.552
2005,FIN,Finlande,family_total,cash,1.526
2006,FIN,Finlande,family_total,cash,1.498
2007,FIN,Finlande,family_total,cash,1.427
2008,FIN,Finlande,family_total,cash,1.412
2009,FIN,Finlande,family_total,cash,1.587
2010,FIN,Finlande,family_total,cash,1.567
2011,FIN,Finlande,family_total,cash,1.507
2012,FIN,Finlande,family_total,cash,1.525
2013,FIN,Finlande,family_total,cash,1.516
2014,FIN,Finlande,family_total,cash,1.496
2015,FIN,Finlande,family_total,cash,1.408
2016,FIN,Finlande,family_total,cash,1.342
2017,FIN,Finlande,family_total,cash,1.234
2018,FIN,Finlande,family_total,cash,1.17
2019,FIN,Finlande,family_total,cash,1.113
2020,FIN,Finlande,family_total,cash,1.171
2021,FIN,Finlande,family_total,cash,1.117
2000,FRA,France,family_total,cash,1.441
2001,FRA,France,family_total,cash,1.425
2002,FRA,France,family_total,cash,1.435
2003,FRA,France,family_total,cash,1.422
2004,FRA,France,family_total,cash,1.375
2005,FRA,France,family_total,cash,1.356
2006,FRA,France,family_total,cash,1.694
2007,FRA,France,family_total,cash,1.636
2008,FRA,France,family_total,cash,1.602
2009,FRA,France,family_total,cash,1.698
2010,FRA,France,family_total,cash,1.61
2011,FRA,France,family_total,cash,1.557
2012,FRA,France,family_total,cash,1.575
2013,FRA,France,family_total,cash,1.576
2014,FRA,France,family_total,cash,1.565
2015,FRA,France,family_total,cash,1.498
2016,FRA,France,family_total,cash,1.46
2017,FRA,France,family_total,cash,1.424
2018,FRA,France,family_total,cash,1.391
2019,FRA,France,family_total,cash,1.339
2020,FRA,France,family_total,cash,1.509
2021,FRA,France,family_total,cash,1.303
2000,DEU,Allemagne,family_total,cash,1.358
2001,DEU,Allemagne,family_total,cash,1.316
2002,DEU,Allemagne,family_total,cash,1.369
2003,DEU,Allemagne,family_total,cash,1.363
2004,DEU,Allemagne,family_total,cash,1.337
2005,DEU,Allemagne,family_total,cash,1.326
2006,DEU,Allemagne,family_total,cash,1.029
2007,DEU,Allemagne,family_total,cash,1.112
2008,DEU,Allemagne,family_total,cash,1.129
2009,DEU,Allemagne,family_total,cash,1.28
2010,DEU,Allemagne,family_total,cash,1.243
2011,DEU,Allemagne,family_total,cash,1.185
2012,DEU,Allemagne,family_total,cash,1.157
2013,DEU,Allemagne,family_total,cash,1.125
2014,DEU,Allemagne,family_total,cash,1.112
2015,DEU,Allemagne,family_total,cash,1.099
2016,DEU,Allemagne,family_total,cash,1.068
2017,DEU,Allemagne,family_total,cash,1.04
2018,DEU,Allemagne,family_total,cash,1.06
2019,DEU,Allemagne,family_total,cash,1.049
2020,DEU,Allemagne,family_total,cash,1.286
2021,DEU,Allemagne,family_total,cash,1.208
2000,GRC,Grèce,family_total,cash,0.815
2001,GRC,Grèce,family_total,cash,0.759
2002,GRC,Grèce,family_total,cash,0.727
2003,GRC,Grèce,family_total,cash,0.759
2004,GRC,Grèce,family_total,cash,0.774
2005,GRC,Grèce,family_total,cash,0.772
2006,GRC,Grèce,family_total,cash,0.734
2007,GRC,Grèce,family_total,cash,0.827
2008,GRC,Grèce,family_total,cash,0.822
2009,GRC,Grèce,family_total,cash,0.918
2010,GRC,Grèce,family_total,cash,0.915
2011,GRC,Grèce,family_total,cash,0.944
2012,GRC,Grèce,family_total,cash,0.858
2013,GRC,Grèce,family_total,cash,0.986
2014,GRC,Grèce,family_total,cash,1.017
2015,GRC,Grèce,family_total,cash,0.932
2016,GRC,Grèce,family_total,cash,0.925
2017,GRC,Grèce,family_total,cash,1.322
2018,GRC,Grèce,family_total,cash,1.527
2019,GRC,Grèce,family_total,cash,1.204
2020,GRC,Grèce,family_total,cash,1.316
2021,GRC,Grèce,family_total,cash,1.331
2000,HUN,Hongrie,family_total,cash,1.879
2001,HUN,Hongrie,family_total,cash,1.788
2002,HUN,Hongrie,family_total,cash,1.788
2003,HUN,Hongrie,family_total,cash,1.974
2004,HUN,Hongrie,family_total,cash,1.779
2005,HUN,Hongrie,family_total,cash,1.796
2006,HUN,Hongrie,family_total,cash,2.077
2007,HUN,Hongrie,family_total,cash,2.129
2008,HUN,Hongrie,family_total,cash,2.162
2009,HUN,Hongrie,family_total,cash,2.273
2010,HUN,Hongrie,family_total,cash,2.193
2011,HUN,Hongrie,family_total,cash,2.056
2012,HUN,Hongrie,family_total,cash,2.005
2013,HUN,Hongrie,family_total,cash,1.89
2014,HUN,Hongrie,family_total,cash,1.732
2015,HUN,Hongrie,family_total,cash,1.568
2016,HUN,Hongrie,family_total,cash,1.55
2017,HUN,Hongrie,family_total,cash,1.493
2018,HUN,Hongrie,family_total,cash,1.409
2019,HUN,Hongrie,family_total,cash,1.346
2020,HUN,Hongrie,family_total,cash,1.471
2021,HUN,Hongrie,family_total,cash,1.319
2000,ISL,Islande,family_total,cash,0.993
2001,ISL,Islande,family_total,cash,1.106
2002,ISL,Islande,family_total,cash,1.221
2003,ISL,Islande,family_total,cash,1.397
2004,ISL,Islande,family_total,cash,1.357
2005,ISL,Islande,family_total,cash,1.217
2006,ISL,Islande,family_total,cash,1.155
2007,ISL,Islande,family_total,cash,1.328
2008,ISL,Islande,family_total,cash,1.344
2009,ISL,Islande,family_total,cash,1.454
2010,ISL,Islande,family_total,cash,1.351
2011,ISL,Islande,family_total,cash,1.13
2012,ISL,Islande,family_total,cash,1.032
2013,ISL,Islande,family_total,cash,1.14
2014,ISL,Islande,family_total,cash,1.047
2015,ISL,Islande,family_total,cash,0.985
2016,ISL,Islande,family_total,cash,0.883
2017,ISL,Islande,family_total,cash,0.904
2018,ISL,Islande,family_total,cash,0.94
2019,ISL,Islande,family_total,cash,1.032
2020,ISL,Islande,family_total,cash,1.25
2021,ISL,Islande,family_total,cash,1.222
2000,IRL,Irlande,family_total,cash,1.516
2001,IRL,Irlande,family_total,cash,1.716
2002,IRL,Irlande,family_total,cash,2.031
2003,IRL,Irlande,family_total,cash,2.112
2004,IRL,Irlande,family_total,cash,2.074
2005,IRL,Irlande,family_total,cash,2.045
2006,IRL,Irlande,family_total,cash,2.071
2007,IRL,Irlande,family_total,cash,2.144
2008,IRL,Irlande,family_total,cash,2.526
2009,IRL,Irlande,family_total,cash,2.919
2010,IRL,Irlande,family_total,cash,2.586
2011,IRL,Irlande,family_total,cash,2.417
2012,IRL,Irlande,family_total,cash,2.335
2013,IRL,Irlande,family_total,cash,2.127
2014,IRL,Irlande,family_total,cash,1.893
2015,IRL,Irlande,family_total,cash,1.385
2016,IRL,Irlande,family_total,cash,1.373
2017,IRL,Irlande,family_total,cash,1.242
2018,IRL,Irlande,family_total,cash,1.159
2019,IRL,Irlande,family_total,cash,1.071
2020,IRL,Irlande,family_total,cash,1.021
2021,IRL,Irlande,family_total,cash,0.877
2000,ITA,Italie,family_total,cash,0.6
2001,ITA,Italie,family_total,cash,0.618
2002,ITA,Italie,family_total,cash,0.585
2003,ITA,Italie,family_total,cash,0.613
2004,ITA,Italie,family_total,cash,0.619
2005,ITA,Italie,family_total,cash,0.596
2006,ITA,Italie,family_total,cash,0.624
2007,ITA,Italie,family_total,cash,0.633
2008,ITA,Italie,family_total,cash,0.649
2009,ITA,Italie,family_total,cash,0.788
2010,ITA,Italie,family_total,cash,0.658
2011,ITA,Italie,family_total,cash,0.682
2012,ITA,Italie,family_total,cash,0.721
2013,ITA,Italie,family_total,cash,0.751
2014,ITA,Italie,family_total,cash,0.74
2015,ITA,Italie,family_total,cash,0.72
2016,ITA,Italie,family_total,cash,0.743
2017,ITA,Italie,family_total,cash,0.769
2018,ITA,Italie,family_total,cash,0.762
2019,ITA,Italie,family_total,cash,0.756
2020,ITA,Italie,family_total,cash,0.851
2021,ITA,Italie,family_total,cash,0.837
2000,LVA,Lettonie,family_total,cash,1.252
2001,LVA,Lettonie,family_total,cash,1.196
2002,LVA,Lettonie,family_total,cash,1.107
2003,LVA,Lettonie,family_total,cash,1.138
2004,LVA,Lettonie,family_total,cash,1.046
2005,LVA,Lettonie,family_total,cash,1.067
2006,LVA,Lettonie,family_total,cash,0.971
2007,LVA,Lettonie,family_total,cash,0.944
2008,LVA,Lettonie,family_total,cash,1.141
2009,LVA,Lettonie,family_total,cash,1.481
2010,LVA,Lettonie,family_total,cash,1.281
2011,LVA,Lettonie,family_total,cash,0.937
2012,LVA,Lettonie,family_total,cash,0.808
2013,LVA,Lettonie,family_total,cash,0.967
2014,LVA,Lettonie,family_total,cash,1.06
2015,LVA,Lettonie,family_total,cash,1.309
2016,LVA,Lettonie,family_total,cash,1.403
2017,LVA,Lettonie,family_total,cash,1.389
2018,LVA,Lettonie,family_total,cash,1.438
2019,LVA,Lettonie,family_total,cash,1.422
2020,LVA,Lettonie,family_total,cash,1.494
2021,LVA,Lettonie,family_total,cash,1.957
2000,LTU,Lituanie,family_total,cash,0.938
2001,LTU,Lituanie,family_total,cash,0.807
2002,LTU,Lituanie,family_total,cash,0.733
2003,LTU,Lituanie,family_total,cash,0.667
2004,LTU,Lituanie,family_total,cash,0.716
2005,LTU,Lituanie,family_total,cash,0.748
2006,LTU,Lituanie,family_total,cash,0.719
2007,LTU,Lituanie,family_total,cash,0.801
2008,LTU,Lituanie,family_total,cash,1.44
2009,LTU,Lituanie,family_total,cash,2.278
2010,LTU,Lituanie,family_total,cash,1.788
2011,LTU,Lituanie,family_total,cash,1.294
2012,LTU,Lituanie,family_total,cash,1.005
2013,LTU,Lituanie,family_total,cash,0.803
2014,LTU,Lituanie,family_total,cash,0.775
2015,LTU,Lituanie,family_total,cash,0.795
2016,LTU,Lituanie,family_total,cash,0.819
2017,LTU,Lituanie,family_total,cash,0.862
2018,LTU,Lituanie,family_total,cash,1.224
2019,LTU,Lituanie,family_total,cash,1.46
2020,LTU,Lituanie,family_total,cash,1.802
2021,LTU,Lituanie,family_total,cash,1.626
2000,LUX,Luxembourg,family_total,cash,2.537
2001,LUX,Luxembourg,family_total,cash,2.588
2002,LUX,Luxembourg,family_total,cash,2.857
2003,LUX,Luxembourg,family_total,cash,3.234
2004,LUX,Luxembourg,family_total,cash,3.151
2005,LUX,Luxembourg,family_total,cash,3.05
2006,LUX,Luxembourg,family_total,cash,2.835
2007,LUX,Luxembourg,family_total,cash,2.657
2008,LUX,Luxembourg,family_total,cash,3.228
2009,LUX,Luxembourg,family_total,cash,3.367
2010,LUX,Luxembourg,family_total,cash,3.128
2011,LUX,Luxembourg,family_total,cash,2.832
2012,LUX,Luxembourg,family_total,cash,2.71
2013,LUX,Luxembourg,family_total,cash,2.589
2014,LUX,Luxembourg,family_total,cash,2.518
2015,LUX,Luxembourg,family_total,cash,2.421
2016,LUX,Luxembourg,family_total,cash,2.293
2017,LUX,Luxembourg,family_total,cash,2.309
2018,LUX,Luxembourg,family_total,cash,2.351
2019,LUX,Luxembourg,family_total,cash,2.327
2020,LUX,Luxembourg,family_total,cash,2.666
2021,LUX,Luxembourg,family_total,cash,2.151
2000,NLD,Pays-Bas,family_total,cash,0.664
2001,NLD,Pays-Bas,family_total,cash,0.639
2002,NLD,Pays-Bas,family_total,cash,0.64
2003,NLD,Pays-Bas,family_total,cash,0.642
2004,NLD,Pays-Bas,family_total,cash,0.634
2005,NLD,Pays-Bas,family_total,cash,0.604
2006,NLD,Pays-Bas,family_total,cash,0.582
2007,NLD,Pays-Bas,family_total,cash,0.563
2008,NLD,Pays-Bas,family_total,cash,0.671
2009,NLD,Pays-Bas,family_total,cash,0.715
2010,NLD,Pays-Bas,family_total,cash,0.69
2011,NLD,Pays-Bas,family_total,cash,0.68
2012,NLD,Pays-Bas,family_total,cash,0.652
2013,NLD,Pays-Bas,family_total,cash,0.643
2014,NLD,Pays-Bas,family_total,cash,0.633
2015,NLD,Pays-Bas,family_total,cash,0.736
2016,NLD,Pays-Bas,family_total,cash,0.738
2017,NLD,Pays-Bas,family_total,cash,0.709
2018,NLD,Pays-Bas,family_total,cash,0.681
2019,NLD,Pays-Bas,family_total,cash,0.707
2020,NLD,Pays-Bas,family_total,cash,0.802
2021,NLD,Pays-Bas,family_total,cash,0.733
2000,NOR,Norvège,family_total,cash,1.821
2001,NOR,Norvège,family_total,cash,1.887
2002,NOR,Norvège,family_total,cash,1.901
2003,NOR,Norvège,family_total,cash,1.854
2004,NOR,Norvège,family_total,cash,1.707
2005,NOR,Norvège,family_total,cash,1.539
2006,NOR,Norvège,family_total,cash,1.375
2007,NOR,Norvège,family_total,cash,1.313
2008,NOR,Norvège,family_total,cash,1.316
2009,NOR,Norvège,family_total,cash,1.486
2010,NOR,Norvège,family_total,cash,1.432
2011,NOR,Norvège,family_total,cash,1.364
2012,NOR,Norvège,family_total,cash,1.315
2013,NOR,Norvège,family_total,cash,1.294
2014,NOR,Norvège,family_total,cash,1.307
2015,NOR,Norvège,family_total,cash,1.353
2016,NOR,Norvège,family_total,cash,1.347
2017,NOR,Norvège,family_total,cash,1.263
2018,NOR,Norvège,family_total,cash,1.17
2019,NOR,Norvège,family_total,cash,1.214
2020,NOR,Norvège,family_total,cash,1.346
2021,NOR,Norvège,family_total,cash,1.108
2000,POL,Pologne,family_total,cash,0.944
2001,POL,Pologne,family_total,cash,0.972
2002,POL,Pologne,family_total,cash,0.963
2003,POL,Pologne,family_total,cash,0.883
2004,POL,Pologne,family_total,cash,0.894
2005,POL,Pologne,family_total,cash,0.847
2006,POL,Pologne,family_total,cash,0.824
2007,POL,Pologne,family_total,cash,0.8
2008,POL,Pologne,family_total,cash,0.738
2009,POL,Pologne,family_total,cash,0.746
2010,POL,Pologne,family_total,cash,0.784
2011,POL,Pologne,family_total,cash,0.71
2012,POL,Pologne,family_total,cash,0.672
2013,POL,Pologne,family_total,cash,0.706
2014,POL,Pologne,family_total,cash,0.656
2015,POL,Pologne,family_total,cash,0.803
2016,POL,Pologne,family_total,cash,1.793
2017,POL,Pologne,family_total,cash,1.997
2018,POL,Pologne,family_total,cash,1.828
2019,POL,Pologne,family_total,cash,2.279
2020,POL,Pologne,family_total,cash,2.912
2021,POL,Pologne,family_total,cash,2.521
2000,PRT,Portugal,family_total,cash,0.589
2001,PRT,Portugal,family_total,cash,0.593
2002,PRT,Portugal,family_total,cash,0.621
2003,PRT,Portugal,family_total,cash,0.65
2004,PRT,Portugal,family_total,cash,0.705
2005,PRT,Portugal,family_total,cash,0.73
2006,PRT,Portugal,family_total,cash,0.728
2007,PRT,Portugal,family_total,cash,0.73
2008,PRT,Portugal,family_total,cash,0.808
2009,PRT,Portugal,family_total,cash,0.993
2010,PRT,Portugal,family_total,cash,0.928
2011,PRT,Portugal,family_total,cash,0.773
2012,PRT,Portugal,family_total,cash,0.782
2013,PRT,Portugal,family_total,cash,0.745
2014,PRT,Portugal,family_total,cash,0.73
2015,PRT,Portugal,family_total,cash,0.738
2016,PRT,Portugal,family_total,cash,0.768
2017,PRT,Portugal,family_total,cash,0.759
2018,PRT,Portugal,family_total,cash,0.793
2019,PRT,Portugal,family_total,cash,0.826
2020,PRT,Portugal,family_total,cash,0.964
2021,PRT,Portugal,family_total,cash,0.878
2000,SVK,République slovaque,family_total,cash,1.528
2001,SVK,République slovaque,family_total,cash,1.366
2002,SVK,République slovaque,family_total,cash,1.336
2003,SVK,République slovaque,family_total,cash,1.302
2004,SVK,République slovaque,family_total,cash,1.553
2005,SVK,République slovaque,family_total,cash,1.127
2006,SVK,République slovaque,family_total,cash,1.04
2007,SVK,République slovaque,family_total,cash,0.978
2008,SVK,République slovaque,family_total,cash,0.931
2009,SVK,République slovaque,family_total,cash,1.132
2010,SVK,République slovaque,family_total,cash,1.168
2011,SVK,République slovaque,family_total,cash,1.2
2012,SVK,République slovaque,family_total,cash,1.192
2013,SVK,République slovaque,family_total,cash,1.181
2014,SVK,République slovaque,family_total,cash,1.146
2015,SVK,République slovaque,family_total,cash,1.092
2016,SVK,République slovaque,family_total,cash,1.098
2017,SVK,République slovaque,family_total,cash,1.116
2018,SVK,République slovaque,family_total,cash,1.044
2019,SVK,République slovaque,family_total,cash,1.127
2020,SVK,République slovaque,family_total,cash,1.344
2021,SVK,République slovaque,family_total,cash,1.456
2000,SVN,Slovénie,family_total,cash,1.511
2001,SVN,Slovénie,family_total,cash,1.482
2002,SVN,Slovénie,family_total,cash,1.418
2003,SVN,Slovénie,family_total,cash,1.381
2004,SVN,Slovénie,family_total,cash,1.376
2005,SVN,Slovénie,family_total,cash,1.356
2006,SVN,Slovénie,family_total,cash,1.343
2007,SVN,Slovénie,family_total,cash,1.205
2008,SVN,Slovénie,family_total,cash,1.261
2009,SVN,Slovénie,family_total,cash,1.552
2010,SVN,Slovénie,family_total,cash,1.603
2011,SVN,Slovénie,family_total,cash,1.617
2012,SVN,Slovénie,family_total,cash,1.528
2013,SVN,Slovénie,family_total,cash,1.394
2014,SVN,Slovénie,family_total,cash,1.326
2015,SVN,Slovénie,family_total,cash,1.28
2016,SVN,Slovénie,family_total,cash,1.243
2017,SVN,Slovénie,family_total,cash,1.192
2018,SVN,Slovénie,family_total,cash,1.166
2019,SVN,Slovénie,family_total,cash,1.175
2020,SVN,Slovénie,family_total,cash,1.279
2021,SVN,Slovénie,family_total,cash,1.253
2000,ESP,Espagne,family_total,cash,0.262
2001,ESP,Espagne,family_total,cash,0.257
2002,ESP,Espagne,family_total,cash,0.256
2003,ESP,Espagne,family_total,cash,0.382
2004,ESP,Espagne,family_total,cash,0.394
2005,ESP,Espagne,family_total,cash,0.435
2006,ESP,Espagne,family_total,cash,0.443
2007,ESP,Espagne,family_total,cash,0.493
2008,ESP,Espagne,family_total,cash,0.571
2009,ESP,Espagne,family_total,cash,0.611
2010,ESP,Espagne,family_total,cash,0.596
2011,ESP,Espagne,family_total,cash,0.5
2012,ESP,Espagne,family_total,cash,0.465
2013,ESP,Espagne,family_total,cash,0.488
2014,ESP,Espagne,family_total,cash,0.52
2015,ESP,Espagne,family_total,cash,0.509
2016,ESP,Espagne,family_total,cash,0.506
2017,ESP,Espagne,family_total,cash,0.51
2018,ESP,Espagne,family_total,cash,0.512
2019,ESP,Espagne,family_total,cash,0.54
2020,ESP,Espagne,family_total,cash,0.643
2021,ESP,Espagne,family_total,cash,0.626
2000,SWE,Suède,family_total,cash,1.402
2001,SWE,Suède,family_total,cash,1.467
2002,SWE,Suède,family_total,cash,1.455
2003,SWE,Suède,family_total,cash,1.452
2004,SWE,Suède,family_total,cash,1.436
2005,SWE,Suède,family_total,cash,1.42
2006,SWE,Suède,family_total,cash,1.451
2007,SWE,Suède,family_total,cash,1.41
2008,SWE,Suède,family_total,cash,1.411
2009,SWE,Suède,family_total,cash,1.473
2010,SWE,Suède,family_total,cash,1.429
2011,SWE,Suède,family_total,cash,1.402
2012,SWE,Suède,family_total,cash,1.424
2013,SWE,Suède,family_total,cash,1.434
2014,SWE,Suède,family_total,cash,1.404
2015,SWE,Suède,family_total,cash,1.349
2016,SWE,Suède,family_total,cash,1.347
2017,SWE,Suède,family_total,cash,1.335
2018,SWE,Suède,family_total,cash,1.397
2019,SWE,Suède,family_total,cash,1.375
2020,SWE,Suède,family_total,cash,1.367
2021,SWE,Suède,family_total,cash,1.271
2000,CHE,Suisse,family_total,cash,1.13
2001,CHE,Suisse,family_total,cash,1.145
2002,CHE,Suisse,family_total,cash,1.212
2003,CHE,Suisse,family_total,cash,1.209
2004,CHE,Suisse,family_total,cash,1.172
2005,CHE,Suisse,family_total,cash,1.174
2006,CHE,Suisse,family_total,cash,1.168
2007,CHE,Suisse,family_total,cash,1.116
2008,CHE,Suisse,family_total,cash,1.054
2009,CHE,Suisse,family_total,cash,1.144
2010,CHE,Suisse,family_total,cash,1.156
2011,CHE,Suisse,family_total,cash,1.149
2012,CHE,Suisse,family_total,cash,1.168
2013,CHE,Suisse,family_total,cash,1.188
2014,CHE,Suisse,family_total,cash,1.205
2015,CHE,Suisse,family_total,cash,1.223
2016,CHE,Suisse,family_total,cash,1.213
2017,CHE,Suisse,family_total,cash,1.224
2018,CHE,Suisse,family_total,cash,1.201
2019,CHE,Suisse,family_total,cash,1.223
2020,CHE,Suisse,family_total,cash,1.295
2021,CHE,Suisse,family_total,cash,1.241
2000,GBR,Royaume-Uni,family_total,cash,1.621
2001,GBR,Royaume-Uni,family_total,cash,1.644
2002,GBR,Royaume-Uni,family_total,cash,1.66
2003,GBR,Royaume-Uni,family_total,cash,1.948
2004,GBR,Royaume-Uni,family_total,cash,1.95
2005,GBR,Royaume-Uni,family_total,cash,1.929
2006,GBR,Royaume-Uni,family_total,cash,1.887
2007,GBR,Royaume-Uni,family_total,cash,2.023
2008,GBR,Royaume-Uni,family_total,cash,2.226
2009,GBR,Royaume-Uni,family_total,cash,2.474
2010,GBR,Royaume-Uni,family_total,cash,2.549
2011,GBR,Royaume-Uni,family_total,cash,2.483
2012,GBR,Royaume-Uni,family_total,cash,2.494
2013,GBR,Royaume-Uni,family_total,cash,2.369
2014,GBR,Royaume-Uni,family_total,cash,2.308
2015,GBR,Royaume-Uni,family_total,cash,2.214
2016,GBR,Royaume-Uni,family_total,cash,2.193
2017,GBR,Royaume-Uni,family_total,cash,2.106
2018,GBR,Royaume-Uni,family_total,cash,1.936
2019,GBR,Royaume-Uni,family_total,cash,1.455
2020,GBR,Royaume-Uni,family_total,cash,1.357
2021,GBR,Royaume-Uni,family_total,cash,1.051
2000,AUT,Autriche,family_total,in_kind,0.413
2001,AUT,Autriche,family_total,in_kind,0.413
2002,AUT,Autriche,family_total,in_kind,0.415
2003,AUT,Autriche,family_total,in_kind,0.431
2004,AUT,Autriche,family_total,in_kind,0.429
2005,AUT,Autriche,family_total,in_kind,0.43
2006,AUT,Autriche,family_total,in_kind,0.433
2007,AUT,Autriche,family_total,in_kind,0.437
2008,AUT,Autriche,family_total,in_kind,0.462
2009,AUT,Autriche,family_total,in_kind,0.551
2010,AUT,Autriche,family_total,in_kind,0.634
2011,AUT,Autriche,family_total,in_kind,0.631
2012,AUT,Autriche,family_total,in_kind,0.651
2013,AUT,Autriche,family_total,in_kind,0.676
2014,AUT,Autriche,family_total,in_kind,0.702
2015,AUT,Autriche,family_total,in_kind,0.712
2016,AUT,Autriche,family_total,in_kind,0.731
2017,AUT,Autriche,family_total,in_kind,0.726
2018,AUT,Autriche,family_total,in_kind,0.719
2019,AUT,Autriche,family_total,in_kind,0.744
2020,AUT,Autriche,family_total,in_kind,0.826
2021,AUT,Autriche,family_total,in_kind,0.809
2000,BEL,Belgique,family_total,in_kind,0.724
2001,BEL,Belgique,family_total,in_kind,0.824
2002,BEL,Belgique,family_total,in_kind,0.874
2003,BEL,Belgique,family_total,in_kind,0.906
2004,BEL,Belgique,family_total,in_kind,0.905
2005,BEL,Belgique,family_total,in_kind,0.908
2006,BEL,Belgique,family_total,in_kind,0.918
2007,BEL,Belgique,family_total,in_kind,0.931
2008,BEL,Belgique,family_total,in_kind,0.965
2009,BEL,Belgique,family_total,in_kind,1.02
2010,BEL,Belgique,family_total,in_kind,1.047
2011,BEL,Belgique,family_total,in_kind,1.057
2012,BEL,Belgique,family_total,in_kind,0.976
2013,BEL,Belgique,family_total,in_kind,1.011
2014,BEL,Belgique,family_total,in_kind,1.031
2015,BEL,Belgique,family_total,in_kind,1.022
2016,BEL,Belgique,family_total,in_kind,1.047
2017,BEL,Belgique,family_total,in_kind,1.03
2018,BEL,Belgique,family_total,in_kind,1.032
2019,BEL,Belgique,family_total,in_kind,1.073
2020,BEL,Belgique,family_total,in_kind,1.209
2021,BEL,Belgique,family_total,in_kind,1.149
2000,DNK,Danemark,family_total,in_kind,1.943
2001,DNK,Danemark,family_total,in_kind,2.007
2002,DNK,Danemark,family_total,in_kind,2.062
2003,DNK,Danemark,family_total,in_kind,2.082
2004,DNK,Danemark,family_total,in_kind,2.003
2005,DNK,Danemark,family_total,in_kind,1.984
2006,DNK,Danemark,family_total,in_kind,1.998
2007,DNK,Danemark,family_total,in_kind,2.182
2008,DNK,Danemark,family_total,in_kind,2.227
2009,DNK,Danemark,family_total,in_kind,2.429
2010,DNK,Danemark,family_total,in_kind,2.327
2011,DNK,Danemark,family_total,in_kind,2.418
2012,DNK,Danemark,family_total,in_kind,2.391
2013,DNK,Danemark,family_total,in_kind,2.326
2014,DNK,Danemark,family_total,in_kind,2.242
2015,DNK,Danemark,family_total,in_kind,2.173
2016,DNK,Danemark,family_total,in_kind,2.131
2017,DNK,Danemark,family_total,in_kind,2.09
2018,DNK,Danemark,family_total,in_kind,2.088
2019,DNK,Danemark,family_total,in_kind,2.05
2020,DNK,Danemark,family_total,in_kind,2.095
2021,DNK,Danemark,family_total,in_kind,1.959
2000,EST,Estonie,family_total,in_kind,0.226
2001,EST,Estonie,family_total,in_kind,0.251
2002,EST,Estonie,family_total,in_kind,0.274
2003,EST,Estonie,family_total,in_kind,0.253
2004,EST,Estonie,family_total,in_kind,0.287
2005,EST,Estonie,family_total,in_kind,0.326
2006,EST,Estonie,family_total,in_kind,0.37
2007,EST,Estonie,family_total,in_kind,0.318
2008,EST,Estonie,family_total,in_kind,0.452
2009,EST,Estonie,family_total,in_kind,0.43
2010,EST,Estonie,family_total,in_kind,0.422
2011,EST,Estonie,family_total,in_kind,0.382
2012,EST,Estonie,family_total,in_kind,0.393
2013,EST,Estonie,family_total,in_kind,0.281
2014,EST,Estonie,family_total,in_kind,0.729
2015,EST,Estonie,family_total,in_kind,0.785
2016,EST,Estonie,family_total,in_kind,0.795
2017,EST,Estonie,family_total,in_kind,0.789
2018,EST,Estonie,family_total,in_kind,0.821
2019,EST,Estonie,family_total,in_kind,0.869
2020,EST,Estonie,family_total,in_kind,0.94
2021,EST,Estonie,family_total,in_kind,0.879
2000,FIN,Finlande,family_total,in_kind,1.228
2001,FIN,Finlande,family_total,in_kind,1.213
2002,FIN,Finlande,family_total,in_kind,1.234
2003,FIN,Finlande,family_total,in_kind,1.256
2004,FIN,Finlande,family_total,in_kind,1.269
2005,FIN,Finlande,family_total,in_kind,1.309
2006,FIN,Finlande,family_total,in_kind,1.307
2007,FIN,Finlande,family_total,in_kind,1.29
2008,FIN,Finlande,family_total,in_kind,1.37
2009,FIN,Finlande,family_total,in_kind,1.536
2010,FIN,Finlande,family_total,in_kind,1.535
2011,FIN,Finlande,family_total,in_kind,1.573
2012,FIN,Finlande,family_total,in_kind,1.658
2013,FIN,Finlande,family_total,in_kind,1.695
2014,FIN,Finlande,family_total,in_kind,1.683
2015,FIN,Finlande,family_total,in_kind,1.695
2016,FIN,Finlande,family_total,in_kind,1.686
2017,FIN,Finlande,family_total,in_kind,1.65
2018,FIN,Finlande,family_total,in_kind,1.719
2019,FIN,Finlande,family_total,in_kind,1.793
2020,FIN,Finlande,family_total,in_kind,1.848
2021,FIN,Finlande,family_total,in_kind,1.973
2000,FRA,France,family_total,in_kind,1.575
2001,FRA,France,family_total,in_kind,1.52
2002,FRA,France,family_total,in_kind,1.498
2003,FRA,France,family_total,in_kind,1.566
2004,FRA,France,family_total,in_kind,1.642
2005,FRA,France,family_total,in_kind,1.584
2006,FRA,France,family_total,in_kind,1.158
2007,FRA,France,family_total,in_kind,1.191
2008,FRA,France,family_total,in_kind,1.208
2009,FRA,France,family_total,in_kind,1.304
2010,FRA,France,family_total,in_kind,1.31
2011,FRA,France,family_total,in_kind,1.304
2012,FRA,France,family_total,in_kind,1.335
2013,FRA,France,family_total,in_kind,1.398
2014,FRA,France,family_total,in_kind,1.414
2015,FRA,France,family_total,in_kind,1.426
2016,FRA,France,family_total,in_kind,1.431
2017,FRA,France,family_total,in_kind,1.44
2018,FRA,France,family_total,in_kind,1.406
2019,FRA,France,family_total,in_kind,1.38
2020,FRA,France,family_total,in_kind,1.403
2021,FRA,France,family_total,in_kind,1.353
2000,DEU,Allemagne,family_total,in_kind,0.677
2001,DEU,Allemagne,family_total,in_kind,0.673
2002,DEU,Allemagne,family_total,in_kind,0.687
2003,DEU,Allemagne,family_total,in_kind,0.698
2004,DEU,Allemagne,family_total,in_kind,0.683
2005,DEU,Allemagne,family_total,in_kind,0.687
2006,DEU,Allemagne,family_total,in_kind,0.678
2007,DEU,Allemagne,family_total,in_kind,0.671
2008,DEU,Allemagne,family_total,in_kind,0.737
2009,DEU,Allemagne,family_total,in_kind,0.845
2010,DEU,Allemagne,family_total,in_kind,0.894
2011,DEU,Allemagne,family_total,in_kind,0.906
2012,DEU,Allemagne,family_total,in_kind,0.958
2013,DEU,Allemagne,family_total,in_kind,1.036
2014,DEU,Allemagne,family_total,in_kind,1.061
2015,DEU,Allemagne,family_total,in_kind,1.111
2016,DEU,Allemagne,family_total,in_kind,1.193
2017,DEU,Allemagne,family_total,in_kind,1.232
2018,DEU,Allemagne,family_total,in_kind,1.26
2019,DEU,Allemagne,family_total,in_kind,1.321
2020,DEU,Allemagne,family_total,in_kind,1.46
2021,DEU,Allemagne,family_total,in_kind,1.436
2000,GRC,Grèce,family_total,in_kind,0.034
2001,GRC,Grèce,family_total,in_kind,0.023
2002,GRC,Grèce,family_total,in_kind,0.02
2003,GRC,Grèce,family_total,in_kind,0.019
2004,GRC,Grèce,family_total,in_kind,0.023
2005,GRC,Grèce,family_total,in_kind,0.024
2006,GRC,Grèce,family_total,in_kind,0.019
2007,GRC,Grèce,family_total,in_kind,0.026
2008,GRC,Grèce,family_total,in_kind,0.029
2009,GRC,Grèce,family_total,in_kind,0.049
2010,GRC,Grèce,family_total,in_kind,0.066
2011,GRC,Grèce,family_total,in_kind,0.077
2012,GRC,Grèce,family_total,in_kind,0.335
2013,GRC,Grèce,family_total,in_kind,0.356
2014,GRC,Grèce,family_total,in_kind,0.367
2015,GRC,Grèce,family_total,in_kind,0.354
2016,GRC,Grèce,family_total,in_kind,0.339
2017,GRC,Grèce,family_total,in_kind,0.323
2018,GRC,Grèce,family_total,in_kind,0.34
2019,GRC,Grèce,family_total,in_kind,0.359
2020,GRC,Grèce,family_total,in_kind,0.348
2021,GRC,Grèce,family_total,in_kind,0.356
2000,HUN,Hongrie,family_total,in_kind,1.111
2001,HUN,Hongrie,family_total,in_kind,1.087
2002,HUN,Hongrie,family_total,in_kind,1.157
2003,HUN,Hongrie,family_total,in_kind,1.239
2004,HUN,Hongrie,family_total,in_kind,1.172
2005,HUN,Hongrie,family_total,in_kind,1.201
2006,HUN,Hongrie,family_total,in_kind,1.186
2007,HUN,Hongrie,family_total,in_kind,1.09
2008,HUN,Hongrie,family_total,in_kind,1.081
2009,HUN,Hongrie,family_total,in_kind,1.121
2010,HUN,Hongrie,family_total,in_kind,1.174
2011,HUN,Hongrie,family_total,in_kind,1.112
2012,HUN,Hongrie,family_total,in_kind,1.064
2013,HUN,Hongrie,family_total,in_kind,1.081
2014,HUN,Hongrie,family_total,in_kind,1.142
2015,HUN,Hongrie,family_total,in_kind,1.144
2016,HUN,Hongrie,family_total,in_kind,1.104
2017,HUN,Hongrie,family_total,in_kind,1.091
2018,HUN,Hongrie,family_total,in_kind,1.086
2019,HUN,Hongrie,family_total,in_kind,1.026
2020,HUN,Hongrie,family_total,in_kind,1.024
2021,HUN,Hongrie,family_total,in_kind,1.002
2000,ISL,Islande,family_total,in_kind,1.13
2001,ISL,Islande,family_total,in_kind,1.28
2002,ISL,Islande,family_total,in_kind,1.359
2003,ISL,Islande,family_total,in_kind,1.548
2004,ISL,Islande,family_total,in_kind,1.627
2005,ISL,Islande,family_total,in_kind,1.64
2006,ISL,Islande,family_total,in_kind,1.808
2007,ISL,Islande,family_total,in_kind,2.002
2008,ISL,Islande,family_total,in_kind,2.077
2009,ISL,Islande,family_total,in_kind,2.191
2010,ISL,Islande,family_total,in_kind,2.17
2011,ISL,Islande,family_total,in_kind,2.142
2012,ISL,Islande,family_total,in_kind,2.319
2013,ISL,Islande,family_total,in_kind,2.289
2014,ISL,Islande,family_total,in_kind,2.471
2015,ISL,Islande,family_total,in_kind,2.3
2016,ISL,Islande,family_total,in_kind,2.311
2017,ISL,Islande,family_total,in_kind,2.318
2018,ISL,Islande,family_total,in_kind,2.373
2019,ISL,Islande,family_total,in_kind,2.33
2020,ISL,Islande,family_total,in_kind,2.686
2021,ISL,Islande,family_total,in_kind,2.598
2000,IRL,Irlande,family_total,in_kind,0.434
2001,IRL,Irlande,family_total,in_kind,0.476
2002,IRL,Irlande,family_total,in_kind,0.514
2003,IRL,Irlande,family_total,in_kind,0.547
2004,IRL,Irlande,family_total,in_kind,0.563
2005,IRL,Irlande,family_total,in_kind,0.51
2006,IRL,Irlande,family_total,in_kind,0.522
2007,IRL,Irlande,family_total,in_kind,0.559
2008,IRL,Irlande,family_total,in_kind,0.656
2009,IRL,Irlande,family_total,in_kind,0.767
2010,IRL,Irlande,family_total,in_kind,0.842
2011,IRL,Irlande,family_total,in_kind,0.784
2012,IRL,Irlande,family_total,in_kind,0.802
2013,IRL,Irlande,family_total,in_kind,0.743
2014,IRL,Irlande,family_total,in_kind,0.69
2015,IRL,Irlande,family_total,in_kind,0.538
2016,IRL,Irlande,family_total,in_kind,0.567
2017,IRL,Irlande,family_total,in_kind,0.542
2018,IRL,Irlande,family_total,in_kind,0.54
2019,IRL,Irlande,family_total,in_kind,0.539
2020,IRL,Irlande,family_total,in_kind,0.49
2021,IRL,Irlande,family_total,in_kind,0.457
2000,ITA,Italie,family_total,in_kind,0.566
2001,ITA,Italie,family_total,in_kind,0.594
2002,ITA,Italie,family_total,in_kind,0.527
2003,ITA,Italie,family_total,in_kind,0.584
2004,ITA,Italie,family_total,in_kind,0.595
2005,ITA,Italie,family_total,in_kind,0.603
2006,ITA,Italie,family_total,in_kind,0.656
2007,ITA,Italie,family_total,in_kind,0.634
2008,ITA,Italie,family_total,in_kind,0.667
2009,ITA,Italie,family_total,in_kind,0.68
2010,ITA,Italie,family_total,in_kind,0.656
2011,ITA,Italie,family_total,in_kind,0.631
2012,ITA,Italie,family_total,in_kind,0.649
2013,ITA,Italie,family_total,in_kind,0.654
2014,ITA,Italie,family_total,in_kind,0.656
2015,ITA,Italie,family_total,in_kind,0.666
2016,ITA,Italie,family_total,in_kind,0.627
2017,ITA,Italie,family_total,in_kind,0.632
2018,ITA,Italie,family_total,in_kind,0.642
2019,ITA,Italie,family_total,in_kind,0.651
2020,ITA,Italie,family_total,in_kind,0.663
2021,ITA,Italie,family_total,in_kind,0.588
2000,LVA,Lettonie,family_total,in_kind,0.273
2001,LVA,Lettonie,family_total,in_kind,0.273
2002,LVA,Lettonie,family_total,in_kind,0.279
2003,LVA,Lettonie,family_total,in_kind,0.255
2004,LVA,Lettonie,family_total,in_kind,0.241
2005,LVA,Lettonie,family_total,in_kind,0.222
2006,LVA,Lettonie,family_total,in_kind,0.208
2007,LVA,Lettonie,family_total,in_kind,0.201
2008,LVA,Lettonie,family_total,in_kind,0.839
2009,LVA,Lettonie,family_total,in_kind,0.998
2010,LVA,Lettonie,family_total,in_kind,0.916
2011,LVA,Lettonie,family_total,in_kind,0.941
2012,LVA,Lettonie,family_total,in_kind,0.873
2013,LVA,Lettonie,family_total,in_kind,0.916
2014,LVA,Lettonie,family_total,in_kind,0.963
2015,LVA,Lettonie,family_total,in_kind,0.954
2016,LVA,Lettonie,family_total,in_kind,0.925
2017,LVA,Lettonie,family_total,in_kind,0.939
2018,LVA,Lettonie,family_total,in_kind,0.881
2019,LVA,Lettonie,family_total,in_kind,0.914
2020,LVA,Lettonie,family_total,in_kind,0.997
2021,LVA,Lettonie,family_total,in_kind,0.925
2000,LTU,Lituanie,family_total,in_kind,0.386
2001,LTU,Lituanie,family_total,in_kind,0.362
2002,LTU,Lituanie,family_total,in_kind,0.362
2003,LTU,Lituanie,family_total,in_kind,0.343
2004,LTU,Lituanie,family_total,in_kind,0.404
2005,LTU,Lituanie,family_total,in_kind,0.974
2006,LTU,Lituanie,family_total,in_kind,0.941
2007,LTU,Lituanie,family_total,in_kind,0.857
2008,LTU,Lituanie,family_total,in_kind,0.876
2009,LTU,Lituanie,family_total,in_kind,1.173
2010,LTU,Lituanie,family_total,in_kind,0.907
2011,LTU,Lituanie,family_total,in_kind,0.891
2012,LTU,Lituanie,family_total,in_kind,0.798
2013,LTU,Lituanie,family_total,in_kind,0.785
2014,LTU,Lituanie,family_total,in_kind,0.806
2015,LTU,Lituanie,family_total,in_kind,0.829
2016,LTU,Lituanie,family_total,in_kind,0.895
2017,LTU,Lituanie,family_total,in_kind,0.917
2018,LTU,Lituanie,family_total,in_kind,1.024
2019,LTU,Lituanie,family_total,in_kind,0.981
2020,LTU,Lituanie,family_total,in_kind,1.203
2021,LTU,Lituanie,family_total,in_kind,1.189
2000,LUX,Luxembourg,family_total,in_kind,0.446
2001,LUX,Luxembourg,family_total,in_kind,0.469
2002,LUX,Luxembourg,family_total,in_kind,0.509
2003,LUX,Luxembourg,family_total,in_kind,0.506
2004,LUX,Luxembourg,family_total,in_kind,0.506
2005,LUX,Luxembourg,family_total,in_kind,0.518
2006,LUX,Luxembourg,family_total,in_kind,0.511
2007,LUX,Luxembourg,family_total,in_kind,0.272
2008,LUX,Luxembourg,family_total,in_kind,0.304
2009,LUX,Luxembourg,family_total,in_kind,0.398
2010,LUX,Luxembourg,family_total,in_kind,0.487
2011,LUX,Luxembourg,family_total,in_kind,0.551
2012,LUX,Luxembourg,family_total,in_kind,0.679
2013,LUX,Luxembourg,family_total,in_kind,0.722
2014,LUX,Luxembourg,family_total,in_kind,0.715
2015,LUX,Luxembourg,family_total,in_kind,0.746
2016,LUX,Luxembourg,family_total,in_kind,0.767
2017,LUX,Luxembourg,family_total,in_kind,0.836
2018,LUX,Luxembourg,family_total,in_kind,0.916
2019,LUX,Luxembourg,family_total,in_kind,1.002
2020,LUX,Luxembourg,family_total,in_kind,1.09
2021,LUX,Luxembourg,family_total,in_kind,1.044
2000,NLD,Pays-Bas,family_total,in_kind,0.831
2001,NLD,Pays-Bas,family_total,in_kind,0.851
2002,NLD,Pays-Bas,family_total,in_kind,0.936
2003,NLD,Pays-Bas,family_total,in_kind,1.017
2004,NLD,Pays-Bas,family_total,in_kind,0.996
2005,NLD,Pays-Bas,family_total,in_kind,0.985
2006,NLD,Pays-Bas,family_total,in_kind,1.219
2007,NLD,Pays-Bas,family_total,in_kind,0.725
2008,NLD,Pays-Bas,family_total,in_kind,0.827
2009,NLD,Pays-Bas,family_total,in_kind,0.919
2010,NLD,Pays-Bas,family_total,in_kind,0.906
2011,NLD,Pays-Bas,family_total,in_kind,0.883
2012,NLD,Pays-Bas,family_total,in_kind,0.804
2013,NLD,Pays-Bas,family_total,in_kind,0.746
2014,NLD,Pays-Bas,family_total,in_kind,0.691
2015,NLD,Pays-Bas,family_total,in_kind,0.703
2016,NLD,Pays-Bas,family_total,in_kind,0.738
2017,NLD,Pays-Bas,family_total,in_kind,0.758
2018,NLD,Pays-Bas,family_total,in_kind,0.786
2019,NLD,Pays-Bas,family_total,in_kind,0.836
2020,NLD,Pays-Bas,family_total,in_kind,0.864
2021,NLD,Pays-Bas,family_total,in_kind,0.887
2000,NOR,Norvège,family_total,in_kind,1.172
2001,NOR,Norvège,family_total,in_kind,1.236
2002,NOR,Norvège,family_total,in_kind,1.117
2003,NOR,Norvège,family_total,in_kind,1.211
2004,NOR,Norvège,family_total,in_kind,1.254
2005,NOR,Norvège,family_total,in_kind,1.241
2006,NOR,Norvège,family_total,in_kind,1.306
2007,NOR,Norvège,family_total,in_kind,1.42
2008,NOR,Norvège,family_total,in_kind,1.396
2009,NOR,Norvège,family_total,in_kind,1.684
2010,NOR,Norvège,family_total,in_kind,1.701
2011,NOR,Norvège,family_total,in_kind,1.726
2012,NOR,Norvège,family_total,in_kind,1.712
2013,NOR,Norvège,family_total,in_kind,1.775
2014,NOR,Norvège,family_total,in_kind,1.833
2015,NOR,Norvège,family_total,in_kind,1.894
2016,NOR,Norvège,family_total,in_kind,1.998
2017,NOR,Norvège,family_total,in_kind,1.952
2018,NOR,Norvège,family_total,in_kind,1.881
2019,NOR,Norvège,family_total,in_kind,1.944
2020,NOR,Norvège,family_total,in_kind,2.039
2021,NOR,Norvège,family_total,in_kind,1.672
2000,POL,Pologne,family_total,in_kind,0.229
2001,POL,Pologne,family_total,in_kind,0.205
2002,POL,Pologne,family_total,in_kind,0.208
2003,POL,Pologne,family_total,in_kind,0.237
2004,POL,Pologne,family_total,in_kind,0.331
2005,POL,Pologne,family_total,in_kind,0.358
2006,POL,Pologne,family_total,in_kind,0.361
2007,POL,Pologne,family_total,in_kind,0.354
2008,POL,Pologne,family_total,in_kind,0.504
2009,POL,Pologne,family_total,in_kind,0.539
2010,POL,Pologne,family_total,in_kind,0.555
2011,POL,Pologne,family_total,in_kind,0.581
2012,POL,Pologne,family_total,in_kind,0.672
2013,POL,Pologne,family_total,in_kind,0.718
2014,POL,Pologne,family_total,in_kind,0.742
2015,POL,Pologne,family_total,in_kind,0.705
2016,POL,Pologne,family_total,in_kind,0.745
2017,POL,Pologne,family_total,in_kind,0.609
2018,POL,Pologne,family_total,in_kind,0.641
2019,POL,Pologne,family_total,in_kind,0.713
2020,POL,Pologne,family_total,in_kind,0.808
2021,POL,Pologne,family_total,in_kind,0.808
2000,PRT,Portugal,family_total,in_kind,0.385
2001,PRT,Portugal,family_total,in_kind,0.416
2002,PRT,Portugal,family_total,in_kind,0.686
2003,PRT,Portugal,family_total,in_kind,0.76
2004,PRT,Portugal,family_total,in_kind,0.459
2005,PRT,Portugal,family_total,in_kind,0.452
2006,PRT,Portugal,family_total,in_kind,0.436
2007,PRT,Portugal,family_total,in_kind,0.422
2008,PRT,Portugal,family_total,in_kind,0.426
2009,PRT,Portugal,family_total,in_kind,0.453
2010,PRT,Portugal,family_total,in_kind,0.458
2011,PRT,Portugal,family_total,in_kind,0.433
2012,PRT,Portugal,family_total,in_kind,0.453
2013,PRT,Portugal,family_total,in_kind,0.492
2014,PRT,Portugal,family_total,in_kind,0.498
2015,PRT,Portugal,family_total,in_kind,0.464
2016,PRT,Portugal,family_total,in_kind,0.445
2017,PRT,Portugal,family_total,in_kind,0.449
2018,PRT,Portugal,family_total,in_kind,0.394
2019,PRT,Portugal,family_total,in_kind,0.383
2020,PRT,Portugal,family_total,in_kind,0.419
2021,PRT,Portugal,family_total,in_kind,0.439
2000,SVK,République slovaque,family_total,in_kind,0.439
2001,SVK,République slovaque,family_total,in_kind,0.449
2002,SVK,République slovaque,family_total,in_kind,0.459
2003,SVK,République slovaque,family_total,in_kind,0.473
2004,SVK,République slovaque,family_total,in_kind,0.404
2005,SVK,République slovaque,family_total,in_kind,0.392
2006,SVK,République slovaque,family_total,in_kind,0.378
2007,SVK,République slovaque,family_total,in_kind,0.374
2008,SVK,République slovaque,family_total,in_kind,0.377
2009,SVK,République slovaque,family_total,in_kind,0.435
2010,SVK,République slovaque,family_total,in_kind,0.407
2011,SVK,République slovaque,family_total,in_kind,0.427
2012,SVK,République slovaque,family_total,in_kind,0.466
2013,SVK,République slovaque,family_total,in_kind,0.503
2014,SVK,République slovaque,family_total,in_kind,0.533
2015,SVK,République slovaque,family_total,in_kind,0.523
2016,SVK,République slovaque,family_total,in_kind,0.551
2017,SVK,République slovaque,family_total,in_kind,0.579
2018,SVK,République slovaque,family_total,in_kind,0.598
2019,SVK,République slovaque,family_total,in_kind,0.654
2020,SVK,République slovaque,family_total,in_kind,0.644
2021,SVK,République slovaque,family_total,in_kind,0.624
2000,SVN,Slovénie,family_total,in_kind,0.636
2001,SVN,Slovénie,family_total,in_kind,0.624
2002,SVN,Slovénie,family_total,in_kind,0.605
2003,SVN,Slovénie,family_total,in_kind,0.596
2004,SVN,Slovénie,family_total,in_kind,0.573
2005,SVN,Slovénie,family_total,in_kind,0.569
2006,SVN,Slovénie,family_total,in_kind,0.541
2007,SVN,Slovénie,family_total,in_kind,0.504
2008,SVN,Slovénie,family_total,in_kind,0.493
2009,SVN,Slovénie,family_total,in_kind,0.524
2010,SVN,Slovénie,family_total,in_kind,0.531
2011,SVN,Slovénie,family_total,in_kind,0.529
2012,SVN,Slovénie,family_total,in_kind,0.549
2013,SVN,Slovénie,family_total,in_kind,0.556
2014,SVN,Slovénie,family_total,in_kind,0.539
2015,SVN,Slovénie,family_total,in_kind,0.519
2016,SVN,Slovénie,family_total,in_kind,0.499
2017,SVN,Slovénie,family_total,in_kind,0.669
2018,SVN,Slovénie,family_total,in_kind,0.661
2019,SVN,Slovénie,family_total,in_kind,0.652
2020,SVN,Slovénie,family_total,in_kind,0.661
2021,SVN,Slovénie,family_total,in_kind,0.616
2000,ESP,Espagne,family_total,in_kind,0.626
2001,ESP,Espagne,family_total,in_kind,0.593
2002,ESP,Espagne,family_total,in_kind,0.605
2003,ESP,Espagne,family_total,in_kind,0.628
2004,ESP,Espagne,family_total,in_kind,0.642
2005,ESP,Espagne,family_total,in_kind,0.675
2006,ESP,Espagne,family_total,in_kind,0.693
2007,ESP,Espagne,family_total,in_kind,0.692
2008,ESP,Espagne,family_total,in_kind,0.712
2009,ESP,Espagne,family_total,in_kind,0.821
2010,ESP,Espagne,family_total,in_kind,0.824
2011,ESP,Espagne,family_total,in_kind,0.834
2012,ESP,Espagne,family_total,in_kind,0.834
2013,ESP,Espagne,family_total,in_kind,0.817
2014,ESP,Espagne,family_total,in_kind,0.749
2015,ESP,Espagne,family_total,in_kind,0.718
2016,ESP,Espagne,family_total,in_kind,0.691
2017,ESP,Espagne,family_total,in_kind,0.705
2018,ESP,Espagne,family_total,in_kind,0.716
2019,ESP,Espagne,family_total,in_kind,0.741
2020,ESP,Espagne,family_total,in_kind,0.881
2021,ESP,Espagne,family_total,in_kind,0.855
2000,SWE,Suède,family_total,in_kind,1.372
2001,SWE,Suède,family_total,in_kind,1.441
2002,SWE,Suède,family_total,in_kind,1.595
2003,SWE,Suède,family_total,in_kind,1.662
2004,SWE,Suède,family_total,in_kind,1.669
2005,SWE,Suède,family_total,in_kind,1.713
2006,SWE,Suède,family_total,in_kind,1.771
2007,SWE,Suède,family_total,in_kind,1.773
2008,SWE,Suède,family_total,in_kind,1.911
2009,SWE,Suède,family_total,in_kind,2.026
2010,SWE,Suède,family_total,in_kind,1.966
2011,SWE,Suède,family_total,in_kind,1.991
2012,SWE,Suède,family_total,in_kind,2.085
2013,SWE,Suède,family_total,in_kind,2.125
2014,SWE,Suède,family_total,in_kind,2.162
2015,SWE,Suède,family_total,in_kind,2.131
2016,SWE,Suède,family_total,in_kind,2.158
2017,SWE,Suède,family_total,in_kind,2.159
2018,SWE,Suède,family_total,in_kind,2.171
2019,SWE,Suède,family_total,in_kind,2.137
2020,SWE,Suède,family_total,in_kind,2.173
2021,SWE,Suède,family_total,in_kind,2.049
2000,CHE,Suisse,family_total,in_kind,0.198
2001,CHE,Suisse,family_total,in_kind,0.203
2002,CHE,Suisse,family_total,in_kind,0.219
2003,CHE,Suisse,family_total,in_kind,0.224
2004,CHE,Suisse,family_total,in_kind,0.222
2005,CHE,Suisse,family_total,in_kind,0.233
2006,CHE,Suisse,family_total,in_kind,0.226
2007,CHE,Suisse,family_total,in_kind,0.22
2008,CHE,Suisse,family_total,in_kind,0.213
2009,CHE,Suisse,family_total,in_kind,0.237
2010,CHE,Suisse,family_total,in_kind,0.235
2011,CHE,Suisse,family_total,in_kind,0.231
2012,CHE,Suisse,family_total,in_kind,0.244
2013,CHE,Suisse,family_total,in_kind,0.235
2014,CHE,Suisse,family_total,in_kind,0.278
2015,CHE,Suisse,family_total,in_kind,0.405
2016,CHE,Suisse,family_total,in_kind,0.398
2017,CHE,Suisse,family_total,in_kind,0.401
2018,CHE,Suisse,family_total,in_kind,0.395
2019,CHE,Suisse,family_total,in_kind,0.419
2020,CHE,Suisse,family_total,in_kind,0.45
2021,CHE,Suisse,family_total,in_kind,0.434
2000,GBR,Royaume-Uni,family_total,in_kind,0.764
2001,GBR,Royaume-Uni,family_total,in_kind,0.829
2002,GBR,Royaume-Uni,family_total,in_kind,0.871
2003,GBR,Royaume-Uni,family_total,in_kind,0.845
2004,GBR,Royaume-Uni,family_total,in_kind,0.925
2005,GBR,Royaume-Uni,family_total,in_kind,0.909
2006,GBR,Royaume-Uni,family_total,in_kind,0.949
2007,GBR,Royaume-Uni,family_total,in_kind,1.088
2008,GBR,Royaume-Uni,family_total,in_kind,1.107
2009,GBR,Royaume-Uni,family_total,in_kind,1.207
2010,GBR,Royaume-Uni,family_total,in_kind,1.378
2011,GBR,Royaume-Uni,family_total,in_kind,1.365
2012,GBR,Royaume-Uni,family_total,in_kind,1.391
2013,GBR,Royaume-Uni,family_total,in_kind,1.285
2014,GBR,Royaume-Uni,family_total,in_kind,1.176
2015,GBR,Royaume-Uni,family_total,in_kind,1.224
2016,GBR,Royaume-Uni,family_total,in_kind,1.126
2017,GBR,Royaume-Uni,family_total,in_kind,1.111
2018,GBR,Royaume-Uni,family_total,in_kind,1.075
2019,GBR,Royaume-Uni,family_total,in_kind,0.98
2020,GBR,Royaume-Uni,family_total,in_kind,1.028
2021,GBR,Royaume-Uni,family_total,in_kind,0.976
2000,AUT,Autriche,family_total,Total,2.946
2001,AUT,Autriche,family_total,Total,2.872
2002,AUT,Autriche,family_total,Total,2.917
2003,AUT,Autriche,family_total,Total,3.03
2004,AUT,Autriche,family_total,Total,2.986
2005,AUT,Autriche,family_total,Total,2.908
2006,AUT,Autriche,family_total,Total,2.795
2007,AUT,Autriche,family_total,Total,2.664
2008,AUT,Autriche,family_total,Total,2.731
2009,AUT,Autriche,family_total,Total,2.94
2010,AUT,Autriche,family_total,Total,2.971
2011,AUT,Autriche,family_total,Total,2.714
2012,AUT,Autriche,family_total,Total,2.664
2013,AUT,Autriche,family_total,Total,2.683
2014,AUT,Autriche,family_total,Total,2.645
2015,AUT,Autriche,family_total,Total,2.678
2016,AUT,Autriche,family_total,Total,2.665
2017,AUT,Autriche,family_total,Total,2.622
2018,AUT,Autriche,family_total,Total,2.562
2019,AUT,Autriche,family_total,Total,2.524
2020,AUT,Autriche,family_total,Total,2.877
2021,AUT,Autriche,family_total,Total,2.59
2000,BEL,Belgique,family_total,Total,2.468
2001,BEL,Belgique,family_total,Total,2.569
2002,BEL,Belgique,family_total,Total,2.606
2003,BEL,Belgique,family_total,Total,2.661
2004,BEL,Belgique,family_total,Total,2.611
2005,BEL,Belgique,family_total,Total,2.586
2006,BEL,Belgique,family_total,Total,2.586
2007,BEL,Belgique,family_total,Total,2.642
2008,BEL,Belgique,family_total,Total,2.675
2009,BEL,Belgique,family_total,Total,2.836
2010,BEL,Belgique,family_total,Total,2.83
2011,BEL,Belgique,family_total,Total,2.843
2012,BEL,Belgique,family_total,Total,2.793
2013,BEL,Belgique,family_total,Total,2.832
2014,BEL,Belgique,family_total,Total,2.846
2015,BEL,Belgique,family_total,Total,2.785
2016,BEL,Belgique,family_total,Total,2.776
2017,BEL,Belgique,family_total,Total,2.754
2018,BEL,Belgique,family_total,Total,2.729
2019,BEL,Belgique,family_total,Total,2.733
2020,BEL,Belgique,family_total,Total,2.99
2021,BEL,Belgique,family_total,Total,2.803
2000,DNK,Danemark,family_total,Total,3.398
2001,DNK,Danemark,family_total,Total,3.461
2002,DNK,Danemark,family_total,Total,3.553
2003,DNK,Danemark,family_total,Total,3.666
2004,DNK,Danemark,family_total,Total,3.566
2005,DNK,Danemark,family_total,Total,3.491
2006,DNK,Danemark,family_total,Total,3.448
2007,DNK,Danemark,family_total,Total,3.666
2008,DNK,Danemark,family_total,Total,3.708
2009,DNK,Danemark,family_total,Total,4.042
2010,DNK,Danemark,family_total,Total,3.889
2011,DNK,Danemark,family_total,Total,3.918
2012,DNK,Danemark,family_total,Total,3.808
2013,DNK,Danemark,family_total,Total,3.721
2014,DNK,Danemark,family_total,Total,3.62
2015,DNK,Danemark,family_total,Total,3.53
2016,DNK,Danemark,family_total,Total,3.489
2017,DNK,Danemark,family_total,Total,3.404
2018,DNK,Danemark,family_total,Total,3.387
2019,DNK,Danemark,family_total,Total,3.323
2020,DNK,Danemark,family_total,Total,3.402
2021,DNK,Danemark,family_total,Total,3.146
2000,EST,Estonie,family_total,Total,1.746
2001,EST,Estonie,family_total,Total,1.605
2002,EST,Estonie,family_total,Total,1.575
2003,EST,Estonie,family_total,Total,1.422
2004,EST,Estonie,family_total,Total,1.837
2005,EST,Estonie,family_total,Total,1.738
2006,EST,Estonie,family_total,Total,3.115
2007,EST,Estonie,family_total,Total,1.611
2008,EST,Estonie,family_total,Total,2.103
2009,EST,Estonie,family_total,Total,2.56
2010,EST,Estonie,family_total,Total,2.557
2011,EST,Estonie,family_total,Total,2.223
2012,EST,Estonie,family_total,Total,2.02
2013,EST,Estonie,family_total,Total,1.829
2014,EST,Estonie,family_total,Total,2.257
2015,EST,Estonie,family_total,Total,2.736
2016,EST,Estonie,family_total,Total,2.845
2017,EST,Estonie,family_total,Total,2.767
2018,EST,Estonie,family_total,Total,3.058
2019,EST,Estonie,family_total,Total,3.128
2020,EST,Estonie,family_total,Total,3.286
2021,EST,Estonie,family_total,Total,2.995
2000,FIN,Finlande,family_total,Total,2.931
2001,FIN,Finlande,family_total,Total,2.819
2002,FIN,Finlande,family_total,Total,2.8
2003,FIN,Finlande,family_total,Total,2.812
2004,FIN,Finlande,family_total,Total,2.821
2005,FIN,Finlande,family_total,Total,2.835
2006,FIN,Finlande,family_total,Total,2.805
2007,FIN,Finlande,family_total,Total,2.717
2008,FIN,Finlande,family_total,Total,2.781
2009,FIN,Finlande,family_total,Total,3.124
2010,FIN,Finlande,family_total,Total,3.102
2011,FIN,Finlande,family_total,Total,3.079
2012,FIN,Finlande,family_total,Total,3.184
2013,FIN,Finlande,family_total,Total,3.211
2014,FIN,Finlande,family_total,Total,3.18
2015,FIN,Finlande,family_total,Total,3.103
2016,FIN,Finlande,family_total,Total,3.028
2017,FIN,Finlande,family_total,Total,2.885
2018,FIN,Finlande,family_total,Total,2.889
2019,FIN,Finlande,family_total,Total,2.906
2020,FIN,Finlande,family_total,Total,3.019
2021,FIN,Finlande,family_total,Total,3.09
2000,FRA,France,family_total,Total,3.016
2001,FRA,France,family_total,Total,2.945
2002,FRA,France,family_total,Total,2.934
2003,FRA,France,family_total,Total,2.988
2004,FRA,France,family_total,Total,3.017
2005,FRA,France,family_total,Total,2.941
2006,FRA,France,family_total,Total,2.852
2007,FRA,France,family_total,Total,2.827
2008,FRA,France,family_total,Total,2.81
2009,FRA,France,family_total,Total,3.002
2010,FRA,France,family_total,Total,2.92
2011,FRA,France,family_total,Total,2.861
2012,FRA,France,family_total,Total,2.911
2013,FRA,France,family_total,Total,2.974
2014,FRA,France,family_total,Total,2.979
2015,FRA,France,family_total,Total,2.924
2016,FRA,France,family_total,Total,2.891
2017,FRA,France,family_total,Total,2.864
2018,FRA,France,family_total,Total,2.797
2019,FRA,France,family_total,Total,2.719
2020,FRA,France,family_total,Total,2.912
2021,FRA,France,family_total,Total,2.655
2000,DEU,Allemagne,family_total,Total,2.035
2001,DEU,Allemagne,family_total,Total,1.988
2002,DEU,Allemagne,family_total,Total,2.057
2003,DEU,Allemagne,family_total,Total,2.06
2004,DEU,Allemagne,family_total,Total,2.02
2005,DEU,Allemagne,family_total,Total,2.013
2006,DEU,Allemagne,family_total,Total,1.707
2007,DEU,Allemagne,family_total,Total,1.783
2008,DEU,Allemagne,family_total,Total,1.866
2009,DEU,Allemagne,family_total,Total,2.126
2010,DEU,Allemagne,family_total,Total,2.136
2011,DEU,Allemagne,family_total,Total,2.091
2012,DEU,Allemagne,family_total,Total,2.115
2013,DEU,Allemagne,family_total,Total,2.161
2014,DEU,Allemagne,family_total,Total,2.173
2015,DEU,Allemagne,family_total,Total,2.21
2016,DEU,Allemagne,family_total,Total,2.261
2017,DEU,Allemagne,family_total,Total,2.272
2018,DEU,Allemagne,family_total,Total,2.32
2019,DEU,Allemagne,family_total,Total,2.37
2020,DEU,Allemagne,family_total,Total,2.745
2021,DEU,Allemagne,family_total,Total,2.645
2000,GRC,Grèce,family_total,Total,0.849
2001,GRC,Grèce,family_total,Total,0.782
2002,GRC,Grèce,family_total,Total,0.747
2003,GRC,Grèce,family_total,Total,0.778
2004,GRC,Grèce,family_total,Total,0.797
2005,GRC,Grèce,family_total,Total,0.797
2006,GRC,Grèce,family_total,Total,0.752
2007,GRC,Grèce,family_total,Total,0.853
2008,GRC,Grèce,family_total,Total,0.851
2009,GRC,Grèce,family_total,Total,0.967
2010,GRC,Grèce,family_total,Total,0.981
2011,GRC,Grèce,family_total,Total,1.021
2012,GRC,Grèce,family_total,Total,1.193
2013,GRC,Grèce,family_total,Total,1.342
2014,GRC,Grèce,family_total,Total,1.384
2015,GRC,Grèce,family_total,Total,1.287
2016,GRC,Grèce,family_total,Total,1.265
2017,GRC,Grèce,family_total,Total,1.645
2018,GRC,Grèce,family_total,Total,1.867
2019,GRC,Grèce,family_total,Total,1.562
2020,GRC,Grèce,family_total,Total,1.664
2021,GRC,Grèce,family_total,Total,1.687
2000,HUN,Hongrie,family_total,Total,2.99
2001,HUN,Hongrie,family_total,Total,2.874
2002,HUN,Hongrie,family_total,Total,2.945
2003,HUN,Hongrie,family_total,Total,3.213
2004,HUN,Hongrie,family_total,Total,2.951
2005,HUN,Hongrie,family_total,Total,2.997
2006,HUN,Hongrie,family_total,Total,3.262
2007,HUN,Hongrie,family_total,Total,3.219
2008,HUN,Hongrie,family_total,Total,3.243
2009,HUN,Hongrie,family_total,Total,3.394
2010,HUN,Hongrie,family_total,Total,3.367
2011,HUN,Hongrie,family_total,Total,3.168
2012,HUN,Hongrie,family_total,Total,3.068
2013,HUN,Hongrie,family_total,Total,2.971
2014,HUN,Hongrie,family_total,Total,2.873
2015,HUN,Hongrie,family_total,Total,2.712
2016,HUN,Hongrie,family_total,Total,2.654
2017,HUN,Hongrie,family_total,Total,2.584
2018,HUN,Hongrie,family_total,Total,2.495
2019,HUN,Hongrie,family_total,Total,2.372
2020,HUN,Hongrie,family_total,Total,2.495
2021,HUN,Hongrie,family_total,Total,2.321
2000,ISL,Islande,family_total,Total,2.123
2001,ISL,Islande,family_total,Total,2.386
2002,ISL,Islande,family_total,Total,2.58
2003,ISL,Islande,family_total,Total,2.945
2004,ISL,Islande,family_total,Total,2.984
2005,ISL,Islande,family_total,Total,2.857
2006,ISL,Islande,family_total,Total,2.963
2007,ISL,Islande,family_total,Total,3.33
2008,ISL,Islande,family_total,Total,3.422
2009,ISL,Islande,family_total,Total,3.645
2010,ISL,Islande,family_total,Total,3.521
2011,ISL,Islande,family_total,Total,3.272
2012,ISL,Islande,family_total,Total,3.352
2013,ISL,Islande,family_total,Total,3.429
2014,ISL,Islande,family_total,Total,3.518
2015,ISL,Islande,family_total,Total,3.285
2016,ISL,Islande,family_total,Total,3.194
2017,ISL,Islande,family_total,Total,3.222
2018,ISL,Islande,family_total,Total,3.313
2019,ISL,Islande,family_total,Total,3.362
2020,ISL,Islande,family_total,Total,3.936
2021,ISL,Islande,family_total,Total,3.82
2000,IRL,Irlande,family_total,Total,1.95
2001,IRL,Irlande,family_total,Total,2.192
2002,IRL,Irlande,family_total,Total,2.545
2003,IRL,Irlande,family_total,Total,2.66
2004,IRL,Irlande,family_total,Total,2.637
2005,IRL,Irlande,family_total,Total,2.555
2006,IRL,Irlande,family_total,Total,2.593
2007,IRL,Irlande,family_total,Total,2.703
2008,IRL,Irlande,family_total,Total,3.182
2009,IRL,Irlande,family_total,Total,3.686
2010,IRL,Irlande,family_total,Total,3.428
2011,IRL,Irlande,family_total,Total,3.201
2012,IRL,Irlande,family_total,Total,3.137
2013,IRL,Irlande,family_total,Total,2.871
2014,IRL,Irlande,family_total,Total,2.584
2015,IRL,Irlande,family_total,Total,1.923
2016,IRL,Irlande,family_total,Total,1.94
2017,IRL,Irlande,family_total,Total,1.784
2018,IRL,Irlande,family_total,Total,1.699
2019,IRL,Irlande,family_total,Total,1.609
2020,IRL,Irlande,family_total,Total,1.511
2021,IRL,Irlande,family_total,Total,1.334
2000,ITA,Italie,family_total,Total,1.166
2001,ITA,Italie,family_total,Total,1.212
2002,ITA,Italie,family_total,Total,1.113
2003,ITA,Italie,family_total,Total,1.196
2004,ITA,Italie,family_total,Total,1.213
2005,ITA,Italie,family_total,Total,1.2
2006,ITA,Italie,family_total,Total,1.28
2007,ITA,Italie,family_total,Total,1.267
2008,ITA,Italie,family_total,Total,1.316
2009,ITA,Italie,family_total,Total,1.468
2010,ITA,Italie,family_total,Total,1.315
2011,ITA,Italie,family_total,Total,1.313
2012,ITA,Italie,family_total,Total,1.37
2013,ITA,Italie,family_total,Total,1.405
2014,ITA,Italie,family_total,Total,1.396
2015,ITA,Italie,family_total,Total,1.386
2016,ITA,Italie,family_total,Total,1.37
2017,ITA,Italie,family_total,Total,1.402
2018,ITA,Italie,family_total,Total,1.404
2019,ITA,Italie,family_total,Total,1.407
2020,ITA,Italie,family_total,Total,1.514
2021,ITA,Italie,family_total,Total,1.425
2000,LVA,Lettonie,family_total,Total,1.525
2001,LVA,Lettonie,family_total,Total,1.469
2002,LVA,Lettonie,family_total,Total,1.386
2003,LVA,Lettonie,family_total,Total,1.394
2004,LVA,Lettonie,family_total,Total,1.287
2005,LVA,Lettonie,family_total,Total,1.289
2006,LVA,Lettonie,family_total,Total,1.179
2007,LVA,Lettonie,family_total,Total,1.145
2008,LVA,Lettonie,family_total,Total,1.98
2009,LVA,Lettonie,family_total,Total,2.478
2010,LVA,Lettonie,family_total,Total,2.198
2011,LVA,Lettonie,family_total,Total,1.877
2012,LVA,Lettonie,family_total,Total,1.681
2013,LVA,Lettonie,family_total,Total,1.883
2014,LVA,Lettonie,family_total,Total,2.024
2015,LVA,Lettonie,family_total,Total,2.263
2016,LVA,Lettonie,family_total,Total,2.328
2017,LVA,Lettonie,family_total,Total,2.328
2018,LVA,Lettonie,family_total,Total,2.32
2019,LVA,Lettonie,family_total,Total,2.337
2020,LVA,Lettonie,family_total,Total,2.491
2021,LVA,Lettonie,family_total,Total,2.882
2000,LTU,Lituanie,family_total,Total,1.324
2001,LTU,Lituanie,family_total,Total,1.169
2002,LTU,Lituanie,family_total,Total,1.096
2003,LTU,Lituanie,family_total,Total,1.011
2004,LTU,Lituanie,family_total,Total,1.121
2005,LTU,Lituanie,family_total,Total,1.722
2006,LTU,Lituanie,family_total,Total,1.66
2007,LTU,Lituanie,family_total,Total,1.658
2008,LTU,Lituanie,family_total,Total,2.316
2009,LTU,Lituanie,family_total,Total,3.451
2010,LTU,Lituanie,family_total,Total,2.695
2011,LTU,Lituanie,family_total,Total,2.184
2012,LTU,Lituanie,family_total,Total,1.802
2013,LTU,Lituanie,family_total,Total,1.588
2014,LTU,Lituanie,family_total,Total,1.581
2015,LTU,Lituanie,family_total,Total,1.624
2016,LTU,Lituanie,family_total,Total,1.714
2017,LTU,Lituanie,family_total,Total,1.779
2018,LTU,Lituanie,family_total,Total,2.248
2019,LTU,Lituanie,family_total,Total,2.441
2020,LTU,Lituanie,family_total,Total,3.006
2021,LTU,Lituanie,family_total,Total,2.815
2000,LUX,Luxembourg,family_total,Total,2.983
2001,LUX,Luxembourg,family_total,Total,3.057
2002,LUX,Luxembourg,family_total,Total,3.366
2003,LUX,Luxembourg,family_total,Total,3.74
2004,LUX,Luxembourg,family_total,Total,3.657
2005,LUX,Luxembourg,family_total,Total,3.569
2006,LUX,Luxembourg,family_total,Total,3.347
2007,LUX,Luxembourg,family_total,Total,2.929
2008,LUX,Luxembourg,family_total,Total,3.532
2009,LUX,Luxembourg,family_total,Total,3.766
2010,LUX,Luxembourg,family_total,Total,3.615
2011,LUX,Luxembourg,family_total,Total,3.382
2012,LUX,Luxembourg,family_total,Total,3.39
2013,LUX,Luxembourg,family_total,Total,3.312
2014,LUX,Luxembourg,family_total,Total,3.233
2015,LUX,Luxembourg,family_total,Total,3.167
2016,LUX,Luxembourg,family_total,Total,3.06
2017,LUX,Luxembourg,family_total,Total,3.145
2018,LUX,Luxembourg,family_total,Total,3.267
2019,LUX,Luxembourg,family_total,Total,3.329
2020,LUX,Luxembourg,family_total,Total,3.756
2021,LUX,Luxembourg,family_total,Total,3.194
2000,NLD,Pays-Bas,family_total,Total,1.494
2001,NLD,Pays-Bas,family_total,Total,1.49
2002,NLD,Pays-Bas,family_total,Total,1.577
2003,NLD,Pays-Bas,family_total,Total,1.659
2004,NLD,Pays-Bas,family_total,Total,1.63
2005,NLD,Pays-Bas,family_total,Total,1.589
2006,NLD,Pays-Bas,family_total,Total,1.801
2007,NLD,Pays-Bas,family_total,Total,1.288
2008,NLD,Pays-Bas,family_total,Total,1.498
2009,NLD,Pays-Bas,family_total,Total,1.634
2010,NLD,Pays-Bas,family_total,Total,1.597
2011,NLD,Pays-Bas,family_total,Total,1.564
2012,NLD,Pays-Bas,family_total,Total,1.456
2013,NLD,Pays-Bas,family_total,Total,1.388
2014,NLD,Pays-Bas,family_total,Total,1.324
2015,NLD,Pays-Bas,family_total,Total,1.438
2016,NLD,Pays-Bas,family_total,Total,1.476
2017,NLD,Pays-Bas,family_total,Total,1.466
2018,NLD,Pays-Bas,family_total,Total,1.467
2019,NLD,Pays-Bas,family_total,Total,1.543
2020,NLD,Pays-Bas,family_total,Total,1.665
2021,NLD,Pays-Bas,family_total,Total,1.62
2000,NOR,Norvège,family_total,Total,2.992
2001,NOR,Norvège,family_total,Total,3.123
2002,NOR,Norvège,family_total,Total,3.018
2003,NOR,Norvège,family_total,Total,3.065
2004,NOR,Norvège,family_total,Total,2.96
2005,NOR,Norvège,family_total,Total,2.78
2006,NOR,Norvège,family_total,Total,2.68
2007,NOR,Norvège,family_total,Total,2.733
2008,NOR,Norvège,family_total,Total,2.712
2009,NOR,Norvège,family_total,Total,3.17
2010,NOR,Norvège,family_total,Total,3.132
2011,NOR,Norvège,family_total,Total,3.09
2012,NOR,Norvège,family_total,Total,3.027
2013,NOR,Norvège,family_total,Total,3.069
2014,NOR,Norvège,family_total,Total,3.14
2015,NOR,Norvège,family_total,Total,3.246
2016,NOR,Norvège,family_total,Total,3.345
2017,NOR,Norvège,family_total,Total,3.215
2018,NOR,Norvège,family_total,Total,3.052
2019,NOR,Norvège,family_total,Total,3.157
2020,NOR,Norvège,family_total,Total,3.384
2021,NOR,Norvège,family_total,Total,2.78
2000,POL,Pologne,family_total,Total,1.173
2001,POL,Pologne,family_total,Total,1.177
2002,POL,Pologne,family_total,Total,1.17
2003,POL,Pologne,family_total,Total,1.12
2004,POL,Pologne,family_total,Total,1.225
2005,POL,Pologne,family_total,Total,1.205
2006,POL,Pologne,family_total,Total,1.186
2007,POL,Pologne,family_total,Total,1.154
2008,POL,Pologne,family_total,Total,1.242
2009,POL,Pologne,family_total,Total,1.285
2010,POL,Pologne,family_total,Total,1.339
2011,POL,Pologne,family_total,Total,1.291
2012,POL,Pologne,family_total,Total,1.344
2013,POL,Pologne,family_total,Total,1.424
2014,POL,Pologne,family_total,Total,1.398
2015,POL,Pologne,family_total,Total,1.508
2016,POL,Pologne,family_total,Total,2.537
2017,POL,Pologne,family_total,Total,2.606
2018,POL,Pologne,family_total,Total,2.47
2019,POL,Pologne,family_total,Total,2.992
2020,POL,Pologne,family_total,Total,3.72
2021,POL,Pologne,family_total,Total,3.329
2000,PRT,Portugal,family_total,Total,0.974
2001,PRT,Portugal,family_total,Total,1.009
2002,PRT,Portugal,family_total,Total,1.307
2003,PRT,Portugal,family_total,Total,1.41
2004,PRT,Portugal,family_total,Total,1.164
2005,PRT,Portugal,family_total,Total,1.182
2006,PRT,Portugal,family_total,Total,1.163
2007,PRT,Portugal,family_total,Total,1.153
2008,PRT,Portugal,family_total,Total,1.234
2009,PRT,Portugal,family_total,Total,1.446
2010,PRT,Portugal,family_total,Total,1.386
2011,PRT,Portugal,family_total,Total,1.206
2012,PRT,Portugal,family_total,Total,1.235
2013,PRT,Portugal,family_total,Total,1.237
2014,PRT,Portugal,family_total,Total,1.228
2015,PRT,Portugal,family_total,Total,1.201
2016,PRT,Portugal,family_total,Total,1.213
2017,PRT,Portugal,family_total,Total,1.208
2018,PRT,Portugal,family_total,Total,1.187
2019,PRT,Portugal,family_total,Total,1.208
2020,PRT,Portugal,family_total,Total,1.383
2021,PRT,Portugal,family_total,Total,1.317
2000,SVK,République slovaque,family_total,Total,1.967
2001,SVK,République slovaque,family_total,Total,1.816
2002,SVK,République slovaque,family_total,Total,1.794
2003,SVK,République slovaque,family_total,Total,1.775
2004,SVK,République slovaque,family_total,Total,1.957
2005,SVK,République slovaque,family_total,Total,1.519
2006,SVK,République slovaque,family_total,Total,1.418
2007,SVK,République slovaque,family_total,Total,1.352
2008,SVK,République slovaque,family_total,Total,1.308
2009,SVK,République slovaque,family_total,Total,1.566
2010,SVK,République slovaque,family_total,Total,1.575
2011,SVK,République slovaque,family_total,Total,1.627
2012,SVK,République slovaque,family_total,Total,1.658
2013,SVK,République slovaque,family_total,Total,1.685
2014,SVK,République slovaque,family_total,Total,1.679
2015,SVK,République slovaque,family_total,Total,1.615
2016,SVK,République slovaque,family_total,Total,1.649
2017,SVK,République slovaque,family_total,Total,1.695
2018,SVK,République slovaque,family_total,Total,1.642
2019,SVK,République slovaque,family_total,Total,1.781
2020,SVK,République slovaque,family_total,Total,1.988
2021,SVK,République slovaque,family_total,Total,2.08
2000,SVN,Slovénie,family_total,Total,2.147
2001,SVN,Slovénie,family_total,Total,2.106
2002,SVN,Slovénie,family_total,Total,2.023
2003,SVN,Slovénie,family_total,Total,1.977
2004,SVN,Slovénie,family_total,Total,1.949
2005,SVN,Slovénie,family_total,Total,1.925
2006,SVN,Slovénie,family_total,Total,1.884
2007,SVN,Slovénie,family_total,Total,1.71
2008,SVN,Slovénie,family_total,Total,1.754
2009,SVN,Slovénie,family_total,Total,2.075
2010,SVN,Slovénie,family_total,Total,2.134
2011,SVN,Slovénie,family_total,Total,2.146
2012,SVN,Slovénie,family_total,Total,2.077
2013,SVN,Slovénie,family_total,Total,1.95
2014,SVN,Slovénie,family_total,Total,1.865
2015,SVN,Slovénie,family_total,Total,1.798
2016,SVN,Slovénie,family_total,Total,1.741
2017,SVN,Slovénie,family_total,Total,1.861
2018,SVN,Slovénie,family_total,Total,1.827
2019,SVN,Slovénie,family_total,Total,1.827
2020,SVN,Slovénie,family_total,Total,1.94
2021,SVN,Slovénie,family_total,Total,1.87
2000,ESP,Espagne,family_total,Total,0.887
2001,ESP,Espagne,family_total,Total,0.849
2002,ESP,Espagne,family_total,Total,0.861
2003,ESP,Espagne,family_total,Total,1.01
2004,ESP,Espagne,family_total,Total,1.035
2005,ESP,Espagne,family_total,Total,1.111
2006,ESP,Espagne,family_total,Total,1.136
2007,ESP,Espagne,family_total,Total,1.185
2008,ESP,Espagne,family_total,Total,1.283
2009,ESP,Espagne,family_total,Total,1.432
2010,ESP,Espagne,family_total,Total,1.42
2011,ESP,Espagne,family_total,Total,1.335
2012,ESP,Espagne,family_total,Total,1.299
2013,ESP,Espagne,family_total,Total,1.306
2014,ESP,Espagne,family_total,Total,1.268
2015,ESP,Espagne,family_total,Total,1.227
2016,ESP,Espagne,family_total,Total,1.198
2017,ESP,Espagne,family_total,Total,1.215
2018,ESP,Espagne,family_total,Total,1.228
2019,ESP,Espagne,family_total,Total,1.281
2020,ESP,Espagne,family_total,Total,1.524
2021,ESP,Espagne,family_total,Total,1.482
2000,SWE,Suède,family_total,Total,2.775
2001,SWE,Suède,family_total,Total,2.908
2002,SWE,Suède,family_total,Total,3.051
2003,SWE,Suède,family_total,Total,3.114
2004,SWE,Suède,family_total,Total,3.105
2005,SWE,Suède,family_total,Total,3.133
2006,SWE,Suède,family_total,Total,3.222
2007,SWE,Suède,family_total,Total,3.183
2008,SWE,Suède,family_total,Total,3.322
2009,SWE,Suède,family_total,Total,3.499
2010,SWE,Suède,family_total,Total,3.395
2011,SWE,Suède,family_total,Total,3.393
2012,SWE,Suède,family_total,Total,3.509
2013,SWE,Suède,family_total,Total,3.56
2014,SWE,Suède,family_total,Total,3.565
2015,SWE,Suède,family_total,Total,3.48
2016,SWE,Suède,family_total,Total,3.505
2017,SWE,Suède,family_total,Total,3.494
2018,SWE,Suède,family_total,Total,3.569
2019,SWE,Suède,family_total,Total,3.512
2020,SWE,Suède,family_total,Total,3.54
2021,SWE,Suède,family_total,Total,3.32
2000,CHE,Suisse,family_total,Total,1.328
2001,CHE,Suisse,family_total,Total,1.348
2002,CHE,Suisse,family_total,Total,1.43
2003,CHE,Suisse,family_total,Total,1.433
2004,CHE,Suisse,family_total,Total,1.394
2005,CHE,Suisse,family_total,Total,1.407
2006,CHE,Suisse,family_total,Total,1.393
2007,CHE,Suisse,family_total,Total,1.337
2008,CHE,Suisse,family_total,Total,1.267
2009,CHE,Suisse,family_total,Total,1.381
2010,CHE,Suisse,family_total,Total,1.391
2011,CHE,Suisse,family_total,Total,1.38
2012,CHE,Suisse,family_total,Total,1.412
2013,CHE,Suisse,family_total,Total,1.423
2014,CHE,Suisse,family_total,Total,1.483
2015,CHE,Suisse,family_total,Total,1.628
2016,CHE,Suisse,family_total,Total,1.611
2017,CHE,Suisse,family_total,Total,1.624
2018,CHE,Suisse,family_total,Total,1.596
2019,CHE,Suisse,family_total,Total,1.642
2020,CHE,Suisse,family_total,Total,1.745
2021,CHE,Suisse,family_total,Total,1.675
2000,GBR,Royaume-Uni,family_total,Total,2.385
2001,GBR,Royaume-Uni,family_total,Total,2.473
2002,GBR,Royaume-Uni,family_total,Total,2.531
2003,GBR,Royaume-Uni,family_total,Total,2.794
2004,GBR,Royaume-Uni,family_total,Total,2.875
2005,GBR,Royaume-Uni,family_total,Total,2.838
2006,GBR,Royaume-Uni,family_total,Total,2.836
2007,GBR,Royaume-Uni,family_total,Total,3.111
2008,GBR,Royaume-Uni,family_total,Total,3.332
2009,GBR,Royaume-Uni,family_total,Total,3.681
2010,GBR,Royaume-Uni,family_total,Total,3.927
2011,GBR,Royaume-Uni,family_total,Total,3.848
2012,GBR,Royaume-Uni,family_total,Total,3.885
2013,GBR,Royaume-Uni,family_total,Total,3.654
2014,GBR,Royaume-Uni,family_total,Total,3.485
2015,GBR,Royaume-Uni,family_total,Total,3.439
2016,GBR,Royaume-Uni,family_total,Total,3.319
2017,GBR,Royaume-Uni,family_total,Total,3.218
2018,GBR,Royaume-Uni,family_total,Total,3.012
2019,GBR,Royaume-Uni,family_total,Total,2.435
2020,GBR,Royaume-Uni,family_total,Total,2.385
2021,GBR,Royaume-Uni,family_total,Total,2.027
