Year,REF_AREA,Country,Age,% Population,Value_population
2000,DNK,Danemark,20-64,61.45,3279727.0
2001,DNK,Danemark,20-64,61.29,3281971.0
2002,DNK,Danemark,20-64,61.12,3284698.0
2003,DNK,Danemark,20-64,60.9,3280836.0
2004,DNK,Danemark,20-64,60.65,3275751.0
2005,DNK,Danemark,20-64,60.42,3272070.0
2006,DNK,Danemark,20-64,60.23,3273133.0
2007,DNK,Danemark,20-64,60.01,3274986.0
2008,DNK,Danemark,20-64,59.73,3278627.0
2009,DNK,Danemark,20-64,59.43,3279955.0
2010,DNK,Danemark,20-64,59.05,3273643.0
2011,DNK,Danemark,20-64,58.68,3266671.0
2012,DNK,Danemark,20-64,58.38,3261534.0
2013,DNK,Danemark,20-64,58.23,3266220.0
2014,DNK,Danemark,20-64,58.17,3280409.0
2015,DNK,Danemark,20-64,58.19,3304273.0
2016,DNK,Danemark,20-64,58.15,3328948.0
2017,DNK,Danemark,20-64,58.13,3348443.0
2018,DNK,Danemark,20-64,58.02,3359610.0
2019,DNK,Danemark,20-64,57.97,3370577.0
2020,DNK,Danemark,20-64,57.8,3366856.0
2021,DNK,Danemark,20-64,57.7,3375527.0
2000,FIN,Finlande,20-64,60.51,3132366.0
2001,FIN,Finlande,20-64,60.55,3141263.0
2002,FIN,Finlande,20-64,60.61,3152155.0
2003,FIN,Finlande,20-64,60.66,3162137.0
2004,FIN,Finlande,20-64,60.63,3169845.0
2005,FIN,Finlande,20-64,60.61,3179792.0
2006,FIN,Finlande,20-64,60.46,3184138.0
2007,FIN,Finlande,20-64,60.32,3190226.0
2008,FIN,Finlande,20-64,60.31,3204325.0
2009,FIN,Finlande,20-64,60.2,3213966.0
2010,FIN,Finlande,20-64,59.97,3216246.0
2011,FIN,Finlande,20-64,59.57,3209677.0
2012,FIN,Finlande,20-64,59.12,3200625.0
2013,FIN,Finlande,20-64,58.67,3191266.0
2014,FIN,Finlande,20-64,58.26,3181664.0
2015,FIN,Finlande,20-64,57.89,3172094.0
2016,FIN,Finlande,20-64,57.57,3163744.0
2017,FIN,Finlande,20-64,57.26,3153906.0
2018,FIN,Finlande,20-64,56.95,3141007.0
2019,FIN,Finlande,20-64,56.7,3130495.0
2020,FIN,Finlande,20-64,56.47,3122540.0
2021,FIN,Finlande,20-64,56.25,3116742.0
2000,NOR,Norvège,20-64,58.91,2645792.0
2001,NOR,Norvège,20-64,59.04,2664979.0
2002,NOR,Norvège,20-64,59.17,2685006.0
2003,NOR,Norvège,20-64,59.25,2704506.0
2004,NOR,Norvège,20-64,59.27,2721514.0
2005,NOR,Norvège,20-64,59.29,2741023.0
2006,NOR,Norvège,20-64,59.36,2766552.0
2007,NOR,Norvège,20-64,59.48,2801129.0
2008,NOR,Norvège,20-64,59.6,2841964.0
2009,NOR,Norvège,20-64,59.63,2879386.0
2010,NOR,Norvège,20-64,59.61,2914253.0
2011,NOR,Norvège,20-64,59.58,2951013.0
2012,NOR,Norvège,20-64,59.54,2988253.0
2013,NOR,Norvège,20-64,59.52,3023532.0
2014,NOR,Norvège,20-64,59.49,3056224.0
2015,NOR,Norvège,20-64,59.45,3085356.0
2016,NOR,Norvège,20-64,59.38,3109439.0
2017,NOR,Norvège,20-64,59.31,3129534.0
2018,NOR,Norvège,20-64,59.23,3146107.0
2019,NOR,Norvège,20-64,59.19,3165463.0
2020,NOR,Norvège,20-64,59.16,3182426.0
2021,NOR,Norvège,20-64,59.07,3194448.0
2000,SVK,République slovaque,20-64,60.81,3284016.0
2001,SVK,République slovaque,20-64,61.29,3297107.0
2002,SVK,République slovaque,20-64,61.96,3332595.0
2003,SVK,République slovaque,20-64,62.63,3368664.0
2004,SVK,République slovaque,20-64,63.23,3403338.0
2005,SVK,République slovaque,20-64,63.79,3436642.0
2006,SVK,République slovaque,20-64,64.31,3467201.0
2007,SVK,République slovaque,20-64,64.78,3496651.0
2008,SVK,République slovaque,20-64,65.19,3524759.0
2009,SVK,République slovaque,20-64,65.5,3548818.0
2010,SVK,République slovaque,20-64,65.73,3569621.0
2011,SVK,République slovaque,20-64,65.6,3541266.5
2012,SVK,République slovaque,20-64,65.67,3551119.5
2013,SVK,République slovaque,20-64,65.6,3551265.5
2014,SVK,République slovaque,20-64,65.45,3546639.5
2015,SVK,République slovaque,20-64,65.14,3533301.5
2016,SVK,République slovaque,20-64,64.7,3513503.0
2017,SVK,République slovaque,20-64,64.18,3490641.5
2018,SVK,République slovaque,20-64,63.63,3465932.0
2019,SVK,République slovaque,20-64,63.07,3439755.0
2020,SVK,République slovaque,20-64,62.5,3411758.0
2021,SVK,République slovaque,20-64,62.02,3375200.0
2000,SVN,Slovénie,20-64,63.1,1255897.0
2001,SVN,Slovénie,20-64,63.39,1262795.0
2002,SVN,Slovénie,20-64,63.63,1269800.0
2003,SVN,Slovénie,20-64,63.86,1275158.0
2004,SVN,Slovénie,20-64,64.0,1278158.0
2005,SVN,Slovénie,20-64,64.12,1283194.0
2006,SVN,Slovénie,20-64,64.18,1289150.0
2007,SVN,Slovénie,20-64,64.27,1297886.0
2008,SVN,Slovénie,20-64,64.23,1299138.0
2009,SVN,Slovénie,20-64,64.26,1312488.0
2010,SVN,Slovénie,20-64,64.25,1316712.0
2011,SVN,Slovénie,20-64,64.23,1318279.0
2012,SVN,Slovénie,20-64,63.83,1312499.0
2013,SVN,Slovénie,20-64,63.45,1306503.0
2014,SVN,Slovénie,20-64,63.01,1298969.0
2015,SVN,Slovénie,20-64,62.46,1288689.0
2016,SVN,Slovénie,20-64,61.87,1277193.0
2017,SVN,Slovénie,20-64,61.37,1267971.0
2018,SVN,Slovénie,20-64,60.79,1258287.0
2019,SVN,Slovénie,20-64,60.43,1262671.0
2020,SVN,Slovénie,20-64,59.99,1259940.0
2021,SVN,Slovénie,20-64,59.52,1254099.0
2000,SWE,Suède,20-64,58.59,5198504.0
2001,SWE,Suède,20-64,58.74,5225131.0
2002,SWE,Suède,20-64,58.83,5250288.0
2003,SWE,Suède,20-64,58.86,5272485.0
2004,SWE,Suède,20-64,58.83,5290453.0
2005,SWE,Suède,20-64,58.82,5310997.0
2006,SWE,Suède,20-64,58.84,5342862.0
2007,SWE,Suède,20-64,58.8,5379132.0
2008,SWE,Suède,20-64,58.7,5411604.0
2009,SWE,Suède,20-64,58.55,5444691.0
2010,SWE,Suède,20-64,58.42,5478346.0
2011,SWE,Suède,20-64,58.29,5508154.0
2012,SWE,Suède,20-64,58.16,5536333.0
2013,SWE,Suède,20-64,57.99,5567025.0
2014,SWE,Suède,20-64,57.8,5604062.0
2015,SWE,Suède,20-64,57.6,5644689.0
2016,SWE,Suède,20-64,57.4,5695933.0
2017,SWE,Suède,20-64,57.18,5751134.0
2018,SWE,Suède,20-64,56.95,5794907.0
2019,SWE,Suède,20-64,56.78,5836863.0
2020,SWE,Suède,20-64,56.67,5867661.0
2021,SWE,Suède,20-64,56.55,5890160.0
2000,DEU,Allemagne,20-64,62.31,51228975.0
2001,DEU,Allemagne,20-64,62.11,51145487.0
2002,DEU,Allemagne,20-64,61.9,51061980.0
2003,DEU,Allemagne,20-64,61.66,50888102.0
2004,DEU,Allemagne,20-64,61.31,50594123.0
2005,DEU,Allemagne,20-64,60.93,50251569.0
2006,DEU,Allemagne,20-64,60.63,49947073.0
2007,DEU,Allemagne,20-64,60.53,49793160.0
2008,DEU,Allemagne,20-64,60.55,49714521.0
2009,DEU,Allemagne,20-64,60.57,49607713.0
2010,DEU,Allemagne,20-64,60.77,49693267.0
2011,DEU,Allemagne,20-64,60.8,48808371.0
2012,DEU,Allemagne,20-64,60.93,49005552.0
2013,DEU,Allemagne,20-64,60.96,49159653.0
2014,DEU,Allemagne,20-64,60.87,49293520.0
2015,DEU,Allemagne,20-64,60.7,49579864.0
2016,DEU,Allemagne,20-64,60.47,49797466.0
2017,DEU,Allemagne,20-64,60.26,49810411.0
2018,DEU,Allemagne,20-64,60.11,49835857.0
2019,DEU,Allemagne,20-64,59.93,49793459.0
2020,DEU,Allemagne,20-64,59.7,49647175.0
2021,DEU,Allemagne,20-64,59.45,49457767.0
2000,GRC,Grèce,20-64,61.34,6628467.0
2001,GRC,Grèce,20-64,60.92,6617116.0
2002,GRC,Grèce,20-64,60.5,6595308.0
2003,GRC,Grèce,20-64,60.65,6627932.0
2004,GRC,Grèce,20-64,60.76,6656553.0
2005,GRC,Grèce,20-64,60.85,6686010.0
2006,GRC,Grèce,20-64,60.95,6717298.0
2007,GRC,Grèce,20-64,61.05,6745107.0
2008,GRC,Grèce,20-64,61.13,6772400.0
2009,GRC,Grèce,20-64,61.14,6791057.0
2010,GRC,Grèce,20-64,61.02,6786381.0
2011,GRC,Grèce,20-64,60.78,6750092.0
2012,GRC,Grèce,20-64,60.46,6678189.0
2013,GRC,Grèce,20-64,60.09,6589105.0
2014,GRC,Grèce,20-64,59.76,6508771.0
2015,GRC,Grèce,20-64,59.48,6436384.0
2016,GRC,Grèce,20-64,59.18,6377569.0
2017,GRC,Grèce,20-64,58.9,6334258.0
2018,GRC,Grèce,20-64,58.66,6295431.0
2019,GRC,Grèce,20-64,58.45,6266628.0
2020,GRC,Grèce,20-64,58.26,6233438.0
2021,GRC,Grèce,20-64,58.37,6168727.0
2000,ITA,Italie,20-64,62.11,35363973.0
2001,ITA,Italie,20-64,61.96,35304862.0
2002,ITA,Italie,20-64,61.84,35302391.0
2003,ITA,Italie,20-64,61.73,35432744.0
2004,ITA,Italie,20-64,61.57,35606719.0
2005,ITA,Italie,20-64,61.29,35651162.0
2006,ITA,Italie,20-64,61.0,35625465.0
2007,ITA,Italie,20-64,60.83,35740185.0
2008,ITA,Italie,20-64,60.74,35965084.0
2009,ITA,Italie,20-64,60.66,36124725.0
2010,ITA,Italie,20-64,60.61,36258395.0
2011,ITA,Italie,20-64,60.47,36296109.0
2012,ITA,Italie,20-64,60.22,36245311.0
2013,ITA,Italie,20-64,59.99,36178171.0
2014,ITA,Italie,20-64,59.73,36031167.0
2015,ITA,Italie,20-64,59.52,35848706.0
2016,ITA,Italie,20-64,59.37,35687416.0
2017,ITA,Italie,20-64,59.26,35554541.0
2018,ITA,Italie,20-64,59.18,35434205.0
2019,ITA,Italie,20-64,59.07,35280840.0
2020,ITA,Italie,20-64,58.87,34992452.0
2021,ITA,Italie,20-64,58.7,34711970.0
2000,NLD,Pays-Bas,20-64,61.99,9871506.0
2001,NLD,Pays-Bas,20-64,61.92,9935233.0
2002,NLD,Pays-Bas,20-64,61.83,9984523.0
2003,NLD,Pays-Bas,20-64,61.7,10011222.0
2004,NLD,Pays-Bas,20-64,61.57,10024110.0
2005,NLD,Pays-Bas,20-64,61.45,10028513.0
2006,NLD,Pays-Bas,20-64,61.36,10030327.0
2007,NLD,Pays-Bas,20-64,61.3,10041330.0
2008,NLD,Pays-Bas,20-64,61.2,10065257.0
2009,NLD,Pays-Bas,20-64,61.07,10094358.0
2010,NLD,Pays-Bas,20-64,60.95,10127680.0
2011,NLD,Pays-Bas,20-64,60.7,10133129.0
2012,NLD,Pays-Bas,20-64,60.29,10101839.0
2013,NLD,Pays-Bas,20-64,59.95,10074343.0
2014,NLD,Pays-Bas,20-64,59.68,10064606.0
2015,NLD,Pays-Bas,20-64,59.45,10070147.0
2016,NLD,Pays-Bas,20-64,59.25,10089998.0
2017,NLD,Pays-Bas,20-64,59.06,10117997.0
2018,NLD,Pays-Bas,20-64,58.93,10153819.0
2019,NLD,Pays-Bas,20-64,58.85,10208047.0
2020,NLD,Pays-Bas,20-64,58.81,10257095.0
2021,NLD,Pays-Bas,20-64,58.75,10300912.0
2000,PRT,Portugal,20-64,60.66,6242200.5
2001,PRT,Portugal,20-64,60.81,6301813.5
2002,PRT,Portugal,20-64,60.97,6353205.0
2003,PRT,Portugal,20-64,61.1,6390655.5
2004,PRT,Portugal,20-64,61.17,6413203.5
2005,PRT,Portugal,20-64,61.2,6427809.5
2006,PRT,Portugal,20-64,61.2,6439729.5
2007,PRT,Portugal,20-64,61.2,6451907.5
2008,PRT,Portugal,20-64,61.15,6456405.5
2009,PRT,Portugal,20-64,61.06,6452858.5
2010,PRT,Portugal,20-64,60.93,6442407.0
2011,PRT,Portugal,20-64,60.65,6413896.0
2012,PRT,Portugal,20-64,60.47,6368232.5
2013,PRT,Portugal,20-64,60.25,6310380.0
2014,PRT,Portugal,20-64,59.97,6248889.0
2015,PRT,Portugal,20-64,59.7,6197955.5
2016,PRT,Portugal,20-64,59.43,6154642.0
2017,PRT,Portugal,20-64,59.16,6117388.5
2018,PRT,Portugal,20-64,58.93,6090027.5
2019,PRT,Portugal,20-64,58.72,6079861.0
2020,PRT,Portugal,20-64,58.53,6078467.0
2021,PRT,Portugal,20-64,58.36,6074145.5
2000,CHE,Suisse,20-64,61.51,4419209.0
2001,CHE,Suisse,20-64,61.75,4462287.0
2002,CHE,Suisse,20-64,61.86,4506016.0
2003,CHE,Suisse,20-64,61.97,4547981.0
2004,CHE,Suisse,20-64,62.04,4584622.0
2005,CHE,Suisse,20-64,62.09,4617974.0
2006,CHE,Suisse,20-64,62.11,4648241.0
2007,CHE,Suisse,20-64,62.12,4690626.0
2008,CHE,Suisse,20-64,62.17,4754523.0
2009,CHE,Suisse,20-64,62.2,4816521.0
2010,CHE,Suisse,20-64,62.17,4864512.0
2011,CHE,Suisse,20-64,62.21,4922486.0
2012,CHE,Suisse,20-64,62.18,4972049.0
2013,CHE,Suisse,20-64,62.12,5025256.0
2014,CHE,Suisse,20-64,62.05,5080860.0
2015,CHE,Suisse,20-64,61.97,5132458.0
2016,CHE,Suisse,20-64,61.87,5180798.0
2017,CHE,Suisse,20-64,61.75,5219149.0
2018,CHE,Suisse,20-64,61.61,5245521.0
2019,CHE,Suisse,20-64,61.46,5270402.0
2020,CHE,Suisse,20-64,61.34,5298684.0
2021,CHE,Suisse,20-64,61.17,5324453.0
2000,FRA,France,20-64,58.37,35446425.0
2001,FRA,France,20-64,58.4,35720487.0
2002,FRA,France,20-64,58.44,35999115.0
2003,FRA,France,20-64,58.45,36262371.0
2004,FRA,France,20-64,58.43,36516166.0
2005,FRA,France,20-64,58.46,36805983.0
2006,FRA,France,20-64,58.57,37128824.0
2007,FRA,France,20-64,58.66,37412663.0
2008,FRA,France,20-64,58.67,37625726.0
2009,FRA,France,20-64,58.63,37795181.0
2010,FRA,France,20-64,58.59,37948437.0
2011,FRA,France,20-64,58.41,38019197.0
2012,FRA,France,20-64,58.07,37981376.0
2013,FRA,France,20-64,57.66,37905796.0
2014,FRA,France,20-64,57.18,37896428.0
2015,FRA,France,20-64,56.78,37763153.0
2016,FRA,France,20-64,56.43,37633851.0
2017,FRA,France,20-64,56.13,37544743.0
2018,FRA,France,20-64,55.88,37510818.0
2019,FRA,France,20-64,55.67,37497043.0
2000,IRL,Irlande,20-64,58.25,2207477.0
2001,IRL,Irlande,20-64,58.99,2269424.0
2002,IRL,Irlande,20-64,59.75,2340586.0
2003,IRL,Irlande,20-64,60.27,2398569.0
2004,IRL,Irlande,20-64,60.65,2453298.0
2005,IRL,Irlande,20-64,61.17,2528714.0
2006,IRL,Irlande,20-64,61.77,2614630.0
2007,IRL,Irlande,20-64,62.37,2729192.0
2008,IRL,Irlande,20-64,62.26,2792362.0
2009,IRL,Irlande,20-64,61.85,2803836.0
2010,IRL,Irlande,20-64,61.31,2792581.0
2011,IRL,Irlande,20-64,60.89,2785569.0
2012,IRL,Irlande,20-64,60.39,2774131.0
2013,IRL,Irlande,20-64,59.97,2767189.0
2014,IRL,Irlande,20-64,59.58,2767861.0
2015,IRL,Irlande,20-64,59.3,2779679.0
2016,IRL,Irlande,20-64,59.14,2803034.0
2000,AUT,Autriche,20-64,61.47,4925011.0
2001,AUT,Autriche,20-64,61.71,4962728.0
2000,EST,Estonie,20-64,60.07,839215.0
2001,EST,Estonie,20-64,60.22,835915.0
2002,EST,Estonie,20-64,60.3,831760.0
2003,EST,Estonie,20-64,60.38,827605.0
2004,EST,Estonie,20-64,60.47,823935.0
2005,EST,Estonie,20-64,60.53,820090.0
2006,EST,Estonie,20-64,60.54,815320.0
2007,EST,Estonie,20-64,60.6,812460.0
2008,EST,Estonie,20-64,60.9,814225.0
2009,EST,Estonie,20-64,61.28,817765.0
2010,EST,Estonie,20-64,61.58,819915.0
2011,EST,Estonie,20-64,61.65,818356.0
2012,EST,Estonie,20-64,61.53,813823.0
2013,EST,Estonie,20-64,61.3,807990.0
2014,EST,Estonie,20-64,60.94,801091.0
2015,EST,Estonie,20-64,60.54,795860.0
2016,EST,Estonie,20-64,60.13,791122.0
2017,EST,Estonie,20-64,59.72,786678.0
2018,EST,Estonie,20-64,59.37,784837.0
2019,EST,Estonie,20-64,58.99,782695.0
2020,EST,Estonie,20-64,58.58,778859.0
2021,EST,Estonie,20-64,58.3,775960.0
2000,HUN,Hongrie,20-64,61.57,6287000.0
2001,HUN,Hongrie,20-64,61.85,6301302.0
2002,HUN,Hongrie,20-64,62.08,6306202.0
2003,HUN,Hongrie,20-64,62.24,6304435.0
2004,HUN,Hongrie,20-64,62.38,6305032.0
2005,HUN,Hongrie,20-64,62.51,6305564.0
2006,HUN,Hongrie,20-64,62.62,6306480.0
2007,HUN,Hongrie,20-64,62.65,6300301.0
2008,HUN,Hongrie,20-64,62.66,6289824.0
2009,HUN,Hongrie,20-64,62.64,6278499.0
2010,HUN,Hongrie,20-64,62.69,6269284.0
2011,HUN,Hongrie,20-64,62.74,6247838.0
2000,ISL,Islande,20-64,57.51,161724.0
2001,ISL,Islande,20-64,57.87,164916.0
2002,ISL,Islande,20-64,58.14,167173.0
2003,ISL,Islande,20-64,58.33,168892.0
2004,ISL,Islande,20-64,58.52,170930.0
2005,ISL,Islande,20-64,58.86,174644.0
2006,ISL,Islande,20-64,59.37,180364.0
2007,ISL,Islande,20-64,59.85,186475.0
2008,ISL,Islande,20-64,60.04,190555.0
2009,ISL,Islande,20-64,59.81,190504.0
2010,ISL,Islande,20-64,59.54,189351.0
2000,LVA,Lettonie,20-64,59.79,1415663.0
2001,LVA,Lettonie,20-64,59.92,1400466.0
2002,LVA,Lettonie,20-64,59.99,1385953.0
2003,LVA,Lettonie,20-64,60.1,1374982.0
2004,LVA,Lettonie,20-64,60.25,1363607.0
2005,LVA,Lettonie,20-64,60.42,1352635.0
2006,LVA,Lettonie,20-64,60.58,1343896.0
2007,LVA,Lettonie,20-64,60.82,1338217.0
2008,LVA,Lettonie,20-64,61.07,1329654.0
2009,LVA,Lettonie,20-64,61.23,1311278.0
2010,LVA,Lettonie,20-64,61.41,1288184.0
2011,LVA,Lettonie,20-64,61.64,1269550.0
2012,LVA,Lettonie,20-64,61.81,1257320.0
2013,LVA,Lettonie,20-64,61.75,1242865.0
2014,LVA,Lettonie,20-64,61.42,1224571.0
2015,LVA,Lettonie,20-64,60.97,1205671.0
2016,LVA,Lettonie,20-64,60.44,1184325.0
2017,LVA,Lettonie,20-64,59.88,1163109.0
2018,LVA,Lettonie,20-64,59.42,1145189.0
2019,LVA,Lettonie,20-64,59.01,1129270.0
2020,LVA,Lettonie,20-64,58.61,1113767.0
2021,LVA,Lettonie,20-64,58.3,1098639.0
2000,LTU,Lituanie,20-64,58.73,2055293.0
2001,LTU,Lituanie,20-64,58.8,2040956.0
2002,LTU,Lituanie,20-64,58.86,2026541.0
2003,LTU,Lituanie,20-64,59.04,2016337.0
2004,LTU,Lituanie,20-64,59.25,2000950.0
2005,LTU,Lituanie,20-64,59.47,1975836.0
2006,LTU,Lituanie,20-64,59.68,1951492.0
2007,LTU,Lituanie,20-64,59.89,1935201.0
2008,LTU,Lituanie,20-64,60.09,1921772.0
2009,LTU,Lituanie,20-64,60.29,1907026.0
2010,LTU,Lituanie,20-64,60.29,1867439.0
2011,LTU,Lituanie,20-64,60.3,1825803.0
2012,LTU,Lituanie,20-64,60.58,1809895.0
2013,LTU,Lituanie,20-64,60.84,1799438.0
2014,LTU,Lituanie,20-64,60.9,1785868.0
2015,LTU,Lituanie,20-64,60.8,1766215.0
2016,LTU,Lituanie,20-64,60.61,1738337.0
2017,LTU,Lituanie,20-64,60.36,1707250.0
2018,LTU,Lituanie,20-64,60.24,1687551.0
2019,LTU,Lituanie,20-64,60.26,1683790.0
2020,LTU,Lituanie,20-64,60.35,1686715.0
2021,LTU,Lituanie,20-64,60.58,1701383.0
2000,LUX,Luxembourg,20-64,61.42,267983.0
2001,LUX,Luxembourg,20-64,61.54,271726.0
2002,LUX,Luxembourg,20-64,61.53,274538.0
2003,LUX,Luxembourg,20-64,61.56,278025.0
2004,LUX,Luxembourg,20-64,61.59,282124.0
2005,LUX,Luxembourg,20-64,61.61,286589.0
2006,LUX,Luxembourg,20-64,61.72,291698.0
2007,LUX,Luxembourg,20-64,61.86,296927.0
2008,LUX,Luxembourg,20-64,62.06,303270.0
2009,LUX,Luxembourg,20-64,62.27,309993.0
2010,LUX,Luxembourg,20-64,62.48,316719.0
2011,LUX,Luxembourg,20-64,62.74,325196.0
2012,LUX,Luxembourg,20-64,62.97,334342.0
2013,LUX,Luxembourg,20-64,63.12,342958.0
2014,LUX,Luxembourg,20-64,63.28,352045.0
2015,LUX,Luxembourg,20-64,63.46,361499.0
2016,LUX,Luxembourg,20-64,63.72,371793.0
2017,LUX,Luxembourg,20-64,63.97,381465.0
2018,LUX,Luxembourg,20-64,64.09,389657.0
2019,LUX,Luxembourg,20-64,64.17,397835.0
2020,LUX,Luxembourg,20-64,64.2,404718.0
2021,LUX,Luxembourg,20-64,64.18,410805.0
2000,POL,Pologne,20-64,59.59,22797682.0
2001,POL,Pologne,20-64,60.09,22983033.0
2002,POL,Pologne,20-64,60.63,23180949.0
2003,POL,Pologne,20-64,61.33,23423793.0
2004,POL,Pologne,20-64,62.01,23676747.0
2005,POL,Pologne,20-64,62.66,23910885.0
2006,POL,Pologne,20-64,63.22,24108290.0
2007,POL,Pologne,20-64,63.72,24286640.0
2008,POL,Pologne,20-64,64.16,24455757.0
2009,POL,Pologne,20-64,64.52,24616858.0
2010,POL,Pologne,20-64,64.88,24987968.0
2011,POL,Pologne,20-64,65.07,25068865.0
2012,POL,Pologne,20-64,65.02,25055191.0
2013,POL,Pologne,20-64,64.87,24976710.0
2014,POL,Pologne,20-64,64.61,24865311.0
2015,POL,Pologne,20-64,64.28,24719796.0
2016,POL,Pologne,20-64,63.84,24531372.0
2017,POL,Pologne,20-64,63.32,24328429.0
2018,POL,Pologne,20-64,62.75,24104133.0
2019,POL,Pologne,20-64,62.17,23865168.0
2000,ESP,Espagne,20-64,62.17,25211956.0
2001,ESP,Espagne,20-64,62.37,25425952.0
2002,ESP,Espagne,20-64,62.69,25969553.0
2003,ESP,Espagne,20-64,63.0,26582591.0
2004,ESP,Espagne,20-64,63.36,27157605.0
2005,ESP,Espagne,20-64,63.67,27799451.0
2006,ESP,Espagne,20-64,63.68,28249434.0
2007,ESP,Espagne,20-64,63.83,28875326.0
2008,ESP,Espagne,20-64,63.79,29333657.0
2009,ESP,Espagne,20-64,63.56,29471792.0
2010,ESP,Espagne,20-64,63.27,29459557.0
2011,ESP,Espagne,20-64,62.97,29431003.0
2000,GBR,Royaume-Uni,20-64,59.0,34742026.0
2001,GBR,Royaume-Uni,20-64,59.13,34955450.0
2002,GBR,Royaume-Uni,20-64,59.22,35154329.0
2003,GBR,Royaume-Uni,20-64,59.27,35347456.0
2004,GBR,Royaume-Uni,20-64,59.37,35591930.0
2005,GBR,Royaume-Uni,20-64,59.58,35991705.0
2006,GBR,Royaume-Uni,20-64,59.77,36356996.0
2007,GBR,Royaume-Uni,20-64,59.85,36697678.0
2008,GBR,Royaume-Uni,20-64,59.84,36996544.0
2009,GBR,Royaume-Uni,20-64,59.73,37189514.0
2010,GBR,Royaume-Uni,20-64,59.66,37441793.0
2011,GBR,Royaume-Uni,20-64,59.63,37737763.0
2000,DNK,Danemark,65+,14.83,791531.0
2001,DNK,Danemark,65+,14.82,793771.0
2002,DNK,Danemark,65+,14.83,797009.0
2003,DNK,Danemark,65+,14.89,801973.0
2004,DNK,Danemark,65+,14.98,809048.0
2005,DNK,Danemark,65+,15.11,818221.0
2006,DNK,Danemark,65+,15.26,829073.0
2007,DNK,Danemark,65+,15.46,843590.0
2008,DNK,Danemark,65+,15.74,864137.0
2009,DNK,Danemark,65+,16.11,888984.0
2010,DNK,Danemark,65+,16.58,919178.0
2011,DNK,Danemark,65+,17.12,952974.0
2012,DNK,Danemark,65+,17.65,986299.0
2013,DNK,Danemark,65+,18.07,1013557.0
2014,DNK,Danemark,65+,18.45,1040682.0
2015,DNK,Danemark,65+,18.74,1063879.0
2016,DNK,Danemark,65+,18.97,1086058.0
2017,DNK,Danemark,65+,19.2,1105863.0
2018,DNK,Danemark,65+,19.46,1126805.0
2019,DNK,Danemark,65+,19.73,1146988.0
2020,DNK,Danemark,65+,20.04,1167382.0
2021,DNK,Danemark,65+,20.3,1187645.0
2000,FIN,Finlande,65+,14.92,772180.0
2001,FIN,Finlande,65+,15.08,782283.0
2002,FIN,Finlande,65+,15.25,792969.0
2003,FIN,Finlande,65+,15.46,805880.0
2004,FIN,Finlande,65+,15.72,822069.0
2005,FIN,Finlande,65+,15.94,836053.0
2006,FIN,Finlande,65+,16.23,854942.0
2007,FIN,Finlande,65+,16.49,871975.0
2008,FIN,Finlande,65+,16.63,883646.0
2009,FIN,Finlande,65+,16.88,901253.0
2010,FIN,Finlande,65+,17.26,925738.0
2011,FIN,Finlande,65+,17.82,960340.0
2012,FIN,Finlande,65+,18.45,998916.0
2013,FIN,Finlande,65+,19.07,1037372.0
2014,FIN,Finlande,65+,19.66,1073966.0
2015,FIN,Finlande,65+,20.21,1107245.0
2016,FIN,Finlande,65+,20.68,1136537.0
2017,FIN,Finlande,65+,21.14,1164643.0
2018,FIN,Finlande,65+,21.61,1192077.0
2019,FIN,Finlande,65+,22.06,1218057.0
2020,FIN,Finlande,65+,22.49,1243604.0
2021,FIN,Finlande,65+,22.87,1267486.0
2000,NOR,Norvège,65+,15.16,680929.0
2001,NOR,Norvège,65+,15.01,677321.0
2002,NOR,Norvège,65+,14.87,674695.0
2003,NOR,Norvège,65+,14.76,673968.0
2004,NOR,Norvège,65+,14.72,676037.0
2005,NOR,Norvège,65+,14.71,680095.0
2006,NOR,Norvège,65+,14.68,684026.0
2007,NOR,Norvège,65+,14.64,689452.0
2008,NOR,Norvège,65+,14.66,699062.0
2009,NOR,Norvège,65+,14.78,713739.0
2010,NOR,Norvège,65+,14.98,732455.0
2011,NOR,Norvège,65+,15.25,755129.0
2012,NOR,Norvège,65+,15.53,779314.0
2013,NOR,Norvège,65+,15.78,801587.0
2014,NOR,Norvège,65+,16.03,823429.0
2015,NOR,Norvège,65+,16.28,844704.0
2016,NOR,Norvège,65+,16.52,864959.0
2017,NOR,Norvège,65+,16.78,885618.0
2018,NOR,Norvège,65+,17.09,907634.0
2019,NOR,Norvège,65+,17.4,930329.0
2020,NOR,Norvège,65+,17.73,953776.0
2021,NOR,Norvège,65+,18.08,977609.0
2000,SVK,République slovaque,65+,11.43,617516.0
2001,SVK,République slovaque,65+,11.37,611946.0
2002,SVK,République slovaque,65+,11.45,615970.0
2003,SVK,République slovaque,65+,11.51,618894.0
2004,SVK,République slovaque,65+,11.61,624712.0
2005,SVK,République slovaque,65+,11.71,630927.0
2006,SVK,République slovaque,65+,11.83,637734.0
2007,SVK,République slovaque,65+,11.95,644927.0
2008,SVK,République slovaque,65+,12.06,652292.0
2009,SVK,République slovaque,65+,12.2,660945.0
2010,SVK,République slovaque,65+,12.35,670939.0
2011,SVK,République slovaque,65+,12.68,684555.0
2012,SVK,République slovaque,65+,12.95,700442.0
2013,SVK,République slovaque,65+,13.34,722021.0
2014,SVK,République slovaque,65+,13.75,745007.5
2015,SVK,République slovaque,65+,14.2,770407.5
2016,SVK,République slovaque,65+,14.72,799297.5
2017,SVK,République slovaque,65+,15.26,829757.0
2018,SVK,République slovaque,65+,15.78,859587.0
2019,SVK,République slovaque,65+,16.31,889747.0
2020,SVK,République slovaque,65+,16.83,918599.5
2021,SVK,République slovaque,65+,17.22,937069.5
2000,SVN,Slovénie,65+,13.98,278230.0
2001,SVN,Slovénie,65+,14.3,284880.0
2002,SVN,Slovénie,65+,14.63,292034.0
2003,SVN,Slovénie,65+,14.88,297143.0
2004,SVN,Slovénie,65+,15.17,302996.0
2005,SVN,Slovénie,65+,15.47,309537.0
2006,SVN,Slovénie,65+,15.75,316338.0
2007,SVN,Slovénie,65+,16.02,323562.0
2008,SVN,Slovénie,65+,16.33,330275.0
2009,SVN,Slovénie,65+,16.49,336860.0
2010,SVN,Slovénie,65+,16.55,339207.0
2011,SVN,Slovénie,65+,16.62,341192.0
2012,SVN,Slovénie,65+,16.96,348680.0
2013,SVN,Slovénie,65+,17.28,355859.0
2014,SVN,Slovénie,65+,17.68,364460.0
2015,SVN,Slovénie,65+,18.15,374488.0
2016,SVN,Slovénie,65+,18.68,385572.0
2017,SVN,Slovénie,65+,19.15,395629.0
2018,SVN,Slovénie,65+,19.68,407333.0
2019,SVN,Slovénie,65+,20.03,418431.0
2020,SVN,Slovénie,65+,20.47,429855.0
2021,SVN,Slovénie,65+,20.91,440649.0
2000,SWE,Suède,65+,17.26,1531724.0
2001,SWE,Suède,65+,17.22,1531475.0
2002,SWE,Suède,65+,17.18,1532929.0
2003,SWE,Suède,65+,17.16,1537523.0
2004,SWE,Suède,65+,17.21,1547795.0
2005,SWE,Suède,65+,17.27,1559854.0
2006,SWE,Suède,65+,17.33,1573410.0
2007,SWE,Suède,65+,17.43,1594925.0
2008,SWE,Suède,65+,17.64,1626749.0
2009,SWE,Suède,65+,17.94,1667928.0
2010,SWE,Suède,65+,18.28,1714015.0
2011,SWE,Suède,65+,18.64,1760957.0
2012,SWE,Suède,65+,18.98,1806479.0
2013,SWE,Suède,65+,19.27,1850244.0
2014,SWE,Suède,65+,19.52,1892547.0
2015,SWE,Suède,65+,19.7,1930054.0
2016,SWE,Suède,65+,19.77,1962044.0
2017,SWE,Suède,65+,19.8,1991503.0
2018,SWE,Suède,65+,19.86,2020931.0
2019,SWE,Suède,65+,19.95,2050539.0
2020,SWE,Suède,65+,20.06,2076732.0
2021,SWE,Suède,65+,20.19,2103428.0
2000,DEU,Allemagne,65+,16.45,13522631.0
2001,DEU,Allemagne,65+,16.85,13879868.0
2002,DEU,Allemagne,65+,17.28,14252270.0
2003,DEU,Allemagne,65+,17.75,14649405.0
2004,DEU,Allemagne,65+,18.32,15113725.0
2005,DEU,Allemagne,65+,18.94,15618761.0
2006,DEU,Allemagne,65+,19.53,16084679.0
2007,DEU,Allemagne,65+,19.95,16409018.0
2008,DEU,Allemagne,65+,20.25,16623877.0
2009,DEU,Allemagne,65+,20.53,16815375.0
2010,DEU,Allemagne,65+,20.63,16873017.0
2011,DEU,Allemagne,65+,20.67,16589929.0
2012,DEU,Allemagne,65+,20.71,16659291.0
2013,DEU,Allemagne,65+,20.81,16783984.0
2014,DEU,Allemagne,65+,20.96,16970755.0
2015,DEU,Allemagne,65+,21.05,17194443.0
2016,DEU,Allemagne,65+,21.14,17404939.0
2017,DEU,Allemagne,65+,21.3,17609707.0
2018,DEU,Allemagne,65+,21.47,17796623.0
2019,DEU,Allemagne,65+,21.65,17987103.0
2020,DEU,Allemagne,65+,21.86,18181162.0
2021,DEU,Allemagne,65+,22.06,18354067.0
2000,GRC,Grèce,65+,17.54,1895122.0
2001,GRC,Grèce,65+,17.6,1912182.0
2002,GRC,Grèce,65+,17.62,1921272.0
2003,GRC,Grèce,65+,17.9,1956623.0
2004,GRC,Grèce,65+,18.16,1989575.0
2005,GRC,Grèce,65+,18.37,2018267.0
2006,GRC,Grèce,65+,18.52,2041039.0
2007,GRC,Grèce,65+,18.62,2057753.0
2008,GRC,Grèce,65+,18.72,2073587.0
2009,GRC,Grèce,65+,18.88,2096461.0
2010,GRC,Grèce,65+,19.13,2127908.0
2011,GRC,Grèce,65+,19.48,2163085.0
2012,GRC,Grèce,65+,19.87,2194106.0
2013,GRC,Grèce,65+,20.27,2223141.0
2014,GRC,Grèce,65+,20.69,2253799.0
2015,GRC,Grèce,65+,21.08,2280963.0
2016,GRC,Grèce,65+,21.4,2306296.0
2017,GRC,Grèce,65+,21.66,2329951.0
2018,GRC,Grèce,65+,21.91,2351718.0
2019,GRC,Grèce,65+,22.15,2374736.0
2020,GRC,Grèce,65+,22.41,2397027.0
2021,GRC,Grèce,65+,22.62,2390508.0
2000,ITA,Italie,65+,18.27,10403851.0
2001,ITA,Italie,65+,18.57,10580204.0
2002,ITA,Italie,65+,18.84,10758410.0
2003,ITA,Italie,65+,19.09,10955921.0
2004,ITA,Italie,65+,19.35,11188262.0
2005,ITA,Italie,65+,19.66,11437573.0
2006,ITA,Italie,65+,19.94,11646051.0
2007,ITA,Italie,65+,20.11,11813082.0
2008,ITA,Italie,65+,20.2,11961443.0
2009,ITA,Italie,65+,20.31,12093027.0
2010,ITA,Italie,65+,20.4,12204149.0
2011,ITA,Italie,65+,20.64,12386858.0
2012,ITA,Italie,65+,20.98,12630326.0
2013,ITA,Italie,65+,21.32,12860262.0
2014,ITA,Italie,65+,21.68,13080411.0
2015,ITA,Italie,65+,22.0,13251468.0
2016,ITA,Italie,65+,22.28,13391566.0
2017,ITA,Italie,65+,22.52,13513547.0
2018,ITA,Italie,65+,22.76,13629179.0
2019,ITA,Italie,65+,23.06,13776150.0
2020,ITA,Italie,65+,23.39,13900309.0
2021,ITA,Italie,65+,23.67,13996468.0
2000,NLD,Pays-Bas,65+,13.58,2163471.0
2001,NLD,Pays-Bas,65+,13.63,2186605.0
2002,NLD,Pays-Bas,65+,13.68,2209583.0
2003,NLD,Pays-Bas,65+,13.78,2235803.0
2004,NLD,Pays-Bas,65+,13.94,2269911.0
2005,NLD,Pays-Bas,65+,14.15,2309564.0
2006,NLD,Pays-Bas,65+,14.37,2349405.0
2007,NLD,Pays-Bas,65+,14.6,2391587.0
2008,NLD,Pays-Bas,65+,14.86,2443319.0
2009,NLD,Pays-Bas,65+,15.15,2505070.0
2010,NLD,Pays-Bas,65+,15.45,2566634.0
2011,NLD,Pays-Bas,65+,15.91,2655660.0
2012,NLD,Pays-Bas,65+,16.53,2770360.0
2013,NLD,Pays-Bas,65+,17.09,2871681.0
2014,NLD,Pays-Bas,65+,17.57,2963354.0
2015,NLD,Pays-Bas,65+,17.98,3046498.0
2016,NLD,Pays-Bas,65+,18.33,3122482.0
2017,NLD,Pays-Bas,65+,18.68,3199385.0
2018,NLD,Pays-Bas,65+,19.01,3276559.0
2019,NLD,Pays-Bas,65+,19.33,3353280.0
2020,NLD,Pays-Bas,65+,19.64,3425045.0
2021,NLD,Pays-Bas,65+,19.91,3491494.0
2000,PRT,Portugal,65+,16.19,1665503.0
2001,PRT,Portugal,65+,16.46,1705273.5
2002,PRT,Portugal,65+,16.66,1735824.5
2003,PRT,Portugal,65+,16.84,1761583.0
2004,PRT,Portugal,65+,17.06,1788686.5
2005,PRT,Portugal,65+,17.27,1814037.5
2006,PRT,Portugal,65+,17.45,1836157.5
2007,PRT,Portugal,65+,17.63,1859019.5
2008,PRT,Portugal,65+,17.85,1884331.5
2009,PRT,Portugal,65+,18.11,1914349.5
2010,PRT,Portugal,65+,18.48,1953409.0
2011,PRT,Portugal,65+,19.0,2009180.0
2012,PRT,Portugal,65+,19.34,2036890.5
2013,PRT,Portugal,65+,19.75,2068472.0
2014,PRT,Portugal,65+,20.22,2106580.5
2015,PRT,Portugal,65+,20.66,2145235.5
2016,PRT,Portugal,65+,21.1,2185731.5
2017,PRT,Portugal,65+,21.56,2229257.0
2018,PRT,Portugal,65+,22.0,2273940.0
2019,PRT,Portugal,65+,22.47,2327150.0
2020,PRT,Portugal,65+,22.97,2385367.5
2021,PRT,Portugal,65+,23.41,2436948.5
2000,CHE,Suisse,65+,15.32,1100890.0
2001,CHE,Suisse,65+,15.54,1123180.0
2002,CHE,Suisse,65+,15.59,1135981.0
2003,CHE,Suisse,65+,15.65,1148782.0
2004,CHE,Suisse,65+,15.76,1164705.0
2005,CHE,Suisse,65+,15.9,1182566.0
2006,CHE,Suisse,65+,16.08,1203731.0
2007,CHE,Suisse,65+,16.29,1230053.0
2008,CHE,Suisse,65+,16.47,1259946.0
2009,CHE,Suisse,65+,16.68,1291732.0
2010,CHE,Suisse,65+,16.92,1324103.0
2011,CHE,Suisse,65+,17.03,1347420.0
2012,CHE,Suisse,65+,17.28,1381888.0
2013,CHE,Suisse,65+,17.5,1415682.0
2014,CHE,Suisse,65+,17.7,1449153.0
2015,CHE,Suisse,65+,17.87,1480313.0
2016,CHE,Suisse,65+,18.02,1509055.0
2017,CHE,Suisse,65+,18.18,1536705.0
2018,CHE,Suisse,65+,18.37,1563832.0
2019,CHE,Suisse,65+,18.56,1591550.0
2020,CHE,Suisse,65+,18.73,1617737.0
2021,CHE,Suisse,65+,18.9,1645493.0
2000,FRA,France,65+,15.87,9639505.0
2001,FRA,France,65+,15.99,9777418.0
2002,FRA,France,65+,16.09,9910704.0
2003,FRA,France,65+,16.16,10028255.0
2004,FRA,France,65+,16.26,10158217.0
2005,FRA,France,65+,16.33,10284039.0
2006,FRA,France,65+,16.34,10358305.0
2007,FRA,France,65+,16.36,10431772.0
2008,FRA,France,65+,16.44,10544351.0
2009,FRA,France,65+,16.55,10669613.0
2010,FRA,France,65+,16.67,10800330.0
2011,FRA,France,65+,16.94,11025429.0
2012,FRA,France,65+,17.35,11350025.0
2013,FRA,France,65+,17.79,11695697.0
2014,FRA,France,65+,18.19,12053374.0
2015,FRA,France,65+,18.63,12393831.0
2016,FRA,France,65+,19.07,12720473.0
2017,FRA,France,65+,19.47,13023872.0
2018,FRA,France,65+,19.84,13314321.0
2019,FRA,France,65+,20.2,13602819.0
2000,IRL,Irlande,65+,11.21,424686.0
2001,IRL,Irlande,65+,11.17,429812.0
2002,IRL,Irlande,65+,11.13,436001.0
2003,IRL,Irlande,65+,11.1,441905.0
2004,IRL,Irlande,65+,11.12,449691.0
2005,IRL,Irlande,65+,11.1,458881.0
2006,IRL,Irlande,65+,10.92,462364.0
2007,IRL,Irlande,65+,10.76,471021.0
2008,IRL,Irlande,65+,10.79,483744.0
2009,IRL,Irlande,65+,11.01,498902.0
2010,IRL,Irlande,65+,11.31,515053.0
2011,IRL,Irlande,65+,11.62,531563.0
2012,IRL,Irlande,65+,11.97,550057.0
2013,IRL,Irlande,65+,12.33,569186.0
2014,IRL,Irlande,65+,12.69,589484.0
2015,IRL,Irlande,65+,13.02,610270.0
2016,IRL,Irlande,65+,13.29,629847.0
2000,AUT,Autriche,65+,15.43,1235840.0
2001,AUT,Autriche,65+,15.46,1243616.0
2000,EST,Estonie,65+,14.99,209445.0
2001,EST,Estonie,65+,15.28,212170.0
2002,EST,Estonie,65+,15.64,215765.0
2003,EST,Estonie,65+,16.02,219565.0
2004,EST,Estonie,65+,16.38,223200.0
2005,EST,Estonie,65+,16.72,226505.0
2006,EST,Estonie,65+,17.08,229990.0
2007,EST,Estonie,65+,17.37,232885.0
2008,EST,Estonie,65+,17.44,233235.0
2009,EST,Estonie,65+,17.43,232630.0
2010,EST,Estonie,65+,17.44,232235.0
2011,EST,Estonie,65+,17.58,233324.0
2012,EST,Estonie,65+,17.87,236336.0
2013,EST,Estonie,65+,18.2,239918.0
2014,EST,Estonie,65+,18.57,244067.0
2015,EST,Estonie,65+,18.89,248337.0
2016,EST,Estonie,65+,19.18,252399.0
2017,EST,Estonie,65+,19.47,256429.0
2018,EST,Estonie,65+,19.68,260115.0
2019,EST,Estonie,65+,19.9,264025.0
2020,EST,Estonie,65+,20.19,268421.0
2021,EST,Estonie,65+,20.39,271394.0
2000,HUN,Hongrie,65+,15.06,1538020.0
2001,HUN,Hongrie,65+,15.2,1548449.0
2002,HUN,Hongrie,65+,15.31,1555580.0
2003,HUN,Hongrie,65+,15.43,1563168.0
2004,HUN,Hongrie,65+,15.56,1572343.0
2005,HUN,Hongrie,65+,15.7,1584153.0
2006,HUN,Hongrie,65+,15.87,1597914.0
2007,HUN,Hongrie,65+,16.06,1614506.0
2008,HUN,Hongrie,65+,16.26,1632087.0
2009,HUN,Hongrie,65+,16.48,1651876.0
2010,HUN,Hongrie,65+,16.67,1667307.0
2011,HUN,Hongrie,65+,16.8,1673522.0
2000,ISL,Islande,65+,11.57,32547.0
2001,ISL,Islande,65+,11.6,33062.0
2002,ISL,Islande,65+,11.67,33558.0
2003,ISL,Islande,65+,11.73,33975.0
2004,ISL,Islande,65+,11.77,34370.0
2005,ISL,Islande,65+,11.73,34812.0
2006,ISL,Islande,65+,11.63,35335.0
2007,ISL,Islande,65+,11.56,36017.0
2008,ISL,Islande,65+,11.59,36789.0
2009,ISL,Islande,65+,11.81,37621.0
2010,ISL,Islande,65+,12.14,38624.0
2000,LVA,Lettonie,65+,14.96,354220.0
2001,LVA,Lettonie,65+,15.25,356527.0
2002,LVA,Lettonie,65+,15.63,361059.0
2003,LVA,Lettonie,65+,16.04,366967.0
2004,LVA,Lettonie,65+,16.44,372046.0
2005,LVA,Lettonie,65+,16.82,376540.0
2006,LVA,Lettonie,65+,17.2,381478.0
2007,LVA,Lettonie,65+,17.49,384946.0
2008,LVA,Lettonie,65+,17.71,385572.0
2009,LVA,Lettonie,65+,17.97,384821.0
2010,LVA,Lettonie,65+,18.24,382658.0
2011,LVA,Lettonie,65+,18.47,380341.0
2012,LVA,Lettonie,65+,18.66,379663.0
2013,LVA,Lettonie,65+,18.92,380697.0
2014,LVA,Lettonie,65+,19.23,383348.0
2015,LVA,Lettonie,65+,19.51,385827.0
2016,LVA,Lettonie,65+,19.76,387246.0
2017,LVA,Lettonie,65+,20.0,388381.0
2018,LVA,Lettonie,65+,20.18,388917.0
2019,LVA,Lettonie,65+,20.39,390195.0
2020,LVA,Lettonie,65+,20.66,392555.0
2021,LVA,Lettonie,65+,20.84,392658.0
2000,LTU,Lituanie,65+,13.82,483646.0
2001,LTU,Lituanie,65+,14.19,492535.0
2002,LTU,Lituanie,65+,14.7,506297.0
2003,LTU,Lituanie,65+,15.17,518167.0
2004,LTU,Lituanie,65+,15.62,527633.0
2005,LTU,Lituanie,65+,16.06,533531.0
2006,LTU,Lituanie,65+,16.47,538507.0
2007,LTU,Lituanie,65+,16.82,543504.0
2008,LTU,Lituanie,65+,17.1,546843.0
2009,LTU,Lituanie,65+,17.27,546322.0
2010,LTU,Lituanie,65+,17.6,545101.0
2011,LTU,Lituanie,65+,17.98,544320.0
2012,LTU,Lituanie,65+,18.17,542765.0
2013,LTU,Lituanie,65+,18.34,542468.0
2014,LTU,Lituanie,65+,18.58,544927.0
2015,LTU,Lituanie,65+,18.86,547820.0
2016,LTU,Lituanie,65+,19.15,549363.0
2017,LTU,Lituanie,65+,19.48,550998.0
2018,LTU,Lituanie,65+,19.71,552085.0
2019,LTU,Lituanie,65+,19.83,554174.0
2020,LTU,Lituanie,65+,19.91,556511.0
2021,LTU,Lituanie,65+,19.95,560283.0
2000,LUX,Luxembourg,65+,14.08,61419.0
2001,LUX,Luxembourg,65+,13.91,61431.0
2002,LUX,Luxembourg,65+,13.99,62401.0
2003,LUX,Luxembourg,65+,14.01,63261.0
2004,LUX,Luxembourg,65+,14.03,64293.0
2005,LUX,Luxembourg,65+,14.08,65475.0
2006,LUX,Luxembourg,65+,14.05,66414.0
2007,LUX,Luxembourg,65+,14.01,67260.0
2008,LUX,Luxembourg,65+,13.98,68292.0
2009,LUX,Luxembourg,65+,13.96,69466.0
2010,LUX,Luxembourg,65+,13.92,70563.0
2011,LUX,Luxembourg,65+,13.92,72174.0
2012,LUX,Luxembourg,65+,13.97,74159.0
2013,LUX,Luxembourg,65+,14.03,76214.0
2014,LUX,Luxembourg,65+,14.13,78607.0
2015,LUX,Luxembourg,65+,14.2,80898.0
2016,LUX,Luxembourg,65+,14.23,83041.0
2017,LUX,Luxembourg,65+,14.28,85169.0
2018,LUX,Luxembourg,65+,14.35,87267.0
2019,LUX,Luxembourg,65+,14.44,89559.0
2020,LUX,Luxembourg,65+,14.56,91759.0
2021,LUX,Luxembourg,65+,14.68,93968.0
2000,POL,Pologne,65+,12.24,4684388.0
2001,POL,Pologne,65+,12.47,4768323.0
2002,POL,Pologne,65+,12.71,4861196.0
2003,POL,Pologne,65+,12.86,4911867.0
2004,POL,Pologne,65+,13.05,4980690.0
2005,POL,Pologne,65+,13.21,5039823.0
2006,POL,Pologne,65+,13.35,5090600.0
2007,POL,Pologne,65+,13.44,5120904.0
2008,POL,Pologne,65+,13.47,5133437.0
2009,POL,Pologne,65+,13.49,5146294.0
2010,POL,Pologne,65+,13.45,5178696.0
2011,POL,Pologne,65+,13.64,5252981.0
2012,POL,Pologne,65+,14.02,5403640.0
2013,POL,Pologne,65+,14.47,5572279.0
2014,POL,Pologne,65+,15.0,5772255.0
2015,POL,Pologne,65+,15.52,5968524.0
2016,POL,Pologne,65+,16.1,6186885.0
2017,POL,Pologne,65+,16.66,6402373.0
2018,POL,Pologne,65+,17.23,6618694.0
2019,POL,Pologne,65+,17.81,6835529.0
2000,ESP,Espagne,65+,16.64,6749830.0
2001,ESP,Espagne,65+,16.92,6898556.0
2002,ESP,Espagne,65+,16.96,7026593.0
2003,ESP,Espagne,65+,16.87,7119244.0
2004,ESP,Espagne,65+,16.69,7154260.0
2005,ESP,Espagne,65+,16.56,7230328.0
2006,ESP,Espagne,65+,16.6,7362321.0
2007,ESP,Espagne,65+,16.47,7451435.0
2008,ESP,Espagne,65+,16.48,7577395.0
2009,ESP,Espagne,65+,16.66,7727114.0
2010,ESP,Espagne,65+,16.95,7892790.0
2011,ESP,Espagne,65+,17.23,8052204.0
2000,GBR,Royaume-Uni,65+,15.81,9307797.0
2001,GBR,Royaume-Uni,65+,15.86,9372838.0
2002,GBR,Royaume-Uni,65+,15.88,9429824.0
2003,GBR,Royaume-Uni,65+,15.91,9489469.0
2004,GBR,Royaume-Uni,65+,15.93,9549593.0
2005,GBR,Royaume-Uni,65+,15.92,9614948.0
2006,GBR,Royaume-Uni,65+,15.87,9654253.0
2007,GBR,Royaume-Uni,65+,15.89,9742975.0
2008,GBR,Royaume-Uni,65+,16.0,9893628.0
2009,GBR,Royaume-Uni,65+,16.18,10071808.0
2010,GBR,Royaume-Uni,65+,16.35,10262727.0
2011,GBR,Royaume-Uni,65+,16.53,10458186.0
2000,AUT,Autriche,20-,23.1,1850715.0
2001,AUT,Autriche,20-,22.83,1835949.0
2000,EST,Estonie,20-,24.93,348325.0
2001,EST,Estonie,20-,24.5,340030.0
2002,EST,Estonie,20-,24.06,331825.0
2003,EST,Estonie,20-,23.6,323550.0
2004,EST,Estonie,20-,23.15,315415.0
2005,EST,Estonie,20-,22.75,308180.0
2006,EST,Estonie,20-,22.39,301500.0
2007,EST,Estonie,20-,22.03,295335.0
2008,EST,Estonie,20-,21.66,289630.0
2009,EST,Estonie,20-,21.29,284120.0
2010,EST,Estonie,20-,20.98,279325.0
2011,EST,Estonie,20-,20.77,275759.0
2012,EST,Estonie,20-,20.6,272537.0
2013,EST,Estonie,20-,20.49,270089.0
2014,EST,Estonie,20-,20.49,269387.0
2015,EST,Estonie,20-,20.57,270411.0
2016,EST,Estonie,20-,20.69,272269.0
2017,EST,Estonie,20-,20.82,274277.0
2018,EST,Estonie,20-,20.96,277025.0
2019,EST,Estonie,20-,21.11,280135.0
2020,EST,Estonie,20-,21.23,282199.0
2021,EST,Estonie,20-,21.31,283578.0
2000,HUN,Hongrie,20-,23.37,2385945.0
2001,HUN,Hongrie,20-,22.95,2337827.0
2002,HUN,Hongrie,20-,22.61,2296828.0
2003,HUN,Hongrie,20-,22.33,2261951.0
2004,HUN,Hongrie,20-,22.06,2229765.0
2005,HUN,Hongrie,20-,21.78,2197347.0
2006,HUN,Hongrie,20-,21.52,2166980.0
2007,HUN,Hongrie,20-,21.29,2140971.0
2008,HUN,Hongrie,20-,21.08,2116275.0
2009,HUN,Hongrie,20-,20.88,2092272.0
2010,HUN,Hongrie,20-,20.63,2063429.0
2011,HUN,Hongrie,20-,20.46,2037464.0
2000,ISL,Islande,20-,30.91,86929.0
2001,ISL,Islande,20-,30.53,86992.0
2002,ISL,Islande,20-,30.18,86785.0
2003,ISL,Islande,20-,29.93,86655.0
2004,ISL,Islande,20-,29.71,86777.0
2005,ISL,Islande,20-,29.41,87278.0
2006,ISL,Islande,20-,29.0,88085.0
2007,ISL,Islande,20-,28.59,89075.0
2008,ISL,Islande,20-,28.37,90060.0
2009,ISL,Islande,20-,28.38,90376.0
2010,ISL,Islande,20-,28.32,90069.0
2000,LVA,Lettonie,20-,25.24,597666.0
2001,LVA,Lettonie,20-,24.82,580179.0
2002,LVA,Lettonie,20-,24.38,563164.0
2003,LVA,Lettonie,20-,23.86,546006.0
2004,LVA,Lettonie,20-,23.31,527470.0
2005,LVA,Lettonie,20-,22.76,509624.0
2006,LVA,Lettonie,20-,22.22,492977.0
2007,LVA,Lettonie,20-,21.69,477162.0
2008,LVA,Lettonie,20-,21.22,462098.0
2009,LVA,Lettonie,20-,20.8,445569.0
2010,LVA,Lettonie,20-,20.34,426711.0
2011,LVA,Lettonie,20-,19.9,409819.0
2012,LVA,Lettonie,20-,19.53,397341.0
2013,LVA,Lettonie,20-,19.33,389085.0
2014,LVA,Lettonie,20-,19.35,385866.0
2015,LVA,Lettonie,20-,19.52,386025.0
2016,LVA,Lettonie,20-,19.8,387964.0
2017,LVA,Lettonie,20-,20.12,390757.0
2018,LVA,Lettonie,20-,20.4,393064.0
2019,LVA,Lettonie,20-,20.61,394361.0
2020,LVA,Lettonie,20-,20.74,394126.0
2021,LVA,Lettonie,20-,20.86,393191.0
2000,LTU,Lituanie,20-,27.45,960595.0
2001,LTU,Lituanie,20-,27.01,937327.0
2002,LTU,Lituanie,20-,26.44,910229.0
2003,LTU,Lituanie,20-,25.79,880709.0
2004,LTU,Lituanie,20-,25.13,848492.0
2005,LTU,Lituanie,20-,24.47,813161.0
2006,LTU,Lituanie,20-,23.85,779910.0
2007,LTU,Lituanie,20-,23.29,752589.0
2008,LTU,Lituanie,20-,22.81,729616.0
2009,LTU,Lituanie,20-,22.43,709568.0
2010,LTU,Lituanie,20-,22.11,684742.0
2011,LTU,Lituanie,20-,21.73,657992.0
2012,LTU,Lituanie,20-,21.26,635113.0
2013,LTU,Lituanie,20-,20.82,615783.0
2014,LTU,Lituanie,20-,20.51,601572.0
2015,LTU,Lituanie,20-,20.34,590875.0
2016,LTU,Lituanie,20-,20.24,580531.0
2017,LTU,Lituanie,20-,20.16,570155.0
2018,LTU,Lituanie,20-,20.06,561907.0
2019,LTU,Lituanie,20-,19.91,556173.0
2020,LTU,Lituanie,20-,19.74,551659.0
2021,LTU,Lituanie,20-,19.47,546714.0
2000,LUX,Luxembourg,20-,24.5,106901.0
2001,LUX,Luxembourg,20-,24.54,108365.0
2002,LUX,Luxembourg,20-,24.48,109227.0
2003,LUX,Luxembourg,20-,24.43,110340.0
2004,LUX,Luxembourg,20-,24.38,111681.0
2005,LUX,Luxembourg,20-,24.31,113088.0
2006,LUX,Luxembourg,20-,24.23,114529.0
2007,LUX,Luxembourg,20-,24.13,115805.0
2008,LUX,Luxembourg,20-,23.96,117085.0
2009,LUX,Luxembourg,20-,23.77,118324.0
2010,LUX,Luxembourg,20-,23.61,119671.0
2011,LUX,Luxembourg,20-,23.34,120981.0
2012,LUX,Luxembourg,20-,23.06,122451.0
2013,LUX,Luxembourg,20-,22.86,124186.0
2014,LUX,Luxembourg,20-,22.59,125670.0
2015,LUX,Luxembourg,20-,22.33,127208.0
2016,LUX,Luxembourg,20-,22.05,128625.0
2017,LUX,Luxembourg,20-,21.75,129703.0
2018,LUX,Luxembourg,20-,21.55,131026.0
2019,LUX,Luxembourg,20-,21.39,132609.0
2020,LUX,Luxembourg,20-,21.25,133936.0
2021,LUX,Luxembourg,20-,21.14,135291.0
2000,POL,Pologne,20-,28.17,10776411.0
2001,POL,Pologne,20-,27.44,10496726.0
2002,POL,Pologne,20-,26.65,10190156.0
2003,POL,Pologne,20-,25.81,9859517.0
2004,POL,Pologne,20-,24.94,9522812.0
2005,POL,Pologne,20-,24.14,9210605.0
2006,POL,Pologne,20-,23.43,8933387.0
2007,POL,Pologne,20-,22.85,8708423.0
2008,POL,Pologne,20-,22.37,8526715.0
2009,POL,Pologne,20-,21.99,8390237.0
2010,POL,Pologne,20-,21.68,8350025.0
2011,POL,Pologne,20-,21.29,8203824.0
2012,POL,Pologne,20-,20.96,8074958.0
2013,POL,Pologne,20-,20.66,7953407.0
2014,POL,Pologne,20-,20.39,7846391.0
2015,POL,Pologne,20-,20.2,7766256.0
2016,POL,Pologne,20-,20.06,7708552.0
2017,POL,Pologne,20-,20.02,7691544.0
2018,POL,Pologne,20-,20.02,7690312.0
2019,POL,Pologne,20-,20.02,7685779.0
2000,ESP,Espagne,20-,21.19,8592602.0
2001,ESP,Espagne,20-,20.71,8441541.0
2002,ESP,Espagne,20-,20.34,8427374.0
2003,ESP,Espagne,20-,20.13,8494393.0
2004,ESP,Espagne,20-,19.94,8547310.0
2005,ESP,Espagne,20-,19.77,8632833.0
2006,ESP,Espagne,20-,19.72,8748764.0
2007,ESP,Espagne,20-,19.7,8909247.0
2008,ESP,Espagne,20-,19.73,9072115.0
2009,ESP,Espagne,20-,19.77,9168642.0
2010,ESP,Espagne,20-,19.78,9210142.0
2011,ESP,Espagne,20-,19.8,9253054.0
2000,GBR,Royaume-Uni,20-,25.19,14836242.0
2001,GBR,Royaume-Uni,20-,25.01,14784728.0
2002,GBR,Royaume-Uni,20-,24.9,14781524.0
2003,GBR,Royaume-Uni,20-,24.82,14799737.0
2004,GBR,Royaume-Uni,20-,24.7,14808841.0
2005,GBR,Royaume-Uni,20-,24.51,14806623.0
2006,GBR,Royaume-Uni,20-,24.36,14815818.0
2007,GBR,Royaume-Uni,20-,24.26,14878422.0
2008,GBR,Royaume-Uni,20-,24.16,14933600.0
2009,GBR,Royaume-Uni,20-,24.09,14999164.0
2010,GBR,Royaume-Uni,20-,23.99,15054936.0
2011,GBR,Royaume-Uni,20-,23.84,15089196.0
2000,IRL,Irlande,20-,30.54,1157373.0
2001,IRL,Irlande,20-,29.84,1147962.0
2002,IRL,Irlande,20-,29.12,1140616.0
2003,IRL,Irlande,20-,28.63,1139379.0
2004,IRL,Irlande,20-,28.24,1142199.0
2005,IRL,Irlande,20-,27.73,1146244.0
2006,IRL,Irlande,20-,27.31,1155935.0
2007,IRL,Irlande,20-,26.87,1175629.0
2008,IRL,Irlande,20-,26.96,1208964.0
2009,IRL,Irlande,20-,27.15,1230657.0
2010,IRL,Irlande,20-,27.38,1247129.0
2011,IRL,Irlande,20-,27.49,1257756.0
2012,IRL,Irlande,20-,27.64,1269509.0
2013,IRL,Irlande,20-,27.7,1278294.0
2014,IRL,Irlande,20-,27.73,1288095.0
2015,IRL,Irlande,20-,27.69,1297838.0
2016,IRL,Irlande,20-,27.57,1306716.0
2000,FRA,France,20-,25.75,15638850.0
2001,FRA,France,20-,25.61,15665332.0
2002,FRA,France,20-,25.48,15694731.0
2003,FRA,France,20-,25.38,15746918.0
2004,FRA,France,20-,25.31,15816417.0
2005,FRA,France,20-,25.2,15868306.0
2006,FRA,France,20-,25.09,15906277.0
2007,FRA,France,20-,24.99,15936840.0
2008,FRA,France,20-,24.89,15963097.0
2009,FRA,France,20-,24.81,15993921.0
2010,FRA,France,20-,24.74,16024402.0
2011,FRA,France,20-,24.65,16042691.0
2012,FRA,France,20-,24.57,16071597.0
2013,FRA,France,20-,24.54,16134468.0
2014,FRA,France,20-,24.63,16326869.0
2015,FRA,France,20-,24.59,16355574.0
2016,FRA,France,20-,24.49,16334239.0
2017,FRA,France,20-,24.39,16314699.0
2018,FRA,France,20-,24.28,16299932.0
2019,FRA,France,20-,24.13,16250060.0
2000,CHE,Suisse,20-,23.16,1664151.0
2001,CHE,Suisse,20-,22.71,1641180.0
2002,CHE,Suisse,20-,22.55,1642757.0
2003,CHE,Suisse,20-,22.38,1642239.0
2004,CHE,Suisse,20-,22.2,1640299.0
2005,CHE,Suisse,20-,22.01,1636576.0
2006,CHE,Suisse,20-,21.81,1631963.0
2007,CHE,Suisse,20-,21.59,1630438.0
2008,CHE,Suisse,20-,21.36,1633207.0
2009,CHE,Suisse,20-,21.12,1635579.0
2010,CHE,Suisse,20-,20.91,1636295.0
2011,CHE,Suisse,20-,20.76,1642490.0
2012,CHE,Suisse,20-,20.54,1642924.0
2013,CHE,Suisse,20-,20.38,1648408.0
2014,CHE,Suisse,20-,20.26,1658633.0
2015,CHE,Suisse,20-,20.16,1669627.0
2016,CHE,Suisse,20-,20.11,1683481.0
2017,CHE,Suisse,20-,20.07,1695980.0
2018,CHE,Suisse,20-,20.02,1704974.0
2019,CHE,Suisse,20-,19.98,1713328.0
2020,CHE,Suisse,20-,19.93,1721748.0
2021,CHE,Suisse,20-,19.93,1734596.0
2000,PRT,Portugal,20-,23.15,2382194.5
2001,PRT,Portugal,20-,22.73,2355634.5
2002,PRT,Portugal,20-,22.37,2330601.0
2003,PRT,Portugal,20-,22.05,2306582.5
2004,PRT,Portugal,20-,21.77,2281971.0
2005,PRT,Portugal,20-,21.53,2261483.0
2006,PRT,Portugal,20-,21.35,2246401.0
2007,PRT,Portugal,20-,21.17,2232036.5
2008,PRT,Portugal,20-,21.0,2217439.5
2009,PRT,Portugal,20-,20.83,2201038.5
2010,PRT,Portugal,20-,20.59,2177284.0
2011,PRT,Portugal,20-,20.35,2151459.5
2012,PRT,Portugal,20-,20.19,2126296.5
2013,PRT,Portugal,20-,20.0,2095138.5
2014,PRT,Portugal,20-,19.81,2064137.0
2015,PRT,Portugal,20-,19.64,2038646.5
2016,PRT,Portugal,20-,19.47,2016142.5
2017,PRT,Portugal,20-,19.28,1993478.5
2018,PRT,Portugal,20-,19.07,1970665.5
2019,PRT,Portugal,20-,18.81,1947434.5
2020,PRT,Portugal,20-,18.5,1921011.5
2021,PRT,Portugal,20-,18.22,1896613.0
2000,NLD,Pays-Bas,20-,24.43,3890528.0
2001,NLD,Pays-Bas,20-,24.46,3924344.0
2002,NLD,Pays-Bas,20-,24.49,3954815.0
2003,NLD,Pays-Bas,20-,24.52,3978278.0
2004,NLD,Pays-Bas,20-,24.49,3987756.0
2005,NLD,Pays-Bas,20-,24.4,3981794.0
2006,NLD,Pays-Bas,20-,24.26,3966364.0
2007,NLD,Pays-Bas,20-,24.1,3948779.0
2008,NLD,Pays-Bas,20-,23.94,3937014.0
2009,NLD,Pays-Bas,20-,23.78,3930959.0
2010,NLD,Pays-Bas,20-,23.6,3921076.0
2011,NLD,Pays-Bas,20-,23.39,3904285.0
2012,NLD,Pays-Bas,20-,23.17,3882764.0
2013,NLD,Pays-Bas,20-,22.96,3858406.0
2014,NLD,Pays-Bas,20-,22.75,3837048.0
2015,NLD,Pays-Bas,20-,22.57,3823280.0
2016,NLD,Pays-Bas,20-,22.42,3817834.0
2017,NLD,Pays-Bas,20-,22.26,3813913.0
2018,NLD,Pays-Bas,20-,22.06,3801244.0
2019,NLD,Pays-Bas,20-,21.81,3783549.0
2020,NLD,Pays-Bas,20-,21.55,3759360.0
2021,NLD,Pays-Bas,20-,21.33,3740642.0
2000,ITA,Italie,20-,19.62,11174284.0
2001,ITA,Italie,20-,19.47,11091910.0
2002,ITA,Italie,20-,19.32,11029022.0
2003,ITA,Italie,20-,19.18,11010522.0
2004,ITA,Italie,20-,19.08,11033197.0
2005,ITA,Italie,20-,19.05,11077949.0
2006,ITA,Italie,20-,19.06,11128347.0
2007,ITA,Italie,20-,19.07,11202980.0
2008,ITA,Italie,20-,19.06,11284656.0
2009,ITA,Italie,20-,19.04,11337704.0
2010,ITA,Italie,20-,18.99,11356858.0
2011,ITA,Italie,20-,18.9,11343877.0
2012,ITA,Italie,20-,18.8,11315606.0
2013,ITA,Italie,20-,18.69,11273183.0
2014,ITA,Italie,20-,18.58,11209130.0
2015,ITA,Italie,20-,18.48,11129425.0
2016,ITA,Italie,20-,18.36,11036238.0
2017,ITA,Italie,20-,18.22,10934166.0
2018,ITA,Italie,20-,18.06,10813832.0
2019,ITA,Italie,20-,17.87,10672087.0
2020,ITA,Italie,20-,17.74,10546084.0
2021,ITA,Italie,20-,17.63,10424735.0
2000,GRC,Grèce,20-,21.12,2282217.0
2001,GRC,Grèce,20-,21.48,2332831.0
2002,GRC,Grèce,20-,21.88,2385442.0
2003,GRC,Grèce,20-,21.44,2343517.0
2004,GRC,Grèce,20-,21.08,2309014.0
2005,GRC,Grèce,20-,20.78,2283039.0
2006,GRC,Grèce,20-,20.53,2262029.0
2007,GRC,Grèce,20-,20.33,2245606.0
2008,GRC,Grèce,20-,20.15,2231852.0
2009,GRC,Grèce,20-,19.98,2219499.0
2010,GRC,Grèce,20-,19.85,2207055.0
2011,GRC,Grèce,20-,19.74,2191723.0
2012,GRC,Grèce,20-,19.67,2172715.0
2013,GRC,Grèce,20-,19.63,2152963.0
2014,GRC,Grèce,20-,19.55,2129845.0
2015,GRC,Grèce,20-,19.44,2103536.0
2016,GRC,Grèce,20-,19.41,2092101.0
2017,GRC,Grèce,20-,19.44,2090470.0
2018,GRC,Grèce,20-,19.43,2085728.0
2019,GRC,Grèce,20-,19.4,2080220.0
2020,GRC,Grèce,20-,19.33,2068132.0
2021,GRC,Grèce,20-,19.02,2009976.0
2000,DEU,Allemagne,20-,21.24,17459895.0
2001,DEU,Allemagne,20-,21.04,17324571.0
2002,DEU,Allemagne,20-,20.82,17174243.0
2003,DEU,Allemagne,20-,20.59,16996668.0
2004,DEU,Allemagne,20-,20.37,16808420.0
2005,DEU,Allemagne,20-,20.13,16599091.0
2006,DEU,Allemagne,20-,19.84,16344695.0
2007,DEU,Allemagne,20-,19.53,16064195.0
2008,DEU,Allemagne,20-,19.21,15771699.0
2009,DEU,Allemagne,20-,18.9,15479220.0
2010,DEU,Allemagne,20-,18.6,15210652.0
2011,DEU,Allemagne,20-,18.53,14876681.0
2012,DEU,Allemagne,20-,18.35,14760983.0
2013,DEU,Allemagne,20-,18.23,14701968.0
2014,DEU,Allemagne,20-,18.17,14718220.0
2015,DEU,Allemagne,20-,18.26,14912301.0
2016,DEU,Allemagne,20-,18.39,15146264.0
2017,DEU,Allemagne,20-,18.43,15236882.0
2018,DEU,Allemagne,20-,18.42,15273308.0
2019,DEU,Allemagne,20-,18.43,15312394.0
2020,DEU,Allemagne,20-,18.44,15332540.0
2021,DEU,Allemagne,20-,18.49,15384242.0
2000,SWE,Suède,20-,24.14,2141884.0
2001,SWE,Suède,20-,24.05,2139357.0
2002,SWE,Suède,20-,24.0,2141743.0
2003,SWE,Suède,20-,23.98,2148224.0
2004,SWE,Suède,20-,23.96,2155286.0
2005,SWE,Suède,20-,23.91,2158716.0
2006,SWE,Suède,20-,23.83,2164234.0
2007,SWE,Suède,20-,23.76,2174036.0
2008,SWE,Suède,20-,23.66,2181286.0
2009,SWE,Suède,20-,23.51,2185893.0
2010,SWE,Suède,20-,23.31,2185770.0
2011,SWE,Suède,20-,23.07,2180105.0
2012,SWE,Suède,20-,22.86,2176567.0
2013,SWE,Suède,20-,22.74,2183105.0
2014,SWE,Suède,20-,22.68,2199496.0
2015,SWE,Suède,20-,22.7,2224440.0
2016,SWE,Suède,20-,22.83,2265109.0
2017,SWE,Suède,20-,23.02,2315058.0
2018,SWE,Suède,20-,23.19,2359377.0
2019,SWE,Suède,20-,23.27,2391486.0
2020,SWE,Suède,20-,23.27,2409051.0
2021,SWE,Suède,20-,23.26,2422224.0
2000,SVN,Slovénie,20-,22.92,456145.0
2001,SVN,Slovénie,20-,22.31,444360.0
2002,SVN,Slovénie,20-,21.74,433884.0
2003,SVN,Slovénie,20-,21.26,424472.0
2004,SVN,Slovénie,20-,20.82,415850.0
2005,SVN,Slovénie,20-,20.41,408383.0
2006,SVN,Slovénie,20-,20.07,403028.0
2007,SVN,Slovénie,20-,19.71,397958.0
2008,SVN,Slovénie,20-,19.44,393216.0
2009,SVN,Slovénie,20-,19.24,392987.0
2010,SVN,Slovénie,20-,19.19,393342.0
2011,SVN,Slovénie,20-,19.15,393025.0
2012,SVN,Slovénie,20-,19.21,395083.0
2013,SVN,Slovénie,20-,19.27,396752.0
2014,SVN,Slovénie,20-,19.31,398194.0
2015,SVN,Slovénie,20-,19.38,399900.0
2016,SVN,Slovénie,20-,19.45,401476.0
2017,SVN,Slovénie,20-,19.48,402561.0
2018,SVN,Slovénie,20-,19.54,404430.0
2019,SVN,Slovénie,20-,19.54,408208.0
2020,SVN,Slovénie,20-,19.54,410331.0
2021,SVN,Slovénie,20-,19.57,412259.0
2000,SVK,République slovaque,20-,27.76,1499147.0
2001,SVK,République slovaque,20-,27.34,1470727.0
2002,SVK,République slovaque,20-,26.59,1430244.0
2003,SVK,République slovaque,20-,25.87,1391392.0
2004,SVK,République slovaque,20-,25.16,1354524.0
2005,SVK,République slovaque,20-,24.5,1319716.0
2006,SVK,République slovaque,20-,23.86,1286249.0
2007,SVK,République slovaque,20-,23.27,1256188.0
2008,SVK,République slovaque,20-,22.75,1229921.0
2009,SVK,République slovaque,20-,22.31,1208611.0
2010,SVK,République slovaque,20-,21.92,1190464.0
2011,SVK,République slovaque,20-,21.72,1172562.5
2012,SVK,République slovaque,20-,21.38,1156017.5
2013,SVK,République slovaque,20-,21.06,1140106.0
2014,SVK,République slovaque,20-,20.8,1127002.0
2015,SVK,République slovaque,20-,20.65,1120091.5
2016,SVK,République slovaque,20-,20.59,1117997.0
2017,SVK,République slovaque,20-,20.57,1118833.0
2018,SVK,République slovaque,20-,20.59,1121251.5
2019,SVK,République slovaque,20-,20.62,1124645.0
2020,SVK,République slovaque,20-,20.67,1128469.5
2021,SVK,République slovaque,20-,20.76,1129721.5
2000,NOR,Norvège,20-,25.92,1164252.0
2001,NOR,Norvège,20-,25.95,1171447.0
2002,NOR,Norvège,20-,25.97,1178456.0
2003,NOR,Norvège,20-,25.99,1186382.0
2004,NOR,Norvège,20-,26.01,1194358.0
2005,NOR,Norvège,20-,26.0,1202175.0
2006,NOR,Norvège,20-,25.96,1210095.0
2007,NOR,Norvège,20-,25.88,1218575.0
2008,NOR,Norvège,20-,25.74,1227189.0
2009,NOR,Norvège,20-,25.59,1235591.0
2010,NOR,Norvège,20-,25.41,1242545.0
2011,NOR,Norvège,20-,25.18,1246947.0
2012,NOR,Norvège,20-,24.93,1251007.0
2013,NOR,Norvège,20-,24.7,1255052.0
2014,NOR,Norvège,20-,24.48,1257774.0
2015,NOR,Norvège,20-,24.27,1259838.0
2016,NOR,Norvège,20-,24.1,1261754.0
2017,NOR,Norvège,20-,23.91,1261813.0
2018,NOR,Norvège,20-,23.69,1258175.0
2019,NOR,Norvège,20-,23.41,1252101.0
2020,NOR,Norvège,20-,23.11,1243270.0
2021,NOR,Norvège,20-,22.86,1236263.0
2000,FIN,Finlande,20-,24.57,1271657.0
2001,FIN,Finlande,20-,24.37,1264459.0
2002,FIN,Finlande,20-,24.14,1255474.0
2003,FIN,Finlande,20-,23.88,1244993.0
2004,FIN,Finlande,20-,23.65,1236259.0
2005,FIN,Finlande,20-,23.45,1230255.0
2006,FIN,Finlande,20-,23.3,1227186.0
2007,FIN,Finlande,20-,23.19,1226518.0
2008,FIN,Finlande,20-,23.06,1225427.0
2009,FIN,Finlande,20-,22.92,1223648.0
2010,FIN,Finlande,20-,22.77,1221357.0
2011,FIN,Finlande,20-,22.61,1218255.0
2012,FIN,Finlande,20-,22.43,1214426.0
2013,FIN,Finlande,20-,22.25,1210337.0
2014,FIN,Finlande,20-,22.08,1205877.0
2015,FIN,Finlande,20-,21.9,1200189.0
2016,FIN,Finlande,20-,21.75,1195016.0
2017,FIN,Finlande,20-,21.6,1189660.0
2018,FIN,Finlande,20-,21.44,1182441.0
2019,FIN,Finlande,20-,21.24,1173053.0
2020,FIN,Finlande,20-,21.04,1163401.0
2021,FIN,Finlande,20-,20.88,1156792.0
2000,DNK,Danemark,20-,23.72,1266086.0
2001,DNK,Danemark,20-,23.89,1279340.0
2002,DNK,Danemark,20-,24.05,1292548.0
2003,DNK,Danemark,20-,24.21,1304365.0
2004,DNK,Danemark,20-,24.37,1316378.0
2005,DNK,Danemark,20-,24.48,1325687.0
2006,DNK,Danemark,20-,24.52,1332361.0
2007,DNK,Danemark,20-,24.53,1338839.0
2008,DNK,Danemark,20-,24.53,1346258.0
2009,DNK,Danemark,20-,24.47,1350502.0
2010,DNK,Danemark,20-,24.37,1350998.0
2011,DNK,Danemark,20-,24.2,1347211.0
2012,DNK,Danemark,20-,23.97,1339252.0
2013,DNK,Danemark,20-,23.7,1329007.0
2014,DNK,Danemark,20-,23.38,1318628.0
2015,DNK,Danemark,20-,23.07,1310196.0
2016,DNK,Danemark,20-,22.87,1309450.0
2017,DNK,Danemark,20-,22.68,1306388.0
2018,DNK,Danemark,20-,22.51,1303542.0
2019,DNK,Danemark,20-,22.3,1296896.0
2020,DNK,Danemark,20-,22.16,1291099.0
2021,DNK,Danemark,20-,22.0,1287017.0
2002,AUT,Autriche,20-64,61.99,5008631.0
2002,AUT,Autriche,65+,15.46,1248910.0
2002,AUT,Autriche,20-,22.56,1822751.0
2003,AUT,Autriche,20-64,62.2,5047093.0
2003,AUT,Autriche,65+,15.44,1253206.0
2003,AUT,Autriche,20-,22.36,1814103.0
2004,AUT,Autriche,20-64,62.13,5073668.0
2004,AUT,Autriche,65+,15.71,1282662.0
2004,AUT,Autriche,20-,22.17,1810102.0
2005,AUT,Autriche,20-64,61.82,5082649.0
2005,AUT,Autriche,65+,16.24,1334880.0
2005,AUT,Autriche,20-,21.95,1804561.0
2006,AUT,Autriche,20-64,61.61,5092165.0
2006,AUT,Autriche,65+,16.67,1377599.0
2006,AUT,Autriche,20-,21.73,1795911.0
2007,AUT,Autriche,20-64,61.46,5097265.0
2007,AUT,Autriche,65+,17.04,1412917.0
2007,AUT,Autriche,20-,21.5,1783472.0
2008,AUT,Autriche,20-64,61.47,5114023.0
2008,AUT,Autriche,65+,17.26,1436227.0
2008,AUT,Autriche,20-,21.27,1769138.0
2009,AUT,Autriche,20-64,61.44,5123709.0
2009,AUT,Autriche,65+,17.53,1462139.0
2009,AUT,Autriche,20-,21.02,1752904.0
2010,AUT,Autriche,20-64,61.53,5142673.0
2010,AUT,Autriche,65+,17.69,1478518.0
2010,AUT,Autriche,20-,20.77,1736176.0
2011,AUT,Autriche,20-64,61.83,5184425.0
2011,AUT,Autriche,65+,17.67,1481609.0
2011,AUT,Autriche,20-,20.5,1718867.0
2012,AUT,Autriche,20-64,61.81,5204689.0
2012,AUT,Autriche,65+,17.96,1512169.0
2012,AUT,Autriche,20-,20.23,1703470.0
2013,AUT,Autriche,20-64,61.84,5239410.0
2013,AUT,Autriche,65+,18.2,1541806.0
2013,AUT,Autriche,20-,19.96,1690960.0
2014,AUT,Autriche,20-64,61.87,5282447.0
2014,AUT,Autriche,65+,18.42,1572602.0
2014,AUT,Autriche,20-,19.71,1683301.0
2015,AUT,Autriche,20-64,61.91,5335642.0
2015,AUT,Autriche,65+,18.5,1594869.0
2015,AUT,Autriche,20-,19.59,1688198.0
2016,AUT,Autriche,20-64,61.89,5407369.0
2016,AUT,Autriche,65+,18.51,1617020.0
2016,AUT,Autriche,20-,19.61,1713274.0
2017,AUT,Autriche,20-64,61.88,5439555.0
2017,AUT,Autriche,65+,18.61,1635875.0
2017,AUT,Autriche,20-,19.51,1715194.0
2018,AUT,Autriche,20-64,61.8,5459145.0
2018,AUT,Autriche,65+,18.77,1658335.0
2018,AUT,Autriche,20-,19.42,1715712.0
2019,AUT,Autriche,20-64,61.7,5474379.0
2019,AUT,Autriche,65+,18.96,1681806.0
2019,AUT,Autriche,20-,19.34,1716159.0
2011,ISL,Islande,20-64,58.86,183945.0
2011,ISL,Islande,20-,28.5,89054.0
2011,ISL,Islande,65+,12.64,39511.0
2016,HUN,Hongrie,20-64,62.09,6059572.0
2016,HUN,Hongrie,20-,19.53,1906364.0
2016,HUN,Hongrie,65+,18.38,1793824.0
2016,ISL,Islande,20-64,59.09,194582.0
2016,ISL,Islande,20-,26.78,88195.0
2016,ISL,Islande,65+,14.12,46495.0
2016,ESP,Espagne,20-64,61.47,28537931.0
2016,ESP,Espagne,65+,18.78,8719919.0
2016,ESP,Espagne,20-,19.75,9169250.0
2016,GBR,Royaume-Uni,65+,17.9,11745207.0
2016,GBR,Royaume-Uni,20-,23.38,15340834.0
2016,GBR,Royaume-Uni,20-64,58.71,38521100.0
2015,HUN,Hongrie,20-64,62.34,6108102.0
2015,HUN,Hongrie,20-,19.64,1924384.0
2015,HUN,Hongrie,65+,18.02,1765270.0
2015,ISL,Islande,20-64,58.89,191110.0
2015,ISL,Islande,20-,27.23,88370.0
2015,ISL,Islande,65+,13.88,45050.0
2015,ESP,Espagne,20-64,61.7,28617283.0
2015,ESP,Espagne,65+,18.54,8599852.0
2015,ESP,Espagne,20-,19.76,9167244.0
2015,GBR,Royaume-Uni,65+,17.76,11558978.0
2015,GBR,Royaume-Uni,20-,23.45,15266199.0
2015,GBR,Royaume-Uni,20-64,58.79,38262881.0
2014,HUN,Hongrie,20-64,62.53,6148582.0
2014,HUN,Hongrie,20-,19.8,1947093.0
2014,HUN,Hongrie,65+,17.67,1737359.0
2014,ISL,Islande,20-64,58.86,189173.0
2014,ISL,Islande,20-,27.59,88664.0
2014,ISL,Islande,65+,13.55,43541.0
2014,ESP,Espagne,20-64,61.96,28769578.0
2014,ESP,Espagne,65+,18.28,8487781.0
2014,ESP,Espagne,20-,19.76,9175691.0
2014,GBR,Royaume-Uni,65+,17.6,11372533.0
2014,GBR,Royaume-Uni,20-,23.53,15204550.0
2014,GBR,Royaume-Uni,20-64,58.87,38042410.0
2013,HUN,Hongrie,20-64,62.66,6186604.0
2013,HUN,Hongrie,20-,20.01,1975756.0
2013,HUN,Hongrie,65+,17.32,1710377.0
2013,ISL,Islande,20-64,58.82,186924.0
2013,ISL,Islande,20-,27.92,88717.0
2013,ISL,Islande,65+,13.26,42124.0
2013,ESP,Espagne,20-64,62.34,29037110.0
2013,ESP,Espagne,65+,17.89,8332988.0
2013,ESP,Espagne,20-,19.77,9211026.0
2013,GBR,Royaume-Uni,65+,17.32,11110294.0
2013,GBR,Royaume-Uni,20-,23.65,15167219.0
2013,GBR,Royaume-Uni,20-64,59.03,37861208.0
2012,HUN,Hongrie,20-64,62.71,6216522.0
2012,HUN,Hongrie,20-,20.28,2010396.0
2012,HUN,Hongrie,65+,17.01,1686670.0
2012,ISL,Islande,20-64,58.8,184937.0
2012,ISL,Islande,20-,28.24,88807.0
2012,ISL,Islande,65+,12.96,40754.0
2012,ESP,Espagne,20-64,62.71,29316945.0
2012,ESP,Espagne,65+,17.49,8174391.0
2012,ESP,Espagne,20-,19.8,9257967.0
2012,GBR,Royaume-Uni,65+,17.0,10831048.0
2012,GBR,Royaume-Uni,20-,23.74,15125348.0
2012,GBR,Royaume-Uni,20-64,59.26,37754447.0
2018,HUN,Hongrie,20-64,61.49,5969208.0
2018,HUN,Hongrie,20-,19.47,1890139.0
2018,HUN,Hongrie,65+,19.03,1847614.0
2018,ISL,Islande,20-64,59.91,207190.0
2018,ISL,Islande,20-,25.75,89060.0
2018,ISL,Islande,65+,14.33,49571.0
2018,IRL,Irlande,20-,27.28,1332519.0
2018,IRL,Irlande,20-64,58.87,2875950.0
2018,IRL,Irlande,65+,13.85,676427.0
2018,ESP,Espagne,20-64,61.14,28559930.0
2018,ESP,Espagne,65+,19.21,8972650.0
2018,ESP,Espagne,20-,19.66,9182803.0
2018,GBR,Royaume-Uni,65+,18.2,12063793.0
2018,GBR,Royaume-Uni,20-,23.19,15372409.0
2018,GBR,Royaume-Uni,20-64,58.61,38852725.0
2017,HUN,Hongrie,20-64,61.81,6012028.0
2017,HUN,Hongrie,20-,19.49,1895592.0
2017,HUN,Hongrie,65+,18.7,1819135.0
2017,ISL,Islande,20-64,59.54,200846.0
2017,ISL,Islande,20-,26.25,88556.0
2017,ISL,Islande,65+,14.21,47944.0
2017,IRL,Irlande,20-,27.44,1319949.0
2017,IRL,Irlande,20-64,59.0,2838538.0
2017,IRL,Irlande,65+,13.56,652408.0
2017,ESP,Espagne,20-64,61.27,28497672.0
2017,ESP,Espagne,65+,19.01,8840365.0
2017,ESP,Espagne,20-,19.72,9172424.0
2017,GBR,Royaume-Uni,65+,18.05,11905642.0
2017,GBR,Royaume-Uni,20-,23.28,15358637.0
2017,GBR,Royaume-Uni,20-64,58.67,38701713.0
2019,HUN,Hongrie,20-64,61.04,5917780.0
2019,HUN,Hongrie,20-,19.46,1886603.0
2019,HUN,Hongrie,65+,19.5,1890443.0
2019,ISL,Islande,20-64,59.96,210924.0
2019,ISL,Islande,20-,25.46,89563.0
2019,ISL,Islande,65+,14.57,51267.0
2019,IRL,Irlande,20-,26.98,1337633.0
2019,IRL,Irlande,20-64,58.88,2919466.0
2019,IRL,Irlande,65+,14.14,701372.0
2019,ESP,Espagne,20-64,61.08,28762952.0
2019,ESP,Espagne,65+,19.38,9125804.0
2019,ESP,Espagne,20-,19.54,9199022.0
2019,GBR,Royaume-Uni,65+,18.4,12258659.0
2019,GBR,Royaume-Uni,20-,23.08,15378147.0
2019,GBR,Royaume-Uni,20-64,58.52,38993901.0
2020,AUT,Autriche,20-64,61.56,5486527.0
2020,AUT,Autriche,65+,19.18,1709098.0
2020,AUT,Autriche,20-,19.26,1716668.0
2020,FRA,France,20-64,55.57,37547805.0
2020,FRA,France,20-,23.93,16166301.0
2020,FRA,France,65+,20.51,13855360.0
2020,HUN,Hongrie,20-64,60.54,5854002.0
2020,HUN,Hongrie,20-,19.48,1883711.0
2020,HUN,Hongrie,65+,19.99,1932703.0
2020,ISL,Islande,20-64,59.76,212855.0
2020,ISL,Islande,20-,25.35,90272.0
2020,ISL,Islande,65+,14.89,53038.0
2020,IRL,Irlande,20-,26.66,1341069.0
2020,IRL,Irlande,20-64,58.9,2962691.0
2020,IRL,Irlande,65+,14.44,726115.0
2020,POL,Pologne,20-,20.2,7710969.0
2020,POL,Pologne,65+,18.32,6992700.0
2020,POL,Pologne,20-64,61.49,23474055.0
2020,ESP,Espagne,20-64,61.1,28926269.0
2020,ESP,Espagne,65+,19.52,9243530.0
2020,ESP,Espagne,20-,19.38,9175053.0
2020,GBR,Royaume-Uni,65+,18.54,12375735.0
2020,GBR,Royaume-Uni,20-,23.02,15361536.0
2020,GBR,Royaume-Uni,20-64,58.44,39006796.0
2021,AUT,Autriche,20-64,61.38,5490666.0
2021,AUT,Autriche,65+,19.38,1733697.0
2021,AUT,Autriche,20-,19.24,1720916.0
2021,FRA,France,20-64,55.55,37707267.0
2021,FRA,France,20-,23.7,16084423.0
2021,FRA,France,65+,20.75,14086960.0
2021,HUN,Hongrie,20-64,60.15,5792651.0
2021,HUN,Hongrie,20-,19.53,1881368.0
2021,HUN,Hongrie,65+,20.32,1956911.0
2021,ISL,Islande,20-64,59.53,215282.0
2021,ISL,Islande,20-,25.26,91351.0
2021,ISL,Islande,65+,15.2,54973.0
2021,IRL,Irlande,20-,26.34,1336567.0
2021,IRL,Irlande,20-64,58.93,2990652.0
2021,IRL,Irlande,65+,14.73,747449.0
2021,POL,Pologne,20-,20.26,7697047.0
2021,POL,Pologne,65+,18.7,7104497.0
2021,POL,Pologne,20-64,61.04,23187973.0
2021,ESP,Espagne,20-64,61.0,28883766.0
2021,ESP,Espagne,65+,19.85,9396344.0
2021,ESP,Espagne,20-,19.15,9066726.0
2021,GBR,Royaume-Uni,65+,18.73,12543689.0
2021,GBR,Royaume-Uni,20-,22.91,15348047.0
2021,GBR,Royaume-Uni,20-64,58.36,39091752.0
