Year,REF_AREA,birth_rate,fertility,emp_rate,20-,20-64,65+,Alcohol_Tobacco,Clothing_Footwear,Communication,Education,Food,Health,Household_Goods,Housing_Utilities,Other_Services,Recreation_Culture,Restaurants_Hotels,Transport,gov_spending,"Couple, 2 children","Couple, no children","Single person, no children"
2000,ISL,15.463,2.08,88.4,30.91,57.51,11.57,5.13,5.89,2.06,1.06,14.63,2.91,6.56,17.07,8.04,12.44,8.43,15.79,2.123,21.88,23.34,25.44
2000,LUX,13.199,1.76,67.47,24.5,61.42,14.08,11.89,5.19,1.58,0.49,8.62,1.96,6.61,20.23,13.42,7.04,7.19,15.77,2.983,12.62,22.9,28.67
2000,DEU,9.335,1.38,68.79,21.24,62.31,16.45,3.69,6.02,2.44,0.63,10.87,3.86,7.51,23.61,11.35,11.0,5.67,13.35,2.035,34.26,40.34,43.2
2000,SVK,10.216,1.3,63.52,27.76,60.81,11.43,6.11,5.85,3.16,0.64,19.41,0.87,4.94,29.47,6.24,8.48,7.11,7.71,1.967,13.29,19.36,20.16
2000,ESP,9.825,1.22,60.69,21.19,62.17,16.64,4.39,6.11,2.33,1.54,14.09,3.21,5.71,15.14,9.77,8.97,16.47,12.27,0.887,15.65,17.89,19.85
2000,SWE,10.206,1.54,77.82,24.14,58.59,17.26,4.0,4.63,2.83,0.03,11.9,2.72,4.76,27.08,10.61,12.18,5.27,14.0,2.775,28.27,32.91,33.73
2000,LVA,8.524,1.25,63.43,25.24,59.79,14.96,10.03,5.39,2.3,1.83,25.37,4.22,2.78,18.25,5.43,7.96,5.32,11.1,1.525,18.11,27.11,27.88
2000,GRC,9.583,1.25,61.85,21.12,61.34,17.54,4.53,6.72,2.85,1.31,15.21,3.6,3.78,16.62,12.96,4.52,14.47,13.45,0.849,22.04,21.54,21.6
2000,CHE,10.951,1.5,80.89,23.16,61.51,15.32,4.61,2.98,1.91,0.68,9.04,12.4,3.96,22.75,12.67,9.11,9.86,10.02,1.328,12.26,17.82,17.82
2000,EST,9.325,1.36,66.45,24.93,60.07,14.99,7.65,6.61,3.03,1.1,20.8,2.92,4.98,21.63,6.44,8.19,6.28,10.37,1.746,16.76,21.14,21.94
2000,IRL,14.504,1.89,71.74,30.54,58.25,11.21,7.31,6.54,2.14,0.97,11.1,2.46,7.09,17.49,10.21,7.59,14.16,12.95,1.95,20.84,23.01,27.55
2000,NOR,13.226,1.85,80.33,25.92,58.91,15.16,4.72,5.63,2.63,0.48,14.67,2.72,6.27,19.67,8.74,12.69,6.51,15.28,2.992,24.41,29.13,30.7
2000,AUT,9.781,1.36,71.26,23.1,61.47,15.43,3.52,6.96,2.75,0.67,10.32,3.73,7.32,19.37,10.56,10.52,11.06,13.22,2.946,20.09,28.83,30.96
2000,FIN,10.972,1.73,71.85,24.57,60.51,14.92,5.79,4.6,3.13,0.47,12.6,3.82,4.85,24.44,9.37,11.28,6.39,13.25,2.931,26.0,31.46,33.88
2000,SVN,9.146,1.26,68.5,22.92,63.1,13.98,5.4,5.99,2.27,0.87,16.63,3.21,5.97,19.11,8.46,10.23,6.37,15.48,2.147,25.1,34.26,35.56
2000,ITA,9.542,1.26,57.53,19.62,62.11,18.27,4.34,7.45,2.95,0.95,15.06,3.35,7.4,18.02,10.29,7.35,8.62,14.22,1.166,25.15,27.18,29.05
2000,PRT,11.709,1.55,73.42,23.15,60.66,16.19,3.47,6.51,2.58,1.34,16.53,4.42,6.71,12.11,10.73,7.87,10.6,17.11,0.974,17.58,20.7,22.84
2000,HUN,9.548,1.32,61.11,23.37,61.57,15.06,6.64,4.06,3.88,1.59,18.91,3.68,6.2,18.09,8.25,8.09,5.76,14.86,2.99,24.32,33.45,35.73
2000,DNK,12.586,1.77,78.06,23.72,61.45,14.83,4.77,4.54,2.02,0.79,12.05,2.55,5.5,25.97,12.67,11.24,5.48,12.43,3.398,35.81,39.85,41.45
2000,NLD,13.024,1.72,73.65,24.43,61.99,13.58,3.03,5.79,3.74,0.69,10.55,4.08,6.52,18.64,16.03,11.03,7.51,13.28,1.494,30.06,33.35,33.62
2000,GBR,11.526,1.48,73.84,25.19,59.0,15.81,4.66,4.92,2.52,0.95,8.16,1.43,5.36,25.56,11.99,10.33,10.14,14.16,2.385,21.46,24.59,25.81
2000,LTU,9.723,1.39,65.37,27.45,58.73,13.82,8.17,5.96,2.63,0.6,27.75,3.4,5.19,16.7,5.29,6.05,2.83,15.44,1.324,27.32,27.32,28.75
2000,FRA,13.326,1.89,68.7,25.75,58.37,15.87,3.92,5.29,2.79,0.37,13.46,3.64,5.51,22.82,12.49,9.17,6.58,14.64,3.016,21.38,27.48,29.16
2000,POL,9.888,1.37,61.0,28.17,59.59,12.24,7.98,5.29,2.69,1.25,23.58,3.54,4.33,19.19,9.93,6.84,2.91,12.47,1.173,25.01,27.27,27.8
2001,POL,9.625,1.31,59.23,27.44,60.09,12.47,7.77,5.05,2.9,1.36,23.83,3.71,4.25,20.81,9.82,5.91,2.83,11.74,1.177,24.82,27.1,27.66
2001,FRA,13.159,1.9,69.2,25.61,58.4,15.99,3.93,5.11,2.96,0.37,13.66,3.65,5.4,22.84,12.74,9.15,6.57,14.41,2.945,21.14,27.14,28.84
2001,LTU,8.943,1.29,64.04,27.01,58.8,14.19,7.77,5.94,3.11,0.64,27.89,3.26,5.41,15.44,6.06,7.04,2.88,14.55,1.169,27.36,27.36,28.79
2001,GBR,11.315,1.48,74.2,25.01,59.13,15.86,4.5,4.93,2.49,1.03,8.16,1.61,5.57,25.51,11.58,10.41,10.04,14.3,2.473,19.94,24.25,25.53
2001,NLD,12.673,1.71,73.68,24.46,61.92,13.63,3.07,5.81,4.2,0.64,10.7,4.21,6.64,18.81,14.83,11.23,7.52,13.05,1.49,26.73,30.05,30.63
2001,DNK,12.237,1.74,78.36,23.89,61.29,14.82,4.74,4.51,2.03,0.76,12.16,2.62,5.5,26.61,12.68,11.34,5.42,11.64,3.461,35.02,39.04,40.64
2001,HUN,9.514,1.31,61.3,22.95,61.85,15.2,6.67,4.05,4.19,1.65,18.78,3.95,6.08,17.81,8.32,8.22,5.77,14.51,2.874,25.28,35.21,38.34
2001,PRT,10.916,1.45,73.88,22.73,60.81,16.46,3.53,6.43,3.03,1.36,17.04,4.32,6.58,12.46,10.62,7.63,10.82,16.16,1.009,14.78,19.19,21.51
2001,ITA,9.397,1.25,58.63,19.47,61.96,18.57,4.34,7.46,3.05,0.94,14.99,3.26,7.29,18.25,10.43,7.27,8.88,13.86,1.212,24.21,26.67,28.47
2001,SVN,8.782,1.21,69.42,22.31,63.39,14.3,5.26,6.19,2.47,0.88,16.77,3.27,6.01,19.24,7.95,10.3,6.5,15.18,2.106,25.26,34.18,35.44
2001,FIN,10.845,1.73,72.71,24.37,60.55,15.08,6.15,4.6,3.31,0.46,12.76,3.88,4.93,24.38,9.48,11.24,6.44,12.38,2.819,24.92,30.16,32.62
2001,AUT,9.408,1.33,71.19,22.83,61.71,15.46,3.49,6.87,2.72,0.73,10.37,3.83,7.2,19.47,10.67,10.54,11.32,12.78,2.872,20.74,29.32,31.39
2001,NOR,12.589,1.78,80.14,25.95,59.04,15.01,4.61,5.71,2.72,0.57,14.32,2.79,6.26,20.78,8.55,12.88,6.21,14.6,3.123,25.37,29.65,31.44
2001,IRL,15.095,1.94,72.49,29.84,58.99,11.17,7.14,6.31,2.34,0.97,10.98,2.6,7.16,18.43,10.99,7.9,14.18,10.99,2.192,16.23,18.68,23.52
2001,EST,9.07,1.32,67.41,24.5,60.22,15.28,7.23,6.68,3.15,1.13,20.35,3.03,4.86,21.35,6.88,8.34,6.31,10.7,1.605,16.69,20.59,21.48
2001,CHE,10.035,1.38,81.86,22.71,61.75,15.54,4.46,2.98,2.07,0.72,9.25,12.63,3.92,23.01,11.72,9.06,10.28,9.89,1.348,12.41,17.89,17.85
2001,GRC,9.439,1.25,61.53,21.48,60.92,17.6,4.7,5.99,3.26,1.45,16.33,4.06,4.09,16.45,10.91,4.87,15.78,12.09,0.782,21.36,20.78,20.83
2001,LVA,8.382,1.22,64.69,24.82,59.92,15.25,9.43,4.94,2.43,1.88,25.1,4.66,2.76,17.87,5.2,9.14,5.41,11.16,1.469,19.03,27.43,28.14
2001,SWE,10.297,1.57,78.79,24.05,58.74,17.22,4.02,4.66,3.16,0.03,12.18,2.88,4.85,27.12,10.26,12.24,5.38,13.21,2.908,26.8,31.71,32.39
2001,ESP,9.967,1.23,62.04,20.71,62.37,16.92,4.44,5.99,2.52,1.48,14.04,3.18,5.58,15.19,9.78,8.82,17.05,11.92,0.849,16.14,18.31,20.15
2001,SVK,9.507,1.2,63.56,27.34,61.29,11.37,5.97,5.22,3.95,0.82,17.83,0.98,5.41,28.29,6.5,9.03,7.59,8.41,1.816,14.41,20.36,21.22
2001,DEU,8.929,1.35,69.08,21.04,62.11,16.85,3.67,5.85,2.71,0.64,10.97,3.9,7.33,23.84,11.42,10.91,5.43,13.32,1.988,33.22,39.15,42.03
2001,LUX,12.435,1.66,67.55,24.54,61.54,13.91,9.99,5.55,1.47,0.52,8.78,1.87,6.88,21.32,12.96,7.34,7.27,16.04,3.057,11.59,21.53,27.16
2001,ISL,14.437,1.95,88.34,30.53,57.87,11.6,5.26,5.68,2.3,1.16,15.13,3.06,6.55,17.34,8.41,12.79,8.48,13.82,2.386,22.21,23.66,25.64
2002,ISL,14.129,1.93,87.37,30.18,58.14,11.67,5.4,5.13,2.57,1.32,15.13,3.19,6.2,18.4,8.37,12.81,8.06,13.43,2.58,24.47,25.32,27.25
2002,LUX,12.037,1.63,68.4,24.48,61.53,13.99,11.14,5.54,1.46,0.58,8.64,1.93,6.7,21.44,13.35,7.04,7.37,14.79,3.366,7.87,18.96,23.98
2002,DEU,8.724,1.34,68.75,20.82,61.9,17.28,3.85,5.79,2.73,0.69,10.92,4.13,6.95,24.13,11.68,10.31,5.26,13.57,2.057,33.35,39.76,42.66
2002,SVK,9.452,1.19,63.65,26.59,61.96,11.45,6.26,4.95,3.77,0.8,17.46,0.99,5.41,29.42,7.03,8.72,7.28,7.93,1.794,12.75,19.58,20.53
2002,ESP,10.179,1.25,63.09,20.34,62.69,16.96,4.31,5.78,2.61,1.5,14.16,3.23,5.49,15.98,9.55,8.78,17.23,11.37,0.861,16.67,18.76,20.47
2002,SWE,10.755,1.65,78.68,24.0,58.83,17.18,4.06,4.72,3.2,0.03,12.44,2.93,4.96,27.15,9.8,12.17,5.32,13.22,3.051,25.37,30.14,30.63
2002,LVA,8.672,1.26,66.51,24.38,59.99,15.63,8.91,4.97,2.68,1.88,25.35,4.54,2.75,18.99,5.17,8.49,5.28,10.99,1.386,18.5,27.68,28.35
2002,GRC,9.512,1.28,62.49,21.88,60.5,17.62,4.8,6.59,3.4,1.68,16.39,4.32,4.07,17.2,9.8,4.83,14.36,12.56,0.747,22.26,21.71,22.13
2002,CHE,9.975,1.39,81.21,22.55,61.86,15.59,4.48,2.92,2.16,0.77,9.39,13.02,3.94,23.53,10.77,9.27,9.94,9.83,1.43,12.53,17.9,17.83
2002,EST,9.397,1.36,67.79,24.06,60.3,15.64,7.65,6.85,3.01,1.16,20.01,3.06,4.99,20.35,7.19,8.61,6.36,10.76,1.575,17.69,21.89,22.69
2002,IRL,15.515,1.97,72.17,29.12,59.75,11.13,7.32,5.76,2.54,1.13,10.55,2.76,6.88,19.29,11.17,7.63,14.29,10.69,2.545,13.38,17.12,21.91
2002,NOR,12.253,1.75,79.64,25.97,59.17,14.87,4.52,5.6,2.76,0.57,14.04,2.86,6.27,21.18,8.77,12.85,6.13,14.44,3.018,25.18,29.24,30.79
2002,AUT,9.723,1.39,71.77,22.56,61.99,15.46,3.6,6.78,2.71,0.81,10.37,3.91,7.06,19.57,10.33,10.45,11.43,12.98,2.917,21.18,29.57,31.6
2002,FIN,10.694,1.72,72.71,24.14,60.61,15.25,6.14,4.66,3.33,0.46,12.51,4.07,4.87,24.66,9.07,11.19,6.3,12.74,2.8,24.6,29.6,32.07
2002,SVN,8.777,1.21,68.98,21.74,63.63,14.63,5.09,5.96,3.02,0.91,16.38,3.38,5.99,18.91,8.67,10.52,6.44,14.74,2.023,25.3,34.11,35.33
2002,ITA,9.443,1.27,59.44,19.32,61.84,18.84,4.24,7.4,3.13,0.93,15.05,3.29,7.24,18.72,10.14,7.25,8.87,13.74,1.113,23.49,27.04,28.87
2002,PRT,11.004,1.46,73.57,22.37,60.97,16.66,3.57,6.74,3.2,1.38,16.78,4.43,6.74,12.98,10.51,7.46,10.8,15.42,1.307,14.7,19.19,21.51
2002,HUN,9.514,1.3,61.44,22.61,62.08,15.31,6.88,3.89,4.51,1.68,18.15,3.94,6.06,17.95,8.38,8.27,5.9,14.39,2.945,23.58,33.05,36.49
2002,DNK,11.949,1.72,77.83,24.05,61.12,14.83,4.71,4.45,1.97,0.79,11.98,2.63,5.57,26.77,12.48,11.28,5.37,11.99,3.553,34.36,38.36,39.97
2002,NLD,12.548,1.73,74.29,24.49,61.83,13.68,3.04,5.69,4.51,0.67,10.56,4.48,6.47,18.71,14.65,11.17,7.44,13.11,1.577,26.64,30.11,30.65
2002,GBR,11.262,1.48,74.32,24.9,59.22,15.88,4.33,5.15,2.41,1.04,8.06,1.66,5.53,25.48,11.41,10.69,10.2,14.05,2.531,20.15,24.38,25.64
2002,LTU,8.551,1.23,67.19,26.44,58.86,14.7,8.22,5.85,3.24,0.63,27.34,4.46,5.31,15.81,6.18,6.86,3.07,13.03,1.096,26.51,26.51,28.08
2002,FRA,12.894,1.88,69.35,25.48,58.44,16.09,3.97,5.14,3.17,0.39,13.75,3.72,5.44,22.93,12.08,9.33,6.65,14.18,2.934,21.13,26.79,28.44
2002,POL,9.251,1.25,57.14,26.65,60.63,12.71,7.6,4.9,2.96,1.42,22.7,3.86,4.38,21.36,10.6,5.72,2.78,11.72,1.17,27.01,27.01,27.59
2003,POL,9.186,1.22,56.86,25.81,61.33,12.86,7.4,4.86,3.08,1.44,22.18,3.91,4.31,21.64,10.42,6.11,2.77,11.87,1.12,27.28,27.28,27.84
2003,FRA,12.809,1.89,69.24,25.38,58.45,16.16,3.86,5.13,3.28,0.38,13.84,3.8,5.47,23.41,11.68,9.35,6.72,13.83,2.988,21.4,26.95,28.54
2003,LTU,8.736,1.26,68.86,25.79,59.04,15.17,8.08,5.71,3.14,0.68,27.39,4.27,5.5,14.85,6.61,7.0,3.01,13.76,1.011,24.13,25.21,26.99
2003,GBR,11.659,1.48,74.73,24.82,59.27,15.91,4.25,5.22,2.44,1.03,8.15,1.64,5.35,25.15,11.66,10.76,10.34,13.93,2.794,21.32,25.48,26.72
2003,NLD,12.37,1.75,72.68,24.52,61.7,13.78,3.03,5.38,4.64,0.66,10.48,4.65,6.2,19.34,15.0,10.94,7.13,12.84,1.659,27.4,30.89,31.13
2003,DNK,12.015,1.76,77.39,24.21,60.9,14.89,4.63,4.46,2.14,0.8,11.71,2.65,5.51,27.23,12.84,11.67,5.25,11.11,3.666,34.32,38.34,39.96
2003,HUN,9.332,1.27,62.35,22.33,62.24,15.43,6.96,3.75,4.18,1.92,17.55,3.92,6.18,18.3,8.37,8.39,5.71,14.78,3.213,19.98,29.28,32.96
2003,PRT,10.773,1.44,72.82,22.05,61.1,16.84,3.73,6.59,3.21,1.39,16.86,4.59,6.6,13.7,10.89,7.26,10.53,14.66,1.41,14.77,19.44,21.72
2003,ITA,9.514,1.29,60.1,19.18,61.73,19.09,4.2,7.24,3.12,0.94,15.06,3.21,7.07,19.15,10.41,7.06,8.8,13.76,1.196,22.47,25.95,28.1
2003,SVN,8.682,1.2,68.1,21.26,63.86,14.88,5.15,5.99,3.03,0.92,16.16,3.41,5.91,18.29,9.07,10.64,6.65,14.79,1.977,25.39,34.18,35.44
2003,FIN,10.877,1.76,72.39,23.88,60.66,15.46,6.0,4.7,3.23,0.44,12.44,4.07,4.95,24.65,8.69,11.14,6.37,13.32,2.812,24.18,29.04,31.51
2003,AUT,9.499,1.38,71.98,22.36,62.2,15.44,3.54,6.5,2.8,0.83,10.22,3.95,6.97,19.62,10.41,10.16,11.83,13.18,3.03,21.66,30.04,32.0
2003,NOR,12.402,1.8,78.43,25.99,59.25,14.76,4.57,5.46,2.83,0.39,13.94,2.92,6.05,21.85,9.2,12.95,5.89,13.95,3.065,24.81,28.76,30.16
2003,IRL,15.521,1.96,72.02,28.63,60.27,11.1,6.96,5.09,2.84,1.23,9.97,2.94,6.83,20.01,11.84,7.46,14.15,10.68,2.66,13.14,17.98,22.94
2003,EST,9.479,1.37,69.26,23.6,60.38,16.02,7.51,6.76,3.23,1.23,19.25,3.21,5.0,19.85,7.28,8.47,6.56,11.65,1.422,18.39,22.26,23.0
2003,CHE,9.824,1.39,80.22,22.38,61.97,15.65,4.43,2.8,2.24,0.79,9.43,13.35,3.88,23.47,11.2,9.24,9.58,9.57,1.433,12.17,17.64,17.54
2003,GRC,9.566,1.29,63.57,21.44,60.65,17.9,4.86,6.59,2.97,2.09,17.06,4.69,4.11,17.01,8.79,4.6,13.95,13.29,0.778,22.21,21.82,22.78
2003,LVA,9.199,1.32,67.77,23.86,60.1,16.04,8.57,4.94,3.21,2.74,23.46,4.31,2.94,19.7,5.62,8.76,4.98,10.76,1.394,19.86,28.1,28.7
2003,SWE,11.09,1.71,78.1,23.98,58.86,17.16,4.02,4.69,3.41,0.25,12.31,2.89,5.05,27.63,9.29,12.04,5.27,13.14,3.114,25.94,30.58,31.24
2003,ESP,10.532,1.3,64.33,20.13,63.0,16.87,4.23,5.57,2.45,1.47,13.98,3.32,5.54,16.58,9.44,8.76,17.31,11.34,1.01,15.71,17.86,19.79
2003,SVK,9.621,1.2,64.82,25.87,62.63,11.51,6.08,4.44,3.82,1.09,16.27,1.2,5.33,31.63,7.06,8.59,6.89,7.58,1.775,13.27,20.01,21.11
2003,DEU,8.563,1.34,68.23,20.59,61.66,17.75,3.8,5.48,2.74,0.69,10.53,4.18,6.95,24.46,12.56,10.25,4.93,13.44,2.06,34.17,40.46,43.37
2003,LUX,11.829,1.62,67.19,24.43,61.56,14.01,10.29,5.64,1.67,0.57,8.77,2.18,6.97,21.28,13.36,7.1,7.3,14.87,3.74,8.57,19.42,24.57
2003,ISL,14.362,1.99,84.34,29.93,58.33,11.73,5.23,4.87,2.69,1.43,13.52,3.21,6.26,19.54,8.05,12.12,8.23,14.84,2.945,25.19,25.73,27.59
2004,ISL,14.571,2.04,83.54,29.71,58.52,11.77,4.9,4.64,2.6,1.36,12.99,3.16,6.22,20.1,8.26,11.91,7.86,16.0,2.984,25.99,26.25,28.03
2004,LUX,11.983,1.66,67.69,24.38,61.59,14.03,11.43,5.42,1.63,0.53,8.42,2.71,7.05,20.88,11.24,7.04,7.37,16.29,3.657,9.07,19.82,25.03
2004,DEU,8.55,1.36,68.76,20.37,61.31,18.32,3.56,5.35,2.77,0.71,10.89,4.55,6.71,24.46,12.37,10.2,4.89,13.55,2.02,33.24,39.36,42.28
2004,SVK,10.005,1.25,63.74,25.16,63.23,11.61,5.64,4.41,3.72,1.44,14.85,1.63,5.24,33.61,7.38,8.43,6.47,7.18,1.957,13.88,20.81,22.31
2004,ESP,10.651,1.31,65.39,19.94,63.36,16.69,4.3,5.42,2.55,1.42,13.44,3.32,5.42,16.85,9.78,8.63,17.18,11.69,1.035,16.21,18.29,20.09
2004,SWE,11.245,1.75,77.61,23.96,58.83,17.21,3.73,4.76,3.43,0.27,12.09,2.94,5.21,27.19,9.73,11.88,5.16,13.6,3.105,26.45,30.92,31.52
2004,LVA,9.027,1.29,67.94,23.31,60.25,16.44,7.99,5.25,3.55,2.24,22.81,4.22,3.12,18.73,5.18,10.16,5.15,11.6,1.287,21.12,28.48,29.02
2004,GRC,9.657,1.31,63.94,21.08,60.76,18.16,4.56,6.81,2.8,2.16,16.07,4.83,4.54,17.03,9.27,4.91,13.76,13.27,0.797,23.96,23.24,24.61
2004,CHE,9.924,1.42,79.98,22.2,62.04,15.76,4.33,2.72,2.35,0.84,9.24,13.66,3.85,23.58,10.98,9.17,9.67,9.62,1.394,12.19,17.59,17.5
2004,EST,10.241,1.47,69.71,23.15,60.47,16.38,8.24,6.69,3.19,1.16,19.34,3.12,4.94,19.16,7.36,8.64,6.72,11.43,1.837,16.08,20.9,21.86
2004,IRL,15.382,1.93,72.77,28.24,60.65,11.12,6.44,4.72,3.24,1.33,9.61,3.07,6.66,19.93,12.26,7.87,13.73,11.14,2.637,13.64,18.72,23.55
2004,NOR,12.442,1.83,78.18,26.01,59.27,14.72,4.6,5.48,3.23,0.37,13.53,2.93,5.95,21.1,9.57,12.95,5.66,14.63,2.96,24.89,28.7,30.09
2004,AUT,9.698,1.42,69.55,22.17,62.13,15.71,3.45,6.34,2.81,0.78,10.22,3.87,7.0,19.94,10.6,10.02,11.64,13.33,2.986,22.81,31.02,33.22
2004,FIN,11.065,1.8,72.23,23.65,60.63,15.72,5.48,4.76,3.27,0.47,12.18,4.17,5.14,24.51,8.88,11.43,6.58,13.14,2.821,23.4,28.32,30.84
2004,SVN,8.997,1.25,70.42,20.82,64.0,15.17,4.8,5.64,3.27,1.01,15.41,3.39,5.86,18.66,9.13,10.91,6.68,15.23,1.949,25.55,34.28,35.59
2004,ITA,9.765,1.34,61.43,19.08,61.57,19.35,4.18,6.98,3.16,0.93,14.94,3.23,7.07,19.73,10.06,7.23,8.87,13.63,1.213,22.96,26.35,28.51
2004,PRT,10.436,1.4,72.42,21.77,61.17,17.06,3.58,6.52,3.26,1.42,16.6,4.58,6.29,13.92,11.02,7.09,10.67,15.03,1.164,15.71,19.6,21.86
2004,HUN,9.404,1.28,62.08,22.06,62.38,15.56,6.74,3.62,3.99,1.8,17.09,3.87,6.72,18.63,8.31,8.41,6.0,14.82,2.951,21.56,30.37,34.4
2004,DNK,11.97,1.78,77.68,24.37,60.65,14.98,4.26,4.39,2.19,0.73,11.37,2.71,5.45,26.65,12.67,11.89,5.23,12.46,3.566,32.95,36.99,38.61
2004,NLD,11.933,1.72,72.5,24.49,61.57,13.94,2.98,5.25,4.5,0.67,10.28,4.87,5.99,19.84,14.93,10.77,7.05,13.11,1.63,28.05,31.93,32.55
2004,GBR,11.94,1.48,74.56,24.7,59.37,15.93,3.96,5.09,2.59,1.05,8.03,1.56,5.14,25.13,12.44,10.72,10.36,13.79,2.875,21.56,25.61,26.83
2004,LTU,8.758,1.27,69.33,25.13,59.25,15.62,7.52,6.3,2.89,0.72,27.13,4.11,5.74,14.65,6.67,7.27,2.9,14.1,1.121,22.32,25.96,27.62
2004,FRA,12.824,1.92,69.07,25.31,58.43,16.26,3.78,4.98,3.3,0.37,13.44,3.87,5.46,23.56,11.93,9.39,6.64,13.96,3.017,21.41,27.0,28.63
2004,POL,9.325,1.23,57.08,24.94,62.01,13.05,7.09,4.9,3.2,1.44,22.16,4.23,4.27,21.4,10.06,6.34,2.68,12.22,1.225,27.53,27.53,28.08
2005,POL,9.545,1.24,58.03,24.14,62.66,13.21,7.13,4.73,3.36,1.29,22.21,4.05,4.34,22.38,9.94,6.06,2.65,11.86,1.205,27.84,27.84,28.38
2005,FRA,12.843,1.94,68.93,25.2,58.46,16.33,3.62,4.82,3.32,0.36,13.09,3.89,5.45,23.98,11.92,9.3,6.64,14.19,2.941,21.67,27.2,28.87
2005,LTU,8.795,1.29,70.65,24.47,59.47,16.06,7.02,7.81,2.56,0.77,25.42,5.03,5.92,14.63,7.17,6.95,2.77,13.96,1.722,21.25,26.91,28.41
2005,GBR,11.957,1.48,74.76,24.51,59.58,15.92,3.9,5.02,2.54,1.06,7.87,1.51,5.05,25.33,12.97,10.45,10.31,14.04,2.838,22.71,25.64,26.85
2005,NLD,11.524,1.71,72.96,24.4,61.45,14.15,2.9,5.13,4.43,0.61,9.96,4.98,5.85,20.46,15.1,10.67,7.05,13.13,1.589,28.33,32.29,32.51
2005,DNK,11.879,1.8,78.18,24.48,60.42,15.11,4.11,4.3,2.08,0.72,10.96,2.69,5.38,26.32,12.87,11.94,5.28,13.37,3.491,32.84,36.91,38.49
2005,HUN,9.655,1.31,62.23,21.78,62.51,15.7,6.7,3.38,4.18,1.64,16.35,3.97,6.17,18.75,8.72,8.58,6.18,15.38,2.997,20.6,29.08,33.65
2005,PRT,10.424,1.41,72.21,21.53,61.2,17.27,3.49,6.38,3.23,1.44,15.88,4.58,6.33,14.24,11.13,7.27,10.59,15.44,1.182,15.06,18.92,21.21
2005,ITA,9.545,1.34,61.44,19.05,61.29,19.66,4.22,6.84,3.11,0.92,14.72,3.11,7.03,20.13,10.37,6.92,8.82,13.8,1.2,22.43,26.21,28.01
2005,SVN,9.089,1.26,71.08,20.41,64.12,15.47,4.97,5.46,3.52,1.12,14.65,3.49,5.96,19.11,9.25,10.88,6.55,15.05,1.925,23.49,32.92,34.72
2005,FIN,11.027,1.8,73.0,23.45,60.61,15.94,5.29,4.82,2.79,0.43,11.99,4.31,5.3,24.27,9.1,11.63,6.72,13.35,2.835,23.82,28.53,31.05
2005,AUT,9.534,1.41,70.4,21.95,61.82,16.24,3.47,6.25,2.71,0.79,10.05,3.82,6.85,20.8,10.71,9.85,11.29,13.42,2.908,22.6,30.55,33.04
2005,NOR,12.321,1.84,78.15,26.0,59.29,14.71,4.47,5.54,3.2,0.37,12.99,2.98,5.99,21.01,9.86,12.89,5.62,15.08,2.78,24.0,27.68,29.02
2005,IRL,14.926,1.86,73.88,27.73,61.17,11.1,6.4,4.91,3.39,1.36,9.3,3.21,6.45,19.73,12.29,7.86,13.41,11.69,2.555,12.6,17.85,22.83
2005,EST,10.56,1.52,71.5,22.75,60.53,16.72,8.2,6.59,3.06,1.11,18.91,3.1,5.04,17.85,7.98,9.11,6.97,12.08,1.738,14.44,18.82,19.8
2005,CHE,9.832,1.42,79.91,22.01,62.09,15.9,4.23,2.76,2.43,0.83,9.21,13.69,3.84,23.77,10.72,9.13,9.55,9.83,1.407,12.22,17.57,17.51
2005,GRC,9.804,1.34,64.45,20.78,60.85,18.37,4.36,6.54,2.92,2.36,15.53,4.94,4.49,17.94,8.77,5.0,14.43,12.72,0.797,24.08,23.28,24.71
2005,LVA,9.725,1.39,69.12,22.76,60.42,16.82,8.11,4.94,3.32,2.48,21.46,3.87,3.19,18.61,5.06,9.36,7.33,12.26,1.289,22.62,28.95,29.41
2005,SWE,11.246,1.77,78.2,23.91,58.82,17.27,3.57,4.82,3.26,0.28,11.85,3.0,5.4,26.86,10.06,11.51,5.34,14.05,3.133,26.07,30.4,31.19
2005,ESP,10.736,1.33,67.53,19.77,63.67,16.56,4.15,5.46,2.55,1.42,13.01,3.33,5.51,17.37,9.78,8.52,16.82,12.08,1.111,16.57,18.6,20.29
2005,SVK,10.131,1.27,64.51,24.5,63.79,11.71,5.51,4.57,3.8,1.56,14.53,1.71,5.68,31.88,7.83,8.84,6.84,7.26,1.519,13.93,20.7,22.21
2005,DEU,8.313,1.34,69.41,20.13,60.93,18.94,3.56,5.26,2.8,0.72,10.94,4.49,6.47,24.75,12.58,10.13,4.85,13.44,2.013,33.32,39.59,42.21
2005,LUX,11.645,1.63,69.01,24.31,61.61,14.08,10.82,5.12,1.64,0.46,8.59,2.3,6.66,21.37,11.37,6.76,7.24,17.68,3.569,10.02,20.51,25.89
2005,ISL,14.579,2.05,84.48,29.41,58.86,11.73,4.69,4.51,2.5,1.33,11.7,2.94,6.46,19.88,8.78,11.72,7.76,17.71,2.857,26.3,26.57,28.16
2006,ISL,14.722,2.08,85.2,29.0,59.37,11.63,4.53,4.53,2.48,1.32,11.79,2.83,6.24,20.3,9.74,11.18,7.9,17.18,2.963,25.64,26.34,27.81
2006,LUX,11.755,1.65,69.09,24.23,61.72,14.05,9.41,5.09,1.69,0.57,8.59,2.56,6.88,21.62,12.01,6.98,7.03,17.58,3.347,10.75,21.1,26.57
2006,DEU,8.16,1.33,71.12,19.84,60.63,19.53,3.51,5.23,2.71,0.74,10.7,4.5,6.73,24.88,12.47,10.0,4.89,13.65,1.707,33.7,39.9,42.51
2006,SVK,10.033,1.25,65.96,23.86,64.31,11.83,5.22,4.36,3.93,1.54,14.68,1.7,5.76,31.77,8.01,8.65,7.44,6.94,1.418,14.38,21.02,22.48
2006,ESP,10.936,1.36,68.99,19.72,63.68,16.6,3.92,5.55,2.53,1.37,12.73,3.31,5.56,18.03,10.11,8.22,16.43,12.24,1.136,16.86,18.83,20.48
2006,SWE,11.706,1.85,78.83,23.83,58.84,17.33,3.42,4.97,3.14,0.29,11.88,3.0,5.59,26.44,10.6,11.63,5.48,13.58,3.222,25.06,29.93,30.88
2006,LVA,10.266,1.46,73.16,22.22,60.58,17.2,7.45,5.35,3.32,2.1,18.88,3.74,3.84,19.87,5.56,8.68,8.6,12.61,1.179,23.08,28.3,28.87
2006,GRC,10.181,1.4,65.55,20.53,60.95,18.52,3.82,6.17,3.57,2.38,14.66,4.97,4.83,17.7,8.95,5.06,14.33,13.55,0.752,25.54,24.6,25.92
2006,CHE,9.836,1.44,80.52,21.81,62.11,16.08,4.09,2.74,2.44,0.82,9.15,13.5,3.8,23.83,11.07,8.91,9.74,9.91,1.393,11.74,17.43,17.4
2006,EST,11.014,1.58,75.61,22.39,60.54,17.08,8.11,6.57,3.06,1.0,17.86,3.04,5.15,17.68,8.1,9.44,6.97,13.02,3.115,11.27,17.8,18.73
2006,IRL,15.547,1.92,74.68,27.31,61.77,10.92,6.18,4.78,3.48,1.32,9.25,3.34,6.6,19.7,12.4,7.74,12.93,12.28,2.593,10.86,16.26,21.5
2006,NOR,12.617,1.9,79.49,25.96,59.36,14.68,4.33,5.52,3.13,0.37,12.31,2.85,6.03,21.28,9.9,12.93,5.86,15.5,2.68,24.21,27.72,29.09
2006,AUT,9.439,1.41,71.58,21.73,61.61,16.67,3.28,6.13,2.6,0.83,9.88,3.72,6.79,20.94,10.82,10.02,11.49,13.49,2.795,23.33,31.03,33.44
2006,FIN,11.196,1.84,74.03,23.3,60.46,16.23,5.17,4.88,2.66,0.44,11.88,4.32,5.36,24.0,9.38,12.07,6.7,13.14,2.805,23.54,28.05,30.59
2006,SVN,9.45,1.31,71.49,20.07,64.18,15.75,5.11,5.21,3.45,1.16,14.33,3.49,5.9,19.26,9.6,10.92,6.5,15.08,1.884,23.67,32.97,34.84
2006,ITA,9.607,1.37,62.41,19.06,61.0,19.94,4.18,6.71,3.04,0.92,14.61,3.13,6.91,20.29,10.65,6.97,8.94,13.65,1.28,23.3,27.01,28.75
2006,PRT,10.031,1.37,72.58,21.35,61.2,17.45,3.64,6.48,3.2,1.45,15.77,4.52,6.2,14.31,11.8,7.06,10.58,14.99,1.163,15.08,18.94,21.23
2006,HUN,9.911,1.34,62.65,21.52,62.62,15.87,6.91,3.2,3.94,1.69,16.49,3.9,5.85,19.15,8.59,8.55,6.11,15.62,3.262,21.78,30.47,35.24
2006,DNK,11.973,1.85,79.68,24.52,60.23,15.26,3.88,4.43,1.93,0.72,10.81,2.69,5.42,26.02,12.74,12.28,5.39,13.69,3.448,32.98,36.97,38.59
2006,NLD,11.329,1.72,73.98,24.26,61.36,14.37,2.87,5.38,4.3,0.61,10.14,2.53,6.02,20.79,16.02,10.97,7.19,13.39,1.801,26.47,30.37,32.49
2006,GBR,12.303,1.48,74.84,24.36,59.77,15.87,3.92,5.04,2.51,1.12,7.84,1.27,5.04,25.88,12.95,10.47,10.19,13.85,2.836,22.05,25.68,26.89
2006,LTU,8.999,1.33,71.28,23.85,59.68,16.47,6.86,7.79,2.43,0.76,24.04,4.31,5.91,14.68,7.93,6.81,2.72,15.75,1.66,21.2,25.95,27.11
2006,FRA,13.105,2.0,68.88,25.09,58.57,16.34,3.53,4.67,3.21,0.38,12.82,3.92,5.41,24.27,12.34,9.26,6.65,14.0,2.852,21.74,26.92,27.71
2006,POL,9.808,1.27,60.12,23.43,63.22,13.35,6.96,4.62,3.24,1.31,22.22,4.01,4.3,22.36,10.91,5.88,2.69,11.48,1.186,28.2,28.2,28.71
2007,POL,10.174,1.31,62.74,22.85,63.72,13.44,7.15,4.45,3.12,1.3,21.77,4.01,4.32,21.89,11.09,5.89,2.67,12.35,1.154,23.04,27.28,27.79
2007,FRA,12.851,1.98,69.38,24.99,58.66,16.36,3.43,4.59,3.19,0.38,12.62,3.91,5.44,24.19,12.95,9.15,6.67,14.06,2.827,21.99,26.99,27.76
2007,LTU,9.237,1.36,72.71,23.29,59.89,16.82,6.3,7.89,2.36,0.64,23.82,4.18,5.72,14.19,8.68,7.23,2.67,16.31,1.658,20.29,24.3,25.24
2007,GBR,12.59,1.48,74.92,24.26,59.85,15.89,3.61,4.92,2.42,1.23,7.81,1.68,5.02,25.67,13.14,10.28,10.09,14.09,3.111,22.66,25.83,27.01
2007,NLD,11.085,1.72,75.71,24.1,61.3,14.6,2.86,5.44,4.05,0.64,10.12,2.59,6.1,20.44,16.13,11.23,7.34,13.14,1.288,26.3,30.34,32.47
2007,DNK,11.764,1.84,79.29,24.53,60.01,15.46,3.89,4.59,1.98,0.69,10.86,2.73,5.58,25.76,12.63,12.2,5.6,13.51,3.666,33.19,37.07,38.77
2007,HUN,9.697,1.32,62.29,21.29,62.65,16.06,7.17,3.33,3.71,1.58,17.0,3.78,5.4,19.29,8.81,8.25,6.38,15.31,3.219,25.65,34.12,38.81
2007,PRT,9.731,1.35,72.54,21.17,61.2,17.63,3.12,6.26,3.07,1.44,15.73,4.74,6.13,14.45,12.78,6.79,10.57,14.92,1.153,15.18,19.0,21.55
2007,ITA,9.638,1.4,62.72,19.07,60.83,20.11,4.3,6.6,2.97,0.93,14.49,3.07,6.84,20.42,10.91,7.03,9.1,13.36,1.267,22.27,27.33,29.19
2007,SVN,9.86,1.38,72.39,19.71,64.27,16.02,4.99,5.55,3.23,1.28,14.16,3.46,6.06,18.33,9.93,10.64,6.88,15.49,1.71,23.84,31.7,32.85
2007,FIN,11.129,1.83,74.85,23.19,60.32,16.49,5.02,4.88,2.68,0.42,11.98,4.34,5.44,23.68,9.77,12.35,6.7,12.73,2.717,23.56,27.81,30.41
2007,AUT,9.206,1.38,72.84,21.5,61.46,17.04,3.32,6.09,2.49,0.85,9.94,3.78,6.85,20.61,11.21,9.89,11.6,13.39,2.664,24.02,31.48,33.84
2007,NOR,12.488,1.9,80.92,25.88,59.48,14.64,4.26,5.68,2.93,0.41,12.09,2.78,5.96,20.41,10.45,12.65,5.93,16.44,2.733,24.73,28.04,29.54
2007,IRL,16.449,2.01,75.23,26.87,62.37,10.76,6.04,4.66,3.24,1.33,9.12,3.19,6.58,20.59,12.21,7.94,12.73,12.39,2.703,9.56,15.08,20.35
2007,EST,11.747,1.69,76.61,22.03,60.6,17.37,7.88,7.1,2.88,0.96,17.19,3.01,4.98,18.0,8.11,9.31,6.96,13.61,1.611,12.6,17.95,18.69
2007,CHE,9.921,1.46,81.33,21.59,62.12,16.29,3.95,2.8,2.41,0.84,8.98,13.61,3.81,23.67,11.62,8.84,9.62,9.86,1.337,12.18,17.75,17.7
2007,GRC,10.142,1.41,65.81,20.33,61.05,18.62,3.88,6.43,3.5,2.39,14.91,4.67,4.7,17.6,9.33,5.08,13.88,13.63,0.853,24.51,24.4,25.67
2007,LVA,10.846,1.54,75.17,21.69,60.82,17.49,6.64,6.06,3.16,1.99,18.64,3.78,3.95,20.91,6.21,9.42,6.35,12.89,1.145,21.81,27.61,28.3
2007,SWE,11.787,1.88,80.13,23.76,58.8,17.43,3.4,4.93,3.0,0.3,11.85,2.98,5.75,26.04,10.76,11.83,5.56,13.62,3.183,21.83,26.52,27.6
2007,ESP,10.967,1.38,69.74,19.7,63.83,16.47,3.97,5.47,2.58,1.32,12.42,3.34,5.48,18.69,10.54,8.01,15.92,12.26,1.185,16.41,18.9,20.59
2007,SVK,10.129,1.27,67.23,23.27,64.78,11.95,5.22,4.22,3.84,1.48,15.25,1.85,6.15,31.36,8.07,9.04,6.89,6.63,1.352,14.9,21.13,22.57
2007,DEU,8.32,1.37,72.95,19.53,60.53,19.95,3.43,5.38,2.69,0.79,10.82,4.6,6.51,24.65,12.79,10.21,5.04,13.09,1.783,33.48,39.54,42.16
2007,LUX,11.502,1.61,69.57,24.13,61.86,14.01,9.07,5.02,1.7,0.69,8.72,2.43,7.17,21.67,12.17,7.16,7.03,17.17,2.929,12.18,22.13,27.7
2007,ISL,14.821,2.09,85.79,28.59,59.85,11.56,4.44,4.59,2.6,1.26,11.45,2.72,6.48,21.33,9.98,10.25,8.04,16.87,3.33,25.0,25.36,26.83
2008,ISL,15.327,2.15,84.4,28.37,60.04,11.59,4.5,4.73,2.53,1.21,12.53,2.84,5.5,23.73,10.71,9.47,7.71,14.56,3.422,24.34,25.86,27.25
2008,LUX,11.567,1.61,68.78,23.96,62.06,13.98,8.42,4.89,1.61,0.83,8.72,2.41,7.5,21.71,12.93,7.12,7.05,16.81,3.532,12.41,21.99,27.39
2008,DEU,8.301,1.38,74.01,19.21,60.55,20.25,3.31,5.14,2.76,0.78,10.8,4.83,6.16,25.29,12.19,10.51,5.0,13.24,1.866,33.3,39.24,41.85
2008,SVK,10.67,1.34,68.83,22.75,65.19,12.06,4.89,4.58,3.68,1.41,15.17,1.82,6.8,31.12,8.15,9.5,6.33,6.55,1.308,15.91,21.7,23.05
2008,ESP,11.354,1.45,68.49,19.73,63.79,16.48,3.98,5.21,2.66,1.27,12.59,3.46,5.24,19.78,10.41,7.93,15.32,12.14,1.283,14.87,17.27,19.3
2008,SWE,11.903,1.91,80.39,23.66,58.7,17.64,3.44,4.88,2.91,0.31,12.16,3.05,5.8,26.31,10.85,11.75,5.82,12.71,3.322,21.24,25.72,26.92
2008,LVA,11.131,1.58,75.45,21.22,61.07,17.71,7.15,5.23,3.13,1.56,19.22,3.89,3.76,23.1,6.57,9.39,5.92,11.08,1.98,20.04,26.28,27.18
2008,GRC,10.695,1.5,66.29,20.15,61.13,18.72,3.95,6.27,3.51,2.35,14.61,4.47,4.92,18.67,9.26,4.98,13.28,13.74,0.851,23.87,23.77,24.96
2008,CHE,10.1,1.48,82.29,21.36,62.17,16.47,3.8,2.74,2.32,0.84,9.18,13.57,3.98,24.0,11.28,8.78,9.62,9.91,1.267,10.58,16.89,17.13
2008,EST,11.975,1.72,76.93,21.66,60.9,17.44,7.51,6.44,3.78,0.76,19.7,2.76,4.74,17.85,8.9,8.16,6.62,12.78,2.103,10.09,17.15,17.87
2008,IRL,16.863,2.06,73.6,26.96,62.26,10.79,5.97,4.46,3.12,1.51,9.39,3.55,6.06,22.42,10.76,7.52,13.07,12.17,3.182,9.68,15.21,20.45
2008,NOR,12.771,1.96,81.78,25.74,59.6,14.66,4.4,5.5,2.85,0.4,12.27,2.84,5.89,21.03,10.51,12.27,6.16,15.87,2.712,24.94,28.09,29.6
2008,AUT,9.359,1.42,73.81,21.27,61.47,17.26,3.38,6.02,2.35,0.85,10.04,3.67,6.84,20.91,10.73,10.05,11.74,13.42,2.731,24.68,31.94,34.26
2008,FIN,11.231,1.85,75.85,23.06,60.31,16.63,4.94,4.78,2.62,0.41,12.35,4.35,5.37,23.73,9.8,12.23,6.58,12.84,2.781,23.74,27.78,30.36
2008,SVN,10.853,1.53,73.05,19.44,64.23,16.33,4.96,5.44,3.18,1.22,14.51,3.51,5.67,18.67,9.77,10.07,7.12,15.87,1.754,23.71,31.86,33.05
2008,ITA,9.774,1.45,62.86,19.06,60.74,20.2,4.24,6.55,2.84,0.92,14.39,3.18,6.79,20.93,10.95,6.87,9.1,13.22,1.316,22.93,27.76,29.53
2008,PRT,9.911,1.39,73.06,21.0,61.15,17.85,3.0,6.07,3.04,1.51,16.05,4.87,6.04,14.85,13.26,6.64,10.18,14.5,1.234,14.96,18.82,21.4
2008,HUN,9.87,1.35,61.54,21.08,62.66,16.26,7.43,3.17,3.75,1.39,17.26,3.81,4.98,20.17,9.1,7.77,6.44,14.73,3.243,26.01,34.19,38.26
2008,DNK,11.877,1.89,79.21,24.53,59.73,15.74,3.74,4.43,2.12,0.71,11.29,2.68,5.51,26.32,13.02,11.92,5.63,12.63,3.708,32.99,36.8,38.58
2008,NLD,11.254,1.77,77.12,23.94,61.2,14.86,2.95,5.31,3.65,0.68,10.38,2.83,6.08,20.78,15.68,11.19,7.16,13.18,1.498,26.84,30.78,32.84
2008,GBR,12.845,1.48,74.73,24.16,59.84,16.0,3.65,4.97,2.35,1.28,8.06,1.62,4.65,26.37,12.97,10.14,9.92,14.08,3.332,21.29,24.52,25.59
2008,LTU,9.816,1.45,72.01,22.81,60.09,17.1,6.36,6.76,2.25,0.56,24.95,4.48,5.46,14.84,7.92,6.69,2.89,16.83,2.316,19.32,22.68,23.39
2008,FRA,12.932,2.01,69.95,24.89,58.67,16.44,3.37,4.37,3.19,0.39,12.8,3.98,5.2,24.58,13.24,8.83,6.53,14.01,2.81,22.14,27.02,27.78
2008,POL,10.875,1.39,64.99,22.37,64.16,13.47,7.22,4.2,3.08,1.23,20.97,3.96,4.32,21.52,11.64,6.01,2.56,13.3,1.242,20.38,24.55,25.04
2009,POL,10.95,1.4,64.94,21.99,64.52,13.49,7.82,4.0,2.99,1.24,20.56,4.11,4.33,23.34,10.47,6.05,2.59,12.51,1.285,20.12,23.94,24.39
2009,FRA,12.794,2.0,69.01,24.81,58.63,16.55,3.54,4.31,3.28,0.41,13.04,4.16,5.17,25.39,12.24,8.8,6.52,13.68,3.002,22.16,27.08,27.85
2009,LTU,10.103,1.5,66.99,22.43,60.29,17.27,7.4,6.42,2.78,0.67,25.46,4.65,5.5,16.22,7.37,6.31,2.8,14.42,3.451,16.8,21.3,22.24
2009,GBR,12.688,1.48,73.39,24.09,59.73,16.18,4.03,5.13,2.33,1.45,8.5,1.64,4.57,27.48,11.93,10.1,9.6,13.58,3.681,20.7,24.1,25.24
2009,NLD,11.217,1.79,76.96,23.78,61.07,15.15,3.08,5.38,3.47,0.69,10.83,2.97,5.86,22.12,13.99,11.16,7.2,12.75,1.634,24.98,29.91,31.79
2009,DNK,11.398,1.84,76.2,24.47,59.43,16.11,3.94,4.73,1.98,0.77,11.36,2.99,5.22,27.87,13.09,11.54,5.48,11.04,4.042,32.45,36.24,37.19
2009,HUN,9.614,1.32,62.47,20.88,62.64,16.48,7.63,2.89,3.58,1.43,16.78,4.04,4.61,22.0,9.47,7.66,6.63,13.28,3.394,26.31,34.15,37.76
2009,PRT,9.419,1.34,71.08,20.83,61.06,18.11,3.09,6.11,3.04,1.67,16.4,5.23,5.99,16.22,12.23,6.67,10.55,12.81,1.446,14.36,18.49,21.13
2009,ITA,9.573,1.45,61.61,19.04,60.66,20.31,4.28,6.38,2.87,0.96,14.72,3.2,6.65,22.04,9.79,7.03,9.41,12.68,1.468,23.27,27.99,29.72
2009,SVN,10.754,1.53,71.86,19.24,64.26,16.49,5.21,5.51,3.29,1.21,14.54,3.64,6.15,19.87,9.55,9.16,6.87,15.01,2.075,23.58,31.77,32.94
2009,FIN,11.346,1.86,73.63,22.92,60.2,16.88,5.24,4.78,2.52,0.42,12.75,4.29,5.15,25.45,9.49,12.02,6.43,11.46,3.124,22.7,26.63,29.27
2009,AUT,9.159,1.39,73.41,21.02,61.44,17.53,3.42,6.01,2.29,0.77,10.02,3.7,6.92,21.19,10.59,10.21,11.91,12.96,2.94,22.16,30.36,32.79
2009,NOR,12.878,1.98,80.6,25.59,59.63,14.78,4.48,5.59,2.83,0.43,12.7,2.95,5.72,21.54,10.58,12.13,6.0,15.05,3.17,24.75,27.81,29.28
2009,IRL,16.711,2.06,68.01,27.15,61.85,11.01,6.6,4.75,3.26,1.83,9.82,4.49,5.35,21.97,8.82,7.69,14.44,10.98,3.686,12.01,17.73,22.27
2009,EST,11.801,1.7,69.94,21.29,61.28,17.43,8.97,6.03,3.98,0.88,20.27,2.92,3.94,20.24,8.21,7.2,6.07,11.29,2.56,12.62,17.81,18.56
2009,CHE,10.165,1.5,81.68,21.12,62.2,16.68,3.92,2.75,2.34,0.92,9.28,14.0,3.99,23.98,10.74,8.78,9.79,9.5,1.381,11.12,16.96,17.25
2009,GRC,10.63,1.5,65.61,19.98,61.14,18.88,4.48,6.16,4.25,2.41,15.0,4.27,4.77,19.76,9.08,5.25,12.4,12.17,0.967,23.68,23.59,24.66
2009,LVA,10.192,1.46,66.65,20.8,61.23,17.97,8.87,5.14,3.57,1.95,19.92,4.48,3.42,22.99,5.92,8.34,5.12,10.25,2.478,19.73,25.95,26.61
2009,SWE,12.078,1.94,78.34,23.51,58.55,17.94,3.64,4.83,2.91,0.31,12.48,3.13,5.75,26.78,10.84,11.55,5.81,11.97,3.499,20.02,24.39,25.4
2009,ESP,10.677,1.38,63.95,19.77,63.56,16.66,4.12,4.96,2.78,1.37,12.55,3.57,5.21,21.85,9.51,7.78,14.83,11.48,1.432,15.48,17.79,19.8
2009,SVK,11.374,1.44,66.36,22.31,65.5,12.2,4.96,4.4,3.9,1.47,15.55,2.08,6.62,31.04,8.4,9.55,5.68,6.35,1.566,13.62,19.97,21.6
2009,DEU,8.111,1.36,74.2,18.9,60.57,20.53,3.31,4.99,2.79,0.73,10.68,5.01,5.99,25.3,12.35,10.42,4.89,13.54,2.126,31.94,38.58,41.21
2009,LUX,11.425,1.59,70.39,23.77,62.27,13.96,8.87,5.05,1.64,0.88,8.93,2.61,7.88,21.98,12.15,7.35,7.29,15.37,3.766,11.63,20.98,26.24
2009,ISL,15.737,2.23,79.29,28.38,59.81,11.81,5.01,4.97,2.42,1.2,13.7,3.0,5.22,25.04,10.67,8.85,7.64,12.28,3.645,22.39,24.37,26.24
2010,ISL,15.449,2.2,79.29,28.32,59.54,12.14,4.87,4.17,2.28,1.21,13.72,3.16,5.62,25.28,9.27,9.63,7.78,13.0,3.521,24.39,25.44,27.6
2010,LUX,11.7,1.63,70.69,23.61,62.48,13.92,8.47,5.05,1.65,0.9,8.72,2.65,7.64,22.24,12.46,7.25,7.56,15.41,3.615,12.31,21.43,26.77
2010,DEU,8.288,1.39,74.92,18.6,60.77,20.63,3.34,4.96,2.66,0.77,10.35,5.17,6.33,25.27,12.99,10.43,4.91,12.83,2.136,30.14,36.97,39.2
2010,SVK,11.207,1.43,64.64,21.92,65.73,12.35,5.53,4.21,3.82,1.53,15.19,2.19,6.44,30.92,9.05,9.58,5.38,6.15,1.575,14.01,20.3,21.88
2010,ESP,10.439,1.37,62.85,19.78,63.27,16.95,4.18,4.96,2.75,1.38,12.56,3.6,5.21,22.38,9.14,7.62,14.43,11.8,1.42,17.81,20.05,21.73
2010,SWE,12.38,1.98,78.09,23.31,58.42,18.28,3.56,4.92,2.96,0.31,12.09,3.02,5.65,26.75,10.95,11.32,5.8,12.67,3.395,19.28,23.67,24.77
2010,LVA,9.328,1.36,64.27,20.34,61.41,18.24,8.92,5.34,3.38,1.96,20.27,4.48,3.67,21.11,6.06,8.22,5.42,11.16,2.198,23.27,30.11,30.53
2010,GRC,10.321,1.48,63.75,19.85,61.02,19.13,4.34,5.25,4.43,2.42,15.3,3.65,4.64,20.74,9.58,5.11,12.79,11.76,0.981,22.16,22.16,23.14
2010,CHE,10.312,1.52,79.71,20.91,62.17,16.92,3.99,2.79,2.33,0.89,8.97,14.15,3.92,24.35,10.96,8.41,9.47,9.76,1.391,11.33,17.1,17.38
2010,EST,11.869,1.72,66.79,20.98,61.58,17.44,8.69,6.1,3.81,0.82,19.82,2.91,3.7,20.93,7.6,7.22,6.39,12.0,2.557,13.67,18.74,19.48
2010,IRL,16.524,2.05,65.57,27.38,61.31,11.31,6.28,4.18,3.01,1.74,9.77,4.59,4.54,22.12,8.49,8.1,15.04,12.14,3.428,13.67,18.81,23.44
2010,NOR,12.647,1.95,79.55,25.41,59.61,14.98,4.21,5.46,2.78,0.44,12.25,2.93,5.83,22.36,10.41,11.67,5.91,15.74,3.132,24.84,27.8,29.26
2010,AUT,9.428,1.44,73.91,20.77,61.53,17.69,3.46,6.1,2.12,0.74,9.89,3.76,6.98,21.2,10.38,10.17,11.89,13.32,2.971,22.59,30.65,33.07
2010,FIN,11.395,1.87,73.03,22.77,59.97,17.26,5.11,4.77,2.53,0.4,12.1,4.42,5.35,25.68,9.09,11.89,6.31,12.34,3.102,22.9,26.74,29.42
2010,SVN,10.915,1.57,70.32,19.19,64.25,16.55,5.26,5.55,3.2,1.18,14.33,3.68,6.49,19.85,9.74,9.08,6.64,15.01,2.134,23.36,31.45,33.29
2010,ITA,9.414,1.46,60.99,18.99,60.61,20.4,4.11,6.5,2.87,0.98,14.38,3.15,6.84,22.02,9.93,7.21,9.42,12.6,1.315,24.03,28.55,30.23
2010,PRT,9.588,1.39,70.33,20.59,60.93,18.48,3.22,6.09,2.99,1.73,15.91,4.97,5.84,16.46,12.02,6.38,10.57,13.82,1.386,14.48,18.61,21.33
2010,HUN,9.021,1.25,62.23,20.63,62.69,16.67,7.17,2.71,3.71,1.46,16.54,4.3,4.48,23.67,9.59,7.58,6.69,12.07,3.367,22.35,29.96,31.39
2010,DNK,11.457,1.87,74.97,24.37,59.05,16.58,3.75,4.58,2.01,0.79,11.31,2.96,5.06,29.28,12.59,11.06,5.36,11.26,3.889,31.04,34.96,35.94
2010,NLD,11.125,1.79,76.28,23.6,60.95,15.45,3.07,5.39,3.36,0.69,10.83,2.96,5.72,22.54,14.03,11.09,6.94,12.94,1.597,24.95,29.83,31.66
2010,GBR,12.86,1.48,73.09,23.99,59.66,16.35,3.82,5.07,2.4,1.49,8.34,1.71,4.69,27.22,11.45,10.05,9.68,13.92,3.927,21.11,24.28,25.39
2010,LTU,9.763,1.5,64.29,22.11,60.29,17.6,7.72,6.14,2.62,0.69,23.92,5.08,5.44,16.44,8.23,6.04,2.81,14.87,2.695,19.77,21.16,22.12
2010,FRA,12.867,2.03,68.86,24.74,58.59,16.67,3.61,4.2,3.19,0.42,13.1,4.15,5.16,25.59,12.24,8.66,6.49,13.67,2.92,22.21,27.09,27.85
2010,POL,10.87,1.38,64.3,21.68,64.88,13.45,7.73,3.85,2.77,1.27,20.18,4.33,3.89,22.46,10.84,6.22,2.47,14.01,1.339,20.41,24.06,24.49
2011,POL,10.205,1.3,64.51,21.29,65.07,13.64,7.53,4.28,2.67,1.24,19.71,4.9,3.97,21.99,11.08,6.21,2.51,13.89,1.291,20.77,24.21,24.61
2011,FRA,12.658,2.01,68.76,24.65,58.41,16.94,3.69,4.06,3.02,0.42,13.12,4.21,5.13,25.52,12.22,8.47,6.53,13.99,2.861,22.38,27.19,27.93
2011,LTU,9.916,1.55,66.88,21.73,60.3,17.98,7.76,5.85,2.32,0.61,24.08,4.36,6.36,16.76,8.15,6.33,2.59,14.84,2.184,19.99,21.34,22.27
2011,GBR,12.761,1.48,72.92,23.84,59.63,16.53,4.12,5.13,2.43,1.53,8.65,1.74,4.57,26.78,11.21,9.88,9.9,14.19,3.848,20.61,23.7,25.07
2011,NLD,10.811,1.76,76.42,23.39,60.7,15.91,3.08,5.35,3.21,0.69,10.87,3.0,5.6,22.12,13.92,10.74,7.02,12.97,1.564,25.05,29.87,31.7
2011,DNK,10.61,1.75,74.9,24.2,58.68,17.12,3.87,4.37,1.98,0.73,11.28,2.95,4.91,29.44,12.41,11.11,5.52,11.44,3.918,31.3,35.12,36.08
2011,HUN,8.817,1.23,62.76,20.46,62.74,16.8,7.2,2.8,3.68,1.4,16.85,4.39,4.26,23.08,9.44,7.32,6.58,13.01,3.168,20.25,32.9,35.1
2011,PRT,9.161,1.35,66.62,20.35,60.65,19.0,3.32,5.91,2.97,1.84,16.47,4.95,5.64,17.1,11.82,6.2,10.64,13.14,1.206,15.3,19.32,22.57
2011,ITA,9.118,1.44,61.04,18.9,60.47,20.64,4.06,6.47,2.76,0.98,14.2,3.3,6.71,22.02,10.23,7.14,9.41,12.73,1.313,24.77,29.16,30.79
2011,SVN,10.705,1.56,68.38,19.15,64.23,16.62,5.51,5.55,3.27,1.19,14.88,3.61,6.12,19.56,10.21,8.67,6.45,14.98,2.146,23.52,31.56,33.41
2011,FIN,11.155,1.83,73.88,22.61,59.57,17.82,4.92,4.65,2.56,0.42,12.14,4.32,5.34,25.32,9.33,11.69,6.33,12.97,3.079,22.87,26.65,29.37
2011,AUT,9.326,1.43,74.16,20.5,61.83,17.67,3.38,6.04,2.02,0.75,9.78,3.71,6.89,21.15,10.25,10.17,12.08,13.78,2.714,23.44,31.15,33.55
2011,NOR,12.239,1.88,79.64,25.18,59.58,15.25,4.17,5.32,2.7,0.48,12.3,2.98,5.96,21.8,10.25,11.63,6.1,16.31,3.09,25.07,27.91,29.39
2011,IRL,16.197,2.03,64.58,27.49,60.89,11.62,6.35,3.97,2.94,1.75,10.17,4.77,4.22,22.7,8.16,7.7,14.54,12.73,3.201,15.22,20.04,25.31
2011,EST,11.04,1.61,70.56,20.77,61.65,17.58,8.97,6.12,3.62,0.74,20.01,2.81,3.56,19.91,7.5,7.15,6.96,12.65,2.223,14.27,19.02,19.71
2011,CHE,10.268,1.52,80.75,20.76,62.21,17.03,4.0,2.7,2.33,0.95,8.82,14.29,3.82,24.59,11.07,8.24,9.21,9.97,1.38,11.1,17.15,17.46
2011,GRC,9.568,1.4,59.59,19.74,60.78,19.48,4.79,4.49,4.05,2.38,15.86,3.53,4.12,22.62,9.47,4.96,12.14,11.59,1.021,25.82,25.79,26.54
2011,LVA,9.074,1.33,66.34,19.9,61.64,18.47,8.01,4.98,3.17,2.0,20.1,4.36,3.35,22.14,6.29,8.07,5.51,12.01,1.877,23.4,30.24,30.73
2011,SWE,11.871,1.9,79.37,23.07,58.29,18.64,3.49,4.82,3.05,0.3,11.98,3.01,5.47,26.48,11.19,11.15,5.95,13.08,3.393,19.45,23.75,24.85
2011,ESP,10.083,1.34,61.97,19.8,62.97,17.23,4.19,4.73,2.75,1.43,12.71,3.68,5.02,23.13,8.95,7.42,14.31,11.69,1.335,18.18,20.37,22.04
2011,SVK,11.277,1.45,64.97,21.72,65.6,12.68,5.58,4.03,3.59,1.57,15.15,2.52,6.29,31.32,9.32,9.57,4.93,6.13,1.627,15.58,21.7,23.04
2011,DEU,8.261,1.36,76.47,18.53,60.8,20.67,3.35,4.95,2.58,0.78,10.03,5.23,6.31,24.79,12.83,10.46,4.98,13.72,2.091,30.92,37.52,39.75
2011,LUX,11.017,1.52,70.1,23.34,62.74,13.92,8.69,5.13,1.61,0.91,8.58,2.69,7.53,21.95,11.74,7.08,7.45,16.65,3.382,14.02,22.9,28.41
2011,ISL,14.106,2.02,79.27,28.5,58.86,12.64,4.64,3.82,2.26,1.2,13.81,3.03,6.41,25.19,8.54,9.52,7.88,13.68,3.272,25.69,26.36,28.38
2012,ISL,14.184,2.04,80.17,28.24,58.8,12.96,4.49,3.62,2.25,1.2,14.03,2.92,6.46,24.56,8.22,9.52,8.13,14.6,3.352,25.57,26.7,28.67
2012,LUX,11.481,1.57,71.4,23.06,62.97,13.97,8.55,5.16,1.6,0.9,8.45,2.66,7.2,22.36,12.02,6.93,7.48,16.7,3.39,13.93,22.6,28.12
2012,DEU,8.385,1.41,76.86,18.35,60.93,20.71,3.33,4.98,2.52,0.82,10.01,5.19,6.44,24.86,12.82,10.49,5.0,13.55,2.115,31.13,37.56,39.8
2012,SVK,10.276,1.34,65.06,21.38,65.67,12.95,5.5,4.03,3.6,1.59,15.86,2.29,6.1,30.64,9.28,9.49,5.16,6.47,1.658,15.52,21.67,23.02
2012,ESP,9.683,1.32,59.63,19.8,62.71,17.49,4.21,4.42,2.66,1.58,12.96,3.83,4.73,23.79,9.05,7.07,14.03,11.67,1.299,18.85,21.07,22.86
2012,SWE,11.935,1.91,79.41,22.86,58.16,18.98,3.61,4.77,2.96,0.31,12.34,3.14,5.5,26.31,11.13,11.22,5.95,12.76,3.509,19.63,23.8,24.9
2012,LVA,9.73,1.44,68.1,19.53,61.81,18.66,6.73,5.24,2.93,1.78,20.09,4.1,3.45,22.76,7.04,8.42,5.27,12.19,1.681,23.73,30.34,30.82
2012,GRC,9.054,1.34,54.97,19.67,60.46,19.87,4.66,4.26,4.17,2.26,16.26,3.36,3.93,23.01,8.89,4.69,13.31,11.2,1.193,25.77,25.75,26.46
2012,CHE,10.329,1.52,81.03,20.54,62.18,17.28,3.94,2.64,2.39,0.98,8.62,14.54,3.76,24.86,11.0,8.12,8.98,10.18,1.412,11.02,17.03,17.24
2012,EST,10.607,1.56,72.19,20.6,61.53,17.87,9.08,6.44,3.29,0.7,19.59,2.76,3.78,19.65,7.35,7.25,7.15,12.96,2.02,14.78,19.26,19.91
2012,IRL,15.618,1.98,64.47,27.64,60.39,11.97,6.16,3.99,2.78,1.76,10.51,5.61,4.37,22.96,7.21,7.42,14.42,12.81,3.137,15.91,20.64,25.81
2012,NOR,12.085,1.85,79.91,24.93,59.54,15.53,4.04,5.2,2.52,0.5,12.43,2.94,6.44,21.17,11.04,11.2,6.25,16.27,3.027,24.98,27.75,29.21
2012,AUT,9.39,1.44,74.44,20.23,61.81,17.96,3.37,5.91,2.0,0.72,9.89,3.73,6.87,21.46,9.91,10.22,12.39,13.53,2.664,24.03,31.55,33.94
2012,FIN,11.015,1.8,74.09,22.43,59.12,18.45,4.81,4.59,2.37,0.4,12.28,4.24,5.26,25.87,9.48,11.6,6.35,12.75,3.184,22.76,26.57,29.38
2012,SVN,10.673,1.58,68.28,19.21,63.83,16.96,5.47,5.43,3.17,1.27,15.2,3.91,5.52,19.63,9.87,8.35,6.7,15.48,2.077,23.71,31.41,33.25
2012,ITA,8.888,1.43,60.86,18.8,60.22,20.98,4.29,6.16,2.77,1.0,14.19,3.28,6.33,23.09,9.82,6.85,9.54,12.68,1.37,25.04,29.35,30.95
2012,PRT,8.509,1.28,64.04,20.19,60.47,19.34,3.28,5.64,2.98,1.76,17.36,4.9,5.26,18.46,11.28,6.08,11.0,12.01,1.235,15.01,18.9,21.64
2012,HUN,9.089,1.34,63.78,20.28,62.71,17.01,7.62,2.63,3.74,1.46,17.28,4.3,4.11,22.6,9.38,7.19,6.8,12.91,3.068,23.09,34.88,35.13
2012,DNK,10.378,1.73,74.4,23.97,58.38,17.65,3.81,4.51,2.11,0.75,11.5,2.89,4.81,29.53,12.07,11.1,5.55,11.39,3.808,31.42,35.2,36.16
2012,NLD,10.517,1.72,76.63,23.17,60.29,16.53,3.22,5.3,3.26,0.71,11.26,3.17,5.49,23.1,12.91,10.54,7.06,12.56,1.456,24.74,29.85,32.01
2012,GBR,12.757,1.48,73.49,23.74,59.26,17.0,3.94,5.11,2.45,1.61,8.56,1.87,4.49,27.27,11.13,9.41,10.0,14.06,3.885,20.28,23.3,24.73
2012,LTU,9.969,1.6,68.49,21.26,60.58,18.17,7.54,5.76,2.53,0.57,24.0,4.55,6.34,16.94,7.67,6.63,2.76,14.71,1.802,20.3,21.59,22.48
2012,FRA,12.59,2.01,68.95,24.57,58.07,17.35,3.75,4.0,2.81,0.43,13.4,4.23,5.05,26.21,11.98,8.25,6.56,13.63,2.911,22.64,27.38,28.12
2012,POL,10.148,1.3,64.72,20.96,65.02,14.02,6.94,4.41,2.61,1.23,19.16,4.67,4.24,22.04,11.54,6.3,2.65,14.2,1.344,20.99,24.3,24.69
2013,POL,9.71,1.3,64.86,20.66,64.87,14.47,6.62,4.77,2.66,1.16,19.03,5.4,4.28,21.73,11.56,6.08,2.85,13.85,1.424,21.18,24.38,24.76
2013,FRA,12.383,1.99,68.99,24.54,57.66,17.79,3.81,3.96,2.7,0.45,13.56,4.23,4.94,26.67,12.15,8.0,6.55,13.25,2.974,22.75,27.47,28.26
2013,LTU,9.702,1.59,69.86,20.82,60.84,18.34,7.19,5.77,2.62,0.55,23.77,4.72,6.22,16.94,7.64,7.06,2.65,14.86,1.588,20.68,21.9,22.74
2013,GBR,12.139,1.83,74.34,23.65,59.03,17.32,3.88,5.27,2.32,1.73,8.46,2.16,4.37,27.22,11.08,9.45,10.07,14.23,3.654,19.38,22.38,23.97
2013,NLD,10.211,1.67,76.69,22.96,59.95,17.09,3.25,5.16,3.2,0.69,11.28,3.43,5.23,23.79,13.03,10.17,7.05,12.04,1.388,24.24,29.16,31.19
2013,DNK,9.973,1.66,74.43,23.7,58.23,18.07,3.77,4.37,1.91,0.77,11.49,2.85,4.85,30.03,11.43,10.97,5.69,11.87,3.721,31.0,34.8,35.79
2013,HUN,9.047,1.36,65.2,20.01,62.66,17.32,7.82,2.82,3.78,1.57,17.7,4.39,4.12,21.47,9.5,6.91,7.03,12.9,2.971,23.09,34.5,34.5
2013,PRT,7.882,1.21,63.37,20.0,60.25,19.75,3.21,5.85,2.76,1.67,17.84,4.98,5.12,18.87,11.25,5.82,10.95,11.66,1.237,17.5,22.15,25.59
2013,ITA,8.532,1.39,59.72,18.69,59.99,21.32,4.28,6.11,2.6,1.0,14.36,3.32,6.21,23.71,9.92,6.47,9.67,12.35,1.405,24.81,29.53,31.11
2013,SVN,10.254,1.55,67.22,19.27,63.45,17.28,5.4,4.91,3.27,1.3,15.14,4.0,5.13,20.43,9.68,8.26,6.64,15.85,1.95,23.81,31.29,33.09
2013,FIN,10.713,1.75,73.43,22.25,58.67,19.07,4.87,4.48,2.35,0.39,12.58,4.39,5.06,26.56,9.59,11.15,6.32,12.27,3.211,23.72,27.44,30.14
2013,AUT,9.386,1.44,74.56,19.96,61.84,18.2,3.33,5.95,1.88,0.78,10.04,3.8,6.7,21.77,9.92,10.14,12.62,13.07,2.683,24.71,32.01,34.38
2013,NOR,11.656,1.78,79.63,24.7,59.52,15.78,4.1,5.08,2.32,0.52,12.39,2.95,6.29,21.96,11.11,11.09,6.37,15.83,3.069,25.09,27.75,29.21
2013,IRL,14.958,1.94,66.47,27.7,59.97,12.33,5.59,3.89,2.74,1.81,10.44,5.21,4.3,23.13,8.04,7.35,15.09,12.43,2.871,17.42,21.76,26.75
2013,EST,10.249,1.53,73.32,20.49,61.3,18.2,9.01,6.57,2.89,0.67,20.25,2.85,3.83,19.12,7.32,7.61,7.39,12.48,1.829,14.67,18.88,19.49
2013,CHE,10.291,1.52,80.81,20.38,62.12,17.5,3.86,2.58,2.53,1.0,8.73,15.06,3.66,24.87,10.96,7.87,8.98,9.9,1.423,10.81,17.13,17.37
2013,GRC,8.555,1.3,52.87,19.63,60.09,20.27,4.99,4.2,3.64,2.09,15.95,4.1,3.52,22.14,8.05,4.97,15.15,11.2,1.342,23.64,24.46,24.88
2013,LVA,10.177,1.53,69.69,19.33,61.75,18.92,7.1,5.55,2.82,1.77,20.42,4.21,3.59,21.52,7.71,8.42,5.55,11.33,1.883,23.26,29.69,30.13
2013,SWE,11.887,1.88,79.75,22.74,57.99,19.27,3.61,4.76,3.01,0.31,12.39,3.23,5.52,26.26,11.35,10.94,6.15,12.47,3.56,19.94,24.0,25.1
2013,ESP,9.086,1.28,58.62,19.77,62.34,17.89,4.24,4.38,2.6,1.7,13.38,3.98,4.61,24.43,8.67,6.99,13.45,11.57,1.306,18.92,21.13,22.92
2013,SVK,10.132,1.35,65.02,21.06,65.6,13.34,5.53,3.94,3.44,1.65,15.83,2.49,6.07,30.65,9.28,9.61,4.98,6.53,1.685,15.42,21.6,22.96
2013,DEU,8.47,1.42,77.31,18.23,60.96,20.81,3.26,4.93,2.46,0.83,10.15,5.14,6.37,25.23,12.83,10.5,4.99,13.3,2.161,30.88,37.24,39.49
2013,LUX,11.387,1.55,71.08,22.86,63.12,14.03,8.49,5.27,1.62,0.86,8.59,2.66,6.95,23.2,12.25,6.97,7.54,15.6,3.312,15.45,23.85,29.53
2013,ISL,13.441,1.93,81.53,27.92,58.82,13.26,4.37,3.59,2.21,1.22,14.14,2.89,6.71,24.5,7.49,9.67,8.95,14.28,3.429,26.51,27.16,29.05
2014,ISL,13.434,1.93,81.98,27.59,58.86,13.55,4.27,3.42,2.22,1.21,14.03,2.83,6.47,24.29,7.27,10.16,9.67,14.16,3.518,26.9,27.09,28.91
2014,LUX,11.043,1.5,72.05,22.59,63.28,14.13,9.45,5.19,1.57,0.88,8.44,2.23,6.66,23.52,12.51,6.88,7.48,15.18,3.233,16.13,24.33,30.0
2014,DEU,8.852,1.48,77.71,18.17,60.87,20.96,3.23,4.93,2.39,0.86,10.45,5.14,6.25,24.72,12.97,10.39,5.15,13.52,2.173,31.06,37.29,39.54
2014,SVK,10.161,1.37,65.92,20.8,65.45,13.75,5.7,3.92,3.28,1.69,15.06,2.52,6.12,31.46,9.15,9.84,4.88,6.4,1.679,15.77,21.79,23.12
2014,ESP,9.164,1.32,59.9,19.76,61.96,18.28,4.22,4.46,2.46,1.71,13.22,4.05,4.5,23.96,9.15,6.98,13.48,11.81,1.268,19.0,21.2,22.99
2014,SWE,11.914,1.88,79.95,22.68,57.8,19.52,3.57,4.76,3.07,0.3,12.32,3.27,5.66,25.95,11.48,10.78,6.36,12.49,3.565,19.39,23.35,24.39
2014,LVA,10.865,1.65,70.72,19.35,61.42,19.23,6.9,5.38,2.68,1.73,19.61,4.61,3.75,22.09,7.48,8.82,5.33,11.63,2.024,20.83,29.07,29.55
2014,GRC,8.433,1.3,53.32,19.55,59.76,20.69,5.14,4.33,3.35,2.17,15.82,3.81,3.07,21.29,8.47,5.2,15.66,11.69,1.384,23.4,24.22,24.63
2014,CHE,10.478,1.54,81.15,20.26,62.05,17.7,3.76,2.62,2.57,0.96,8.86,15.53,3.64,24.96,10.65,7.74,8.87,9.82,1.483,10.2,16.74,16.99
2014,EST,10.299,1.55,74.3,20.49,60.94,18.57,8.97,6.63,2.81,0.58,20.88,2.95,3.9,18.52,7.28,7.81,7.63,12.04,2.257,15.06,19.06,19.64
2014,IRL,14.51,1.9,68.14,27.73,59.58,12.69,5.52,3.89,2.8,1.77,9.7,4.98,4.53,23.23,8.14,7.09,15.43,12.93,2.584,17.68,21.99,26.94
2014,NOR,11.543,1.75,79.57,24.48,59.49,16.03,4.1,5.01,2.19,0.53,12.45,3.01,6.37,21.86,11.14,11.22,6.49,15.63,3.14,24.72,27.31,28.7
2014,AUT,9.606,1.46,74.17,19.71,61.87,18.42,3.28,6.02,1.86,0.83,9.98,3.85,6.74,21.92,10.19,10.06,12.81,12.45,2.645,25.08,32.32,34.68
2014,FIN,10.499,1.71,73.15,22.08,58.26,19.66,4.87,4.43,2.39,0.38,12.53,4.27,4.99,27.2,9.95,10.85,6.24,11.9,3.18,24.15,27.84,30.59
2014,SVN,10.269,1.58,67.74,19.31,63.01,17.68,5.45,5.24,3.21,1.3,14.98,3.89,5.14,19.73,9.69,8.49,6.87,16.0,1.865,23.98,31.42,33.25
2014,ITA,8.329,1.38,59.9,18.58,59.73,21.68,4.1,6.19,2.43,0.99,14.27,3.41,6.22,23.35,10.24,6.52,9.82,12.46,1.396,23.26,27.92,31.03
2014,PRT,7.886,1.23,66.06,19.81,59.97,20.22,3.19,6.26,2.51,1.62,17.32,4.77,5.06,19.08,10.85,5.72,11.35,12.29,1.228,17.34,21.99,25.46
2014,HUN,9.47,1.44,68.74,19.8,62.53,17.67,7.58,3.26,3.73,1.69,17.87,4.44,4.35,20.0,8.83,7.06,7.47,13.71,2.873,23.53,34.5,34.5
2014,DNK,10.106,1.68,74.77,23.38,58.17,18.45,3.69,4.35,1.94,0.74,11.47,2.88,5.04,29.54,11.69,11.14,5.7,11.83,3.62,30.78,34.62,35.63
2014,NLD,10.409,1.71,76.28,22.75,59.68,17.57,3.23,5.25,3.12,0.68,11.19,3.45,5.22,23.77,13.02,9.93,7.3,11.87,1.324,23.07,27.94,30.26
2014,GBR,12.011,1.82,75.42,23.53,58.87,17.6,3.61,5.12,2.14,1.88,8.23,2.13,4.41,26.79,12.19,9.4,10.14,14.15,3.485,18.9,21.92,23.59
2014,LTU,9.961,1.57,71.82,20.51,60.9,18.58,7.22,5.82,2.48,0.55,23.0,4.56,6.18,16.8,8.27,7.44,2.88,14.79,1.581,19.98,21.52,22.57
2014,FRA,12.383,2.0,69.25,24.63,57.18,18.19,3.82,3.98,2.62,0.45,13.44,4.24,4.92,26.51,12.11,8.03,6.79,13.12,2.979,23.07,27.75,28.62
2014,POL,9.868,1.33,66.5,20.39,64.61,15.0,6.28,5.33,2.5,1.02,17.85,5.39,4.7,21.64,12.3,6.17,2.99,13.84,1.398,21.54,24.53,24.88
2015,POL,9.717,1.33,67.76,20.2,64.28,15.52,6.23,5.13,2.54,1.02,17.5,5.21,4.9,21.85,12.12,6.79,3.16,13.55,1.508,21.72,24.6,24.94
2015,FRA,12.033,1.96,69.53,24.59,56.78,18.63,3.81,3.92,2.57,0.46,13.38,4.21,4.92,26.45,12.47,7.96,6.82,12.98,2.924,23.16,27.96,29.01
2015,LTU,10.273,1.63,73.35,20.34,60.8,18.86,7.04,6.02,2.69,0.54,22.62,4.73,6.46,15.91,8.49,7.78,3.25,14.49,1.624,20.37,21.87,22.86
2015,GBR,11.938,1.81,76.54,23.45,58.79,17.76,3.38,5.25,2.14,2.04,7.86,2.14,4.62,26.97,11.88,9.51,10.33,13.92,3.439,18.73,21.72,23.42
2015,NLD,10.089,1.66,77.29,22.57,59.45,17.98,3.24,5.32,3.0,0.69,11.25,3.4,5.27,23.93,12.64,9.82,7.59,11.75,1.438,23.22,28.03,30.26
2015,DNK,10.284,1.7,75.55,23.07,58.19,18.74,3.55,4.29,2.03,0.78,11.41,2.91,5.21,29.27,11.76,11.43,5.64,11.73,3.53,31.1,34.9,35.89
2015,HUN,9.386,1.46,70.93,19.64,62.34,18.02,7.37,3.62,3.8,1.71,18.03,4.33,4.44,20.17,8.64,7.11,8.0,12.78,2.712,23.95,34.5,34.5
2015,PRT,8.225,1.31,67.89,19.64,59.7,20.66,3.08,6.48,2.4,1.54,17.16,5.01,4.96,18.75,10.71,5.87,11.69,12.36,1.201,16.1,23.72,26.9
2015,ITA,8.057,1.36,60.53,18.48,59.52,22.0,4.16,6.17,2.42,0.99,14.27,3.53,6.2,23.22,10.17,6.63,9.98,12.28,1.386,22.76,27.37,31.09
2015,SVN,10.006,1.58,69.1,19.38,62.46,18.15,5.47,5.13,3.05,1.29,14.94,3.86,4.74,19.78,10.07,8.79,6.84,16.04,1.798,24.06,31.48,33.33
2015,FIN,10.138,1.65,72.93,21.9,57.89,20.21,4.75,4.37,2.39,0.4,12.15,4.3,4.89,27.98,10.14,10.63,6.32,11.68,3.103,24.57,28.1,30.85
2015,AUT,9.829,1.49,74.26,19.59,61.91,18.5,3.28,6.0,1.9,0.84,10.01,3.87,6.69,22.07,10.31,10.06,12.91,12.05,2.678,25.54,32.69,35.04
2015,NOR,11.385,1.73,79.08,24.27,59.45,16.28,4.06,4.98,2.15,0.43,12.2,3.05,6.31,22.38,10.95,11.23,6.72,15.56,3.246,24.65,27.16,28.54
2015,IRL,14.011,1.86,69.89,27.69,59.3,13.02,5.33,4.01,2.78,1.73,9.43,5.13,4.47,24.05,8.24,7.13,14.54,13.17,1.923,16.67,21.11,26.04
2015,EST,10.577,1.58,76.43,20.57,60.54,18.89,8.89,6.73,2.66,0.55,20.62,3.05,4.32,18.12,7.91,8.19,7.69,11.27,2.736,11.23,17.89,18.45
2015,CHE,10.508,1.54,81.66,20.16,61.97,17.87,3.79,2.62,2.56,0.97,8.83,16.03,3.57,25.1,10.71,7.67,8.67,9.49,1.628,10.15,16.71,16.95
2015,GRC,8.459,1.33,54.9,19.44,59.48,21.08,5.17,4.3,3.26,2.02,15.86,3.76,2.84,21.54,8.24,5.09,16.29,11.63,1.287,21.93,22.78,23.73
2015,LVA,11.066,1.71,72.52,19.52,60.97,19.51,7.21,5.7,2.7,1.52,18.35,4.73,3.95,21.28,6.66,9.61,6.26,12.03,2.263,20.25,28.5,28.93
2015,SWE,11.785,1.85,80.47,22.7,57.6,19.7,3.53,4.81,3.2,0.3,12.34,3.31,5.81,25.63,11.36,10.76,6.45,12.5,3.48,19.63,23.54,24.58
2015,ESP,9.013,1.33,61.97,19.76,61.7,18.54,4.11,4.46,2.42,1.64,13.19,4.03,4.65,23.19,9.16,7.22,13.94,12.01,1.227,17.23,19.42,21.27
2015,SVK,10.256,1.41,67.65,20.65,65.14,14.2,5.74,3.95,3.33,1.68,15.3,2.59,6.12,30.46,9.05,9.99,5.12,6.7,1.615,16.1,21.97,23.27
2015,DEU,9.084,1.5,77.96,18.26,60.7,21.05,3.36,4.7,2.32,0.88,10.6,5.09,6.47,24.51,13.0,10.67,5.21,13.2,2.21,31.21,37.42,39.68
2015,LUX,10.862,1.47,70.94,22.33,63.46,14.2,7.64,5.2,1.6,0.91,9.04,2.71,6.47,23.78,13.71,6.96,7.79,14.19,3.167,17.12,25.19,30.84
2015,ISL,12.546,1.81,83.95,27.23,58.89,13.88,4.1,3.34,2.26,1.2,13.82,2.8,6.16,24.03,7.09,10.34,10.79,14.08,3.285,27.62,27.62,29.35
2016,ISL,12.131,1.75,85.54,26.78,59.09,14.12,4.08,3.14,2.12,1.14,13.11,2.62,5.78,22.98,6.94,11.04,13.04,14.01,3.194,27.51,27.51,29.04
2016,LUX,10.499,1.42,70.67,22.05,63.72,14.23,8.12,5.09,1.56,0.92,9.11,2.85,6.32,23.55,13.74,6.87,7.7,14.15,3.06,17.45,25.43,31.02
2016,DEU,9.64,1.6,78.62,18.39,60.47,21.14,3.29,4.68,2.32,0.91,10.6,5.07,6.54,24.23,12.85,10.78,5.3,13.42,2.261,31.34,37.48,39.74
2016,SVK,10.607,1.49,69.81,20.59,64.7,14.72,5.71,3.93,3.29,1.65,15.22,2.58,6.17,30.23,8.95,10.2,5.35,6.72,1.649,16.49,22.2,23.46
2016,ESP,8.805,1.33,63.87,19.75,61.47,18.78,4.18,4.54,2.52,1.63,12.82,3.9,4.79,22.56,9.58,7.38,14.32,11.79,1.198,17.21,19.41,21.25
2016,SWE,11.92,1.86,81.16,22.83,57.4,19.77,3.48,4.53,2.99,0.31,12.46,3.24,5.97,25.66,11.19,10.79,6.65,12.74,3.505,20.02,23.83,24.88
2016,LVA,11.157,1.74,73.22,19.8,60.44,19.76,7.49,5.32,2.75,1.7,17.89,4.64,3.77,21.21,6.75,9.52,6.64,12.32,2.328,20.13,28.25,28.87
2016,GRC,8.615,1.38,56.19,19.41,59.18,21.4,5.37,4.29,3.59,1.99,15.53,3.73,2.68,21.96,8.49,5.01,15.63,11.73,1.265,22.69,24.11,25.07
2016,CHE,10.554,1.55,82.02,20.11,61.87,18.02,3.69,2.66,2.54,0.97,8.82,16.65,3.48,25.38,10.65,7.33,8.59,9.23,1.611,10.58,16.98,17.21
2016,EST,10.679,1.61,76.51,20.69,60.13,19.18,8.43,6.96,2.55,0.51,20.23,3.32,4.35,17.96,8.01,8.41,7.97,11.3,2.845,11.1,17.8,18.37
2016,IRL,13.508,1.82,71.42,27.57,59.14,13.29,5.32,3.87,2.6,1.78,9.28,5.07,4.19,23.76,8.22,7.12,15.8,12.99,1.94,16.16,20.66,25.42
2016,NOR,11.295,1.71,78.59,24.1,59.38,16.52,4.03,4.97,2.16,0.43,12.15,3.07,6.28,22.46,10.8,11.48,6.82,15.36,3.345,24.05,26.53,27.91
2016,AUT,10.077,1.53,74.81,19.61,61.89,18.51,3.23,5.98,1.93,0.88,9.8,3.88,6.72,22.12,10.28,9.99,13.22,11.96,2.665,22.49,29.86,32.11
2016,FIN,9.625,1.57,73.46,21.75,57.57,20.68,4.69,4.26,2.4,0.4,11.85,4.44,4.75,28.42,10.2,10.51,6.43,11.65,3.028,24.42,27.9,30.78
2016,SVN,9.856,1.59,70.06,19.45,61.87,18.68,5.23,5.69,2.92,1.26,14.72,3.82,4.94,19.7,9.77,8.91,7.25,15.79,1.741,23.79,31.59,33.46
2016,ITA,7.869,1.35,61.56,18.36,59.37,22.28,4.22,6.12,2.39,1.01,14.25,3.49,6.21,22.9,10.25,6.73,10.08,12.35,1.37,22.81,27.4,31.11
2016,PRT,8.403,1.36,69.5,19.47,59.43,21.1,3.2,6.38,2.46,1.53,16.93,5.29,4.78,18.32,10.57,5.54,12.22,12.78,1.213,18.7,23.39,26.21
2016,HUN,9.751,1.54,73.7,19.53,62.09,18.38,7.16,3.64,3.79,1.78,17.43,4.33,4.6,20.21,8.62,7.21,8.47,12.76,2.654,22.41,33.5,33.5
2016,DNK,10.796,1.78,76.12,22.87,58.15,18.97,3.48,4.26,2.07,0.8,11.5,2.89,5.3,28.98,11.58,11.62,5.93,11.59,3.489,31.09,34.88,35.87
2016,NLD,10.161,1.66,78.08,22.42,59.25,18.33,3.22,5.22,2.81,0.69,11.2,3.44,5.41,23.77,12.67,9.72,7.9,11.54,1.476,21.57,27.12,30.22
2016,GBR,11.808,1.79,76.9,23.38,58.71,17.9,3.19,5.24,2.34,2.1,7.97,2.15,4.57,26.94,12.17,9.23,10.4,13.84,3.319,18.88,21.78,23.46
2016,LTU,10.193,1.63,75.18,20.24,60.61,19.15,6.59,5.94,2.81,0.51,22.22,4.42,6.57,16.07,8.87,8.24,3.64,14.12,1.714,19.0,21.76,22.97
2016,FRA,11.77,1.92,69.97,24.49,56.43,19.07,3.77,3.85,2.5,0.46,13.42,4.19,4.93,26.43,12.39,7.99,6.96,13.13,2.891,22.75,28.03,29.03
2016,POL,10.068,1.39,69.3,20.06,63.84,16.1,6.39,5.23,2.43,0.93,17.81,5.54,5.12,20.9,12.63,6.72,3.28,13.03,2.537,16.23,24.67,25.0
2017,POL,10.586,1.49,70.89,20.02,63.32,16.66,6.14,5.2,2.61,0.82,17.82,5.47,5.18,20.05,12.28,6.73,3.56,14.13,2.606,15.15,24.8,25.11
2017,FRA,11.526,1.89,70.57,24.39,56.13,19.47,3.73,3.81,2.41,0.49,13.29,4.11,4.91,26.23,12.43,7.97,7.19,13.65,2.864,22.68,28.05,28.99
2017,LTU,9.762,1.57,75.98,20.16,60.36,19.48,6.26,5.89,2.85,0.49,21.62,4.25,6.67,15.48,8.98,8.4,4.05,15.07,1.779,16.73,20.95,22.69
2017,GBR,11.444,1.74,77.75,23.28,58.67,18.05,3.31,5.1,2.28,2.12,8.09,2.13,4.79,26.12,11.97,9.63,10.66,13.78,3.218,19.02,21.8,23.49
2017,NLD,9.943,1.62,79.01,22.26,59.06,18.68,3.11,5.2,2.64,0.68,11.17,3.34,5.52,23.25,12.39,9.72,8.2,11.54,1.466,21.67,27.2,30.33
2017,DNK,10.68,1.75,76.64,22.68,58.13,19.2,3.49,4.17,2.04,0.81,11.58,2.87,5.5,28.47,11.64,11.81,6.04,11.57,3.404,31.05,34.8,35.81
2017,HUN,9.717,1.56,75.4,19.49,61.81,18.7,7.28,3.73,3.61,1.71,17.78,4.16,4.71,20.09,8.55,7.25,8.46,12.66,2.584,22.6,33.5,33.5
2017,PRT,8.329,1.38,72.46,19.28,59.16,21.56,3.15,6.19,2.35,1.53,16.68,5.22,4.8,17.67,10.57,5.63,12.94,13.26,1.208,19.03,23.47,26.12
2017,ITA,7.627,1.33,62.34,18.22,59.26,22.52,4.2,6.07,2.39,0.96,14.31,3.53,6.14,22.6,10.2,6.71,10.27,12.6,1.402,22.84,27.43,31.14
2017,SVN,9.798,1.62,73.41,19.48,61.37,19.15,5.14,5.48,2.81,1.22,14.32,3.8,4.87,19.32,9.92,9.09,7.41,16.62,1.861,24.65,32.38,33.72
2017,FIN,9.144,1.49,74.28,21.6,57.26,21.14,4.63,4.24,2.42,0.39,11.65,4.45,4.66,28.75,9.98,10.43,6.51,11.88,2.885,23.87,27.29,30.25
2017,AUT,9.989,1.52,75.4,19.51,61.88,18.61,3.22,5.85,1.88,0.92,9.77,3.85,6.66,22.28,9.99,9.97,13.41,12.21,2.622,22.95,30.19,32.43
2017,NOR,10.77,1.63,78.27,23.91,59.31,16.78,3.98,4.89,2.17,0.44,11.69,3.13,6.19,22.41,10.88,11.49,7.06,15.67,3.215,23.71,26.14,27.54
2017,IRL,12.882,1.77,73.06,27.44,59.0,13.56,5.18,3.86,2.49,1.7,9.28,5.0,4.3,24.36,8.77,7.08,15.43,12.53,1.784,16.23,20.66,25.33
2017,EST,10.477,1.6,78.67,20.82,59.72,19.47,8.04,6.57,2.47,0.53,20.01,3.31,4.34,17.89,8.37,8.69,8.11,11.66,2.767,11.56,17.83,18.4
2017,CHE,10.378,1.53,82.13,20.07,61.75,18.18,3.56,2.65,2.49,0.99,8.8,16.71,3.44,25.26,11.05,7.24,8.67,9.12,1.624,10.63,17.0,17.23
2017,GRC,8.224,1.35,57.76,19.44,58.9,21.66,4.59,4.13,3.66,2.03,15.85,3.86,2.65,21.35,8.11,5.2,16.5,12.07,1.645,22.76,24.19,25.15
2017,LVA,10.68,1.7,74.76,20.12,59.88,20.0,7.3,5.24,2.71,1.66,17.73,4.79,3.89,20.85,7.13,9.63,6.71,12.37,2.328,20.98,28.48,29.21
2017,SWE,11.547,1.79,81.8,23.02,57.18,19.8,3.4,4.37,3.19,0.31,12.35,3.15,5.95,25.54,10.93,11.0,6.96,12.84,3.494,20.23,23.94,25.0
2017,ESP,8.415,1.3,65.55,19.72,61.27,19.01,3.99,4.39,2.53,1.58,12.36,4.01,4.75,22.02,9.59,7.46,14.9,12.43,1.215,17.11,19.29,21.1
2017,SVK,10.665,1.53,71.11,20.57,64.18,15.26,5.52,4.06,3.27,1.59,16.41,2.51,6.23,28.6,9.12,10.26,5.77,6.66,1.695,16.99,22.49,23.7
2017,DEU,9.511,1.58,79.21,18.43,60.26,21.3,3.25,4.69,2.3,0.91,10.62,5.11,6.46,24.13,12.63,10.99,5.34,13.56,2.272,31.37,37.49,39.74
2017,LUX,10.453,1.4,71.53,21.75,63.97,14.28,7.93,4.87,1.53,0.93,8.91,2.93,6.65,23.22,14.3,6.68,7.93,14.14,3.145,15.33,23.16,29.01
2017,ISL,12.032,1.71,84.89,26.25,59.54,14.21,3.98,3.03,1.99,1.1,12.5,2.56,5.35,22.91,6.74,11.4,14.05,14.37,3.222,26.75,26.9,28.31
2018,ISL,12.134,1.71,83.84,25.75,59.91,14.33,3.85,3.12,2.12,1.05,12.42,2.53,5.23,22.97,6.78,11.78,14.21,13.96,3.313,26.54,26.97,28.37
2018,LUX,10.422,1.39,72.07,21.55,64.09,14.35,7.97,4.62,1.44,0.89,8.73,3.08,6.56,22.6,14.52,6.58,7.84,15.17,3.267,16.08,23.71,29.58
2018,DEU,9.512,1.57,79.92,18.42,60.11,21.47,3.24,4.43,2.26,0.91,10.73,5.13,6.26,24.04,12.62,10.88,5.45,14.03,2.32,31.43,37.43,39.68
2018,SVK,10.589,1.55,72.42,20.59,63.63,15.78,5.45,4.19,3.24,1.54,16.6,2.5,6.36,27.95,9.16,10.17,6.01,6.83,1.642,17.64,22.86,24.01
2018,ESP,7.95,1.25,67.01,19.66,61.14,19.21,3.9,4.14,2.57,1.55,12.5,4.11,4.64,21.93,9.86,7.45,14.75,12.6,1.228,17.3,19.45,21.26
2018,SWE,11.446,1.76,82.37,23.19,56.95,19.86,3.38,4.19,3.22,0.31,12.48,3.16,5.93,25.84,10.8,11.17,6.8,12.72,3.569,19.86,24.01,25.08
2018,LVA,9.985,1.61,76.84,20.4,59.42,20.18,7.77,5.11,2.72,1.76,17.99,4.68,3.75,20.8,6.55,9.83,6.71,12.31,2.32,19.91,27.31,28.74
2018,GRC,8.048,1.35,59.47,19.43,58.66,21.91,4.74,4.04,3.52,2.04,15.47,4.21,2.6,20.62,7.68,5.55,17.09,12.43,1.867,22.12,24.5,25.47
2018,CHE,10.355,1.52,82.49,20.02,61.61,18.37,3.49,2.49,2.46,1.02,8.8,16.56,3.5,25.15,11.67,6.91,8.67,9.27,1.596,10.81,17.12,17.38
2018,EST,10.891,1.68,79.43,20.96,59.37,19.68,7.81,6.43,2.42,0.51,19.59,3.31,4.37,18.01,8.89,8.79,8.13,11.75,3.058,6.28,12.71,14.6
2018,IRL,12.567,1.75,74.32,27.28,58.87,13.85,4.79,3.95,2.48,1.63,9.11,4.92,4.3,25.19,8.7,7.14,15.46,12.35,1.699,16.79,21.05,25.62
2018,NOR,10.409,1.57,79.2,23.69,59.23,17.09,3.94,4.95,2.36,0.44,11.6,3.02,6.07,22.85,10.55,11.86,6.85,15.54,3.052,23.64,26.0,27.4
2018,AUT,9.695,1.48,76.15,19.42,61.8,18.77,3.21,5.68,1.92,0.97,9.72,3.81,6.57,22.25,9.91,10.0,13.51,12.45,2.562,23.4,30.56,32.79
2018,FIN,8.63,1.41,76.41,21.44,56.95,21.61,4.71,4.21,2.36,0.4,11.56,4.44,4.5,28.87,10.11,10.21,6.61,12.02,2.889,24.19,27.37,30.35
2018,SVN,9.476,1.61,75.44,19.54,60.79,19.68,4.9,5.37,2.84,1.24,14.01,3.89,4.89,18.92,10.18,9.21,7.57,16.97,1.827,24.87,32.5,34.07
2018,ITA,7.337,1.3,63.04,18.06,59.18,22.76,4.17,6.16,2.26,0.91,14.21,3.52,6.16,22.49,10.24,6.68,10.26,12.92,1.404,23.0,27.55,31.22
2018,PRT,8.419,1.42,74.64,19.07,58.93,22.0,3.19,6.0,2.16,1.58,16.35,5.2,4.84,17.44,10.62,5.64,13.55,13.44,1.187,18.51,22.84,25.27
2018,HUN,9.622,1.56,74.5,19.47,61.49,19.03,7.29,3.75,3.1,1.77,17.46,4.05,4.87,20.25,8.37,7.37,8.81,12.9,2.495,22.75,33.5,33.5
2018,DNK,10.634,1.73,77.67,22.51,58.02,19.46,3.36,4.13,2.05,0.81,11.4,2.87,5.44,28.4,11.37,11.73,6.23,12.21,3.387,30.95,34.63,35.74
2018,NLD,9.809,1.59,80.16,22.06,58.93,19.01,3.05,4.96,2.4,0.66,10.92,3.28,5.56,23.26,12.56,9.62,8.38,11.97,1.467,21.89,27.41,30.53
2018,GBR,11.028,1.68,77.95,23.19,58.61,18.2,3.32,5.05,2.15,2.15,8.12,2.11,4.86,25.99,11.97,9.5,10.59,14.17,3.012,19.07,21.78,23.47
2018,LTU,9.48,1.53,77.83,20.06,60.24,19.71,5.78,5.95,2.73,0.48,20.72,4.29,6.96,15.42,9.37,8.43,4.24,15.62,2.248,16.44,20.3,22.15
2018,FRA,11.327,1.87,71.3,24.28,55.88,19.84,3.77,3.61,2.38,0.48,13.1,4.03,4.6,26.13,12.55,7.89,7.43,14.04,2.797,22.15,27.38,28.42
2018,POL,10.221,1.46,72.17,20.02,62.75,17.23,6.1,5.17,2.43,0.86,17.39,5.76,5.15,19.4,13.23,6.84,3.75,13.92,2.47,15.29,24.93,25.22
2019,POL,9.874,1.44,73.27,20.02,62.17,17.81,6.09,5.44,2.33,0.81,17.39,5.69,5.23,19.52,13.01,6.62,3.95,13.92,2.992,12.61,24.7,24.99
2019,FRA,11.205,1.86,71.57,24.13,55.67,20.2,3.78,3.54,2.35,0.49,13.1,3.98,4.59,26.25,12.3,7.94,7.69,14.05,2.719,21.78,26.86,28.01
2019,LTU,8.88,1.44,78.2,19.91,60.26,19.83,5.88,5.79,2.71,0.51,20.14,4.66,6.97,15.25,9.52,8.5,4.51,15.56,2.441,30.69,35.36,36.54
2019,GBR,10.694,1.48,78.6,23.08,58.52,18.4,3.18,5.15,2.08,2.16,8.08,2.12,4.88,25.77,11.95,9.87,10.62,14.22,2.435,19.04,21.67,23.37
2019,NLD,9.818,1.57,81.1,21.81,58.85,19.33,2.92,4.95,2.3,0.64,11.03,3.25,5.63,23.45,12.38,9.58,8.61,11.9,1.543,20.46,26.09,29.39
2019,DNK,10.535,1.7,78.49,22.3,57.97,19.73,3.36,4.06,2.02,0.81,11.32,2.88,5.38,28.09,11.52,11.83,6.36,12.39,3.323,31.17,34.77,35.87
2019,HUN,9.598,1.57,75.45,19.46,61.04,19.5,7.44,3.57,2.82,1.83,17.2,3.98,5.07,20.65,8.44,7.46,8.97,12.57,2.372,23.08,33.5,33.5
2019,PRT,8.378,1.43,75.4,18.81,58.72,22.47,3.05,5.81,2.31,1.56,16.07,5.39,4.8,17.35,10.42,5.71,13.95,13.59,1.208,19.13,23.29,25.85
2019,ITA,7.023,1.26,63.61,17.87,59.07,23.06,4.2,5.98,2.15,0.91,14.27,3.54,6.12,22.46,10.28,6.71,10.39,12.99,1.407,23.32,27.79,31.46
2019,SVN,9.288,1.61,76.44,19.54,60.43,20.03,4.7,5.5,2.76,1.24,14.08,3.84,5.06,18.27,10.2,9.46,7.79,17.11,1.827,25.35,32.89,34.38
2019,FIN,8.266,1.35,77.28,21.24,56.7,22.06,4.71,4.27,2.38,0.4,11.39,4.37,4.51,29.21,10.06,10.12,6.74,11.84,2.906,24.19,27.3,30.32
2019,AUT,9.59,1.47,76.79,19.34,61.7,18.96,3.18,5.57,1.87,1.01,9.69,3.82,6.59,22.51,10.0,9.91,13.69,12.15,2.524,20.88,30.98,33.21
2019,NOR,10.228,1.54,79.47,23.41,59.19,17.4,3.85,4.74,2.29,0.45,11.42,3.07,6.11,22.96,10.78,11.71,7.06,15.55,3.157,23.44,25.88,27.29
2019,IRL,12.001,1.69,75.47,26.98,58.88,14.14,5.09,4.0,2.39,1.66,9.12,4.99,4.27,25.33,8.34,6.94,15.65,12.2,1.609,19.68,23.49,27.61
2019,EST,10.642,1.67,80.06,21.11,58.99,19.9,7.23,6.22,2.41,0.51,19.3,3.48,4.42,18.5,9.11,8.87,8.16,11.79,3.128,7.25,13.69,15.74
2019,CHE,10.085,1.49,82.95,19.98,61.46,18.56,3.51,2.42,2.5,1.06,8.89,16.82,3.54,25.34,11.06,6.75,8.78,9.32,1.642,11.03,17.24,17.5
2019,GRC,7.81,1.33,61.19,19.4,58.45,22.15,4.45,4.07,3.55,2.08,15.53,3.73,2.69,20.79,7.5,5.8,17.65,12.14,1.562,22.27,24.61,25.56
2019,LVA,9.785,1.61,77.36,20.61,59.01,20.39,7.66,5.14,2.58,1.72,17.99,5.07,3.82,21.1,6.41,10.27,6.52,11.72,2.337,19.52,27.16,28.58
2019,SWE,11.195,1.72,82.12,23.27,56.78,19.95,3.32,4.08,2.93,0.31,12.4,3.11,6.0,25.92,10.85,11.43,6.73,12.92,3.512,19.23,23.42,24.54
2019,ESP,7.646,1.23,68.03,19.54,61.08,19.38,3.87,4.08,2.5,1.54,12.51,4.2,4.5,22.0,9.98,7.54,14.98,12.31,1.281,17.39,19.46,21.29
2019,SVK,10.468,1.57,73.4,20.62,63.07,16.31,5.42,4.17,3.21,1.52,16.87,2.57,6.29,28.08,8.83,9.84,6.61,6.6,1.781,17.96,23.04,24.17
2019,DEU,9.372,1.55,80.65,18.43,59.93,21.65,3.22,4.33,2.22,0.9,10.77,5.21,6.37,24.0,12.52,10.83,5.53,14.1,2.37,30.97,36.97,39.22
2019,LUX,10.148,1.34,72.75,21.39,64.17,14.44,8.0,4.67,1.43,0.87,8.61,3.52,6.5,22.19,14.8,6.63,7.97,14.82,3.329,16.66,24.14,29.96
2019,ISL,12.471,1.75,83.46,25.46,59.96,14.57,3.89,3.25,2.6,1.02,12.24,2.57,5.09,23.52,6.96,11.97,13.92,12.97,3.362,26.5,26.89,28.3
2020,ISL,12.391,1.73,80.06,25.35,59.76,14.89,4.86,3.5,3.06,1.12,13.68,2.86,6.19,26.72,7.83,9.6,8.54,12.04,3.936,25.96,26.74,28.22
2020,LUX,10.316,1.37,72.12,21.25,64.2,14.56,9.19,4.44,1.53,0.97,10.31,3.57,6.84,24.19,14.33,6.05,5.76,12.82,3.756,18.41,25.48,31.12
2020,DEU,9.296,1.54,79.18,18.44,59.7,21.86,3.61,3.94,2.31,0.83,11.86,5.56,7.14,25.62,12.76,9.51,3.87,12.99,2.745,29.49,36.42,38.64
2020,SVK,10.38,1.59,72.47,20.67,62.5,16.83,5.24,4.23,3.13,1.35,19.82,2.46,6.23,29.68,9.1,8.13,5.79,4.85,1.988,17.26,22.37,23.6
2020,ESP,7.199,1.18,65.73,19.38,61.1,19.52,4.75,3.3,2.84,1.78,15.83,4.75,4.67,25.61,11.02,5.63,9.47,10.35,1.524,16.34,18.51,20.73
2020,SWE,10.949,1.68,80.77,23.27,56.67,20.06,3.61,3.72,3.03,0.32,13.32,3.07,6.56,26.48,11.4,11.34,5.83,11.31,3.54,19.4,23.51,24.63
2020,LVA,9.201,1.55,77.02,20.74,58.61,20.66,8.43,5.35,2.65,1.78,19.93,5.4,4.2,22.35,6.48,8.5,4.76,10.16,2.491,18.96,26.55,28.33
2020,GRC,7.908,1.38,61.14,19.33,58.26,22.41,5.01,3.54,4.91,2.24,19.06,4.47,2.89,25.56,8.1,4.58,9.84,9.8,1.664,19.99,22.67,23.85
2020,CHE,9.983,1.47,82.47,19.93,61.34,18.73,3.86,2.28,2.67,1.09,9.87,17.33,3.53,26.7,11.44,6.05,6.54,8.63,1.745,11.41,17.51,17.8
2020,EST,9.939,1.59,78.99,21.23,58.58,20.19,8.05,6.06,2.74,0.52,21.22,3.69,5.03,18.87,9.58,8.59,5.79,9.86,3.286,7.74,14.03,16.13
2020,IRL,11.164,1.6,73.84,26.66,58.9,14.44,6.28,3.94,2.82,1.82,10.36,5.07,4.12,28.28,9.99,6.39,10.52,10.41,1.511,20.24,23.97,28.02
2020,NOR,9.87,1.48,78.82,23.11,59.16,17.73,4.72,4.68,2.43,0.45,13.4,3.26,7.06,23.02,10.7,11.25,5.47,13.55,3.384,23.7,26.11,27.47
2020,AUT,9.392,1.44,75.5,19.26,61.56,19.18,3.81,4.98,2.1,0.94,11.41,3.95,7.14,25.41,10.36,8.94,10.35,10.63,2.877,19.5,30.34,32.71
2020,FIN,8.409,1.37,76.56,21.04,56.47,22.49,5.23,3.53,2.56,0.38,12.66,4.47,4.8,31.01,10.46,9.24,5.24,10.41,3.019,24.93,27.91,30.97
2020,SVN,8.954,1.59,75.61,19.54,59.99,20.47,5.02,5.12,3.12,1.18,15.9,4.41,5.56,20.81,11.14,7.82,5.71,14.21,1.94,25.43,32.63,33.99
2020,ITA,6.789,1.24,62.54,17.74,58.87,23.39,4.6,5.36,2.29,0.94,16.46,3.74,6.33,25.06,11.09,6.1,6.89,11.15,1.514,21.85,26.96,30.14
2020,PRT,8.147,1.41,73.89,18.5,58.53,22.97,3.53,5.6,2.59,1.58,18.67,5.43,5.54,20.28,10.78,5.11,9.54,11.35,1.383,19.27,23.39,25.97
2020,HUN,9.681,1.61,75.17,19.48,60.54,19.99,7.79,3.2,2.98,1.77,18.82,4.32,5.49,22.23,8.76,7.14,6.25,11.24,2.495,24.01,33.5,33.5
2020,DNK,10.465,1.68,77.9,22.16,57.8,20.04,3.64,4.08,2.07,0.86,12.24,3.04,6.0,29.14,11.79,10.96,4.9,11.29,3.402,30.48,34.05,35.21
2020,NLD,9.69,1.55,80.84,21.55,58.81,19.64,3.28,4.39,2.42,0.66,12.68,3.13,6.5,25.01,12.69,8.4,5.89,10.72,1.665,19.58,25.09,28.45
2020,GBR,10.21,1.48,78.28,23.02,58.44,18.54,4.11,4.61,2.46,2.5,9.63,1.85,5.68,29.57,11.98,9.77,7.33,10.25,2.385,18.36,21.1,22.89
2020,LTU,8.383,1.36,76.65,19.74,60.35,19.91,6.32,4.72,3.0,0.62,21.8,4.95,7.27,16.06,10.1,7.68,3.55,13.92,3.006,28.53,34.51,35.96
2020,FRA,10.905,1.82,71.4,23.93,55.57,20.51,4.36,3.14,2.55,0.49,14.88,3.99,4.83,28.24,12.75,7.51,5.64,11.71,2.912,20.39,25.43,27.07
2020,POL,9.361,1.4,73.67,20.2,61.49,18.32,6.72,4.69,2.54,0.76,19.14,6.53,5.27,20.78,12.17,5.77,3.03,12.59,3.72,10.65,23.95,24.26
2021,POL,8.942,1.34,75.47,20.26,61.04,18.7,6.42,4.7,2.35,0.77,18.63,6.82,5.04,20.8,11.69,5.98,3.54,13.25,3.329,10.74,23.96,24.27
2021,FRA,10.964,1.82,73.19,23.7,55.55,20.75,4.15,3.27,2.48,0.52,13.88,4.17,4.93,27.64,12.55,7.66,6.17,12.65,2.655,20.85,25.56,27.63
2021,LTU,8.3,1.37,77.42,19.47,60.58,19.95,5.93,4.72,2.56,0.63,20.33,5.29,7.08,16.03,10.34,7.95,4.05,15.09,2.815,29.7,35.12,36.43
2021,GBR,10.37,1.48,78.05,22.91,58.36,18.73,3.75,4.7,2.18,2.45,8.84,2.06,5.66,27.66,12.07,9.95,9.21,11.01,2.027,19.09,21.67,23.38
2021,NLD,10.268,1.63,81.66,21.33,58.75,19.91,3.22,4.72,2.32,0.6,11.99,3.25,6.47,24.13,12.41,8.31,6.18,10.9,1.62,19.01,24.32,27.8
2021,DNK,10.869,1.73,79.14,22.0,57.7,20.3,4.02,4.24,1.93,0.85,12.08,2.97,5.99,28.54,12.11,10.98,5.37,10.94,3.146,30.63,34.14,35.28
2021,HUN,9.74,1.63,78.9,19.53,60.15,20.32,7.57,3.31,2.71,1.7,18.02,4.02,5.32,22.34,8.78,7.45,7.16,11.62,2.321,24.69,33.5,33.5
2021,PRT,7.656,1.35,75.46,18.22,58.36,23.41,3.35,5.52,2.44,1.53,18.05,6.01,5.14,19.24,10.47,5.1,11.22,11.93,1.317,20.22,24.12,26.66
2021,ITA,6.757,1.25,62.75,17.63,58.7,23.67,4.4,5.34,2.15,0.91,15.44,3.95,6.56,24.09,10.78,6.35,7.94,12.09,1.425,21.38,26.26,28.99
2021,SVN,9.002,1.64,76.09,19.57,59.52,20.91,4.67,5.59,2.97,1.22,14.38,4.31,5.58,19.25,10.55,8.03,6.29,17.15,1.87,26.0,32.99,34.45
2021,FIN,8.962,1.46,76.92,20.88,56.25,22.87,4.91,3.83,2.46,0.36,12.35,4.57,4.86,30.6,10.98,9.13,5.14,10.81,3.09,25.28,28.19,31.27
2021,AUT,9.636,1.48,75.59,19.24,61.38,19.38,3.9,5.03,2.04,0.95,10.84,4.08,7.31,25.71,10.3,9.02,9.33,11.5,2.59,21.13,30.83,33.17
2021,NOR,10.398,1.56,79.95,22.86,59.07,18.08,4.57,4.6,2.12,0.45,12.56,3.3,7.01,23.64,10.28,11.06,5.77,14.63,2.78,23.94,26.24,27.61
2021,IRL,11.951,1.72,75.41,26.34,58.93,14.73,5.7,4.71,2.7,1.68,9.68,5.21,4.58,26.63,10.38,6.32,13.09,9.34,1.334,21.29,24.88,28.78
2021,EST,9.978,1.61,79.34,21.31,58.3,20.39,7.63,6.12,2.59,0.55,19.58,3.73,5.09,20.9,9.16,8.82,5.66,10.16,2.995,9.12,14.98,17.25
2021,CHE,10.339,1.53,82.05,19.93,61.17,18.9,3.91,2.26,2.54,1.08,9.86,18.1,3.63,26.81,11.09,5.87,5.99,8.86,1.675,11.95,17.92,18.19
2021,GRC,7.992,1.42,62.56,19.02,58.37,22.62,4.72,3.61,4.13,1.92,17.37,4.55,2.96,24.58,8.03,4.86,12.14,11.14,1.687,19.66,22.15,23.18
2021,LVA,9.201,1.57,75.29,20.86,58.3,20.84,7.54,5.3,2.57,1.46,19.96,5.06,4.46,22.66,6.68,8.67,4.56,11.06,2.882,18.42,25.2,26.49
2021,SWE,11.009,1.69,80.44,23.26,56.55,20.19,3.42,4.06,3.23,0.31,12.85,3.06,6.92,25.77,11.17,11.44,5.78,11.98,3.32,18.97,22.97,24.4
2021,ESP,7.106,1.18,67.48,19.15,61.0,19.85,4.37,3.54,2.65,1.43,14.16,4.39,4.88,24.33,10.29,6.58,12.0,11.37,1.482,17.52,19.57,21.41
2021,SVK,10.36,1.63,74.64,20.76,62.02,17.22,5.23,4.32,3.13,1.33,19.68,2.83,6.39,29.83,8.8,8.09,5.17,5.22,2.08,17.08,22.74,23.92
2021,DEU,9.566,1.58,79.37,18.49,59.45,22.06,3.55,3.84,2.34,0.85,11.73,5.62,7.03,25.48,13.14,9.48,3.85,13.1,2.645,29.2,35.67,37.78
2021,LUX,10.54,1.39,74.09,21.14,64.18,14.68,8.81,4.38,1.42,0.97,9.64,4.54,6.81,22.13,14.87,6.58,5.45,14.39,3.194,18.81,25.77,31.42
2021,ISL,13.23,1.83,81.38,25.26,59.53,15.2,4.39,3.88,3.17,1.01,12.93,2.75,6.0,24.73,7.55,10.47,10.3,12.81,3.82,25.19,26.09,27.8
