STRUCTURE,STRUCTURE_ID,STRUCTURE_NAME,ACTION,REF_AREA_TYPE,Reference area type,REF_AREA,Reference area,FREQ,Frequency of observation,MEASURE,Measure,UNIT_MEASURE,Unit of measure,ADJUSTMENT,Adjustment,TRANSFORMATION,Transformation,VINTAGE,Vintage,DWELLINGS,Dwellings,TIME_PERIOD,Time period,OBS_VALUE,Observation value,OBS_STATUS,Observation status,UNIT_MULT,Unit multiplier,DECIMALS,Decimals,BASE_PER,Base period
DATAFLOW,OECD.SDD.TPS:DSD_RHPI@DF_RHPI_ALL(1.0),National and regional house price indices,I,COU,Country,JPN,Japan,A,Annual,RHPI,House price index,PA,Percent per annum,S,"Seasonally adjusted, not calendar adjusted",GY,"Growth rate, over 1 year",_T,Total,_T,Total,2013,,1.649,,A,Normal value,0,Units,1,One,,
DATAFLOW,OECD.SDD.TPS:DSD_RHPI@DF_RHPI_ALL(1.0),National and regional house price indices,I,COU,Country,FRAMET,Metropolitan France,A,Annual,RHPI,House price index,PA,Percent per annum,S,"Seasonally adjusted, not calendar adjusted",GY,"Growth rate, over 1 year",EXISTING,Existing,_T,Total,2007,,6.522,,A,Normal value,0,Units,1,One,,
DATAFLOW,OECD.SDD.TPS:DSD_RHPI@DF_RHPI_ALL(1.0),National and regional house price indices,I,COU,Country,ZAF,South Africa,A,Annual,RHPI,House price index,PA,Percent per annum,S,"Seasonally adjusted, not calendar adjusted",GY,"Growth rate, over 1 year",_T,Total,_T,Total,2024,,0.837,,A,Normal value,0,Units,1,One,,
DATAFLOW,OECD.SDD.TPS:DSD_RHPI@DF_RHPI_ALL(1.0),National and regional house price indices,I,COU,Country,GBR,United Kingdom,A,Annual,RHPI,House price index,PA,Percent per annum,S,"Seasonally adjusted, not calendar adjusted",GY,"Growth rate, over 1 year",_T,Total,_T,Total,2024,,0.734,,A,Normal value,0,Units,1,One,,
DATAFLOW,OECD.SDD.TPS:DSD_RHPI@DF_RHPI_ALL(1.0),National and regional house price indices,I,COU,Country,JPN,Japan,A,Annual,RHPI,House price index,PA,Percent per annum,S,"Seasonally adjusted, not calendar adjusted",GY,"Growth rate, over 1 year",_T,Total,_T,Total,2024,,2.812,,A,Normal value,0,Units,1,One,,
DATAFLOW,OECD.SDD.TPS:DSD_RHPI@DF_RHPI_ALL(1.0),National and regional house price indices,I,COU,Country,ZAF,South Africa,A,Annual,RHPI,House price index,PA,Percent per annum,S,"Seasonally adjusted, not calendar adjusted",GY,"Growth rate, over 1 year",_T,Total,_T,Total,2006,,16.734,,A,Normal value,0,Units,1,One,,
DATAFLOW,OECD.SDD.TPS:DSD_RHPI@DF_RHPI_ALL(1.0),National and regional house price indices,I,COU,Country,GBR,United Kingdom,A,Annual,RHPI,House price index,PA,Percent per annum,S,"Seasonally adjusted, not calendar adjusted",GY,"Growth rate, over 1 year",_T,Total,_T,Total,2006,,7.855,,A,Normal value,0,Units,1,One,,
DATAFLOW,OECD.SDD.TPS:DSD_RHPI@DF_RHPI_ALL(1.0),National and regional house price indices,I,COU,Country,ZAF,South Africa,A,Annual,RHPI,House price index,PA,Percent per annum,S,"Seasonally adjusted, not calendar adjusted",GY,"Growth rate, over 1 year",_T,Total,_T,Total,2005,,28.596,,A,Normal value,0,Units,1,One,,
DATAFLOW,OECD.SDD.TPS:DSD_RHPI@DF_RHPI_ALL(1.0),National and regional house price indices,I,COU,Country,ZAF,South Africa,A,Annual,RHPI,House price index,PA,Percent per annum,S,"Seasonally adjusted, not calendar adjusted",GY,"Growth rate, over 1 year",_T,Total,_T,Total,2004,,33.71,,A,Normal value,0,Units,1,One,,
DATAFLOW,OECD.SDD.TPS:DSD_RHPI@DF_RHPI_ALL(1.0),National and regional house price indices,I,COU,Country,ZAF,South Africa,A,Annual,RHPI,House price index,PA,Percent per annum,S,"Seasonally adjusted, not calendar adjusted",GY,"Growth rate, over 1 year",_T,Total,_T,Total,2003,,19.475,,A,Normal value,0,Units,1,One,,
DATAFLOW,OECD.SDD.TPS:DSD_RHPI@DF_RHPI_ALL(1.0),National and regional house price indices,I,COU,Country,ZAF,South Africa,A,Annual,RHPI,House price index,PA,Percent per annum,S,"Seasonally adjusted, not calendar adjusted",GY,"Growth rate, over 1 year",_T,Total,_T,Total,2002,,13.406,,A,Normal value,0,Units,1,One,,
DATAFLOW,OECD.SDD.TPS:DSD_RHPI@DF_RHPI_ALL(1.0),National and regional house price indices,I,COU,Country,ZAF,South Africa,A,Annual,RHPI,House price index,PA,Percent per annum,S,"Seasonally adjusted, not calendar adjusted",GY,"Growth rate, over 1 year",_T,Total,_T,Total,2012,,4.649,,A,Normal value,0,Units,1,One,,
DATAFLOW,OECD.SDD.TPS:DSD_RHPI@DF_RHPI_ALL(1.0),National and regional house price indices,I,COU,Country,GBR,United Kingdom,A,Annual,RHPI,House price index,PA,Percent per annum,S,"Seasonally adjusted, not calendar adjusted",GY,"Growth rate, over 1 year",_T,Total,_T,Total,2012,,0.424,,A,Normal value,0,Units,1,One,,
DATAFLOW,OECD.SDD.TPS:DSD_RHPI@DF_RHPI_ALL(1.0),National and regional house price indices,I,COU,Country,JPN,Japan,A,Annual,RHPI,House price index,PA,Percent per annum,S,"Seasonally adjusted, not calendar adjusted",GY,"Growth rate, over 1 year",_T,Total,_T,Total,2012,,-0.871,,A,Normal value,0,Units,1,One,,
DATAFLOW,OECD.SDD.TPS:DSD_RHPI@DF_RHPI_ALL(1.0),National and regional house price indices,I,COU,Country,ZAF,South Africa,A,Annual,RHPI,House price index,PA,Percent per annum,S,"Seasonally adjusted, not calendar adjusted",GY,"Growth rate, over 1 year",_T,Total,_T,Total,2011,,3.589,,A,Normal value,0,Units,1,One,,
DATAFLOW,OECD.SDD.TPS:DSD_RHPI@DF_RHPI_ALL(1.0),National and regional house price indices,I,COU,Country,GBR,United Kingdom,A,Annual,RHPI,House price index,PA,Percent per annum,S,"Seasonally adjusted, not calendar adjusted",GY,"Growth rate, over 1 year",_T,Total,_T,Total,2011,,-1.477,,A,Normal value,0,Units,1,One,,
DATAFLOW,OECD.SDD.TPS:DSD_RHPI@DF_RHPI_ALL(1.0),National and regional house price indices,I,COU,Country,JPN,Japan,A,Annual,RHPI,House price index,PA,Percent per annum,S,"Seasonally adjusted, not calendar adjusted",GY,"Growth rate, over 1 year",_T,Total,_T,Total,2011,,0.083,,A,Normal value,0,Units,1,One,,
DATAFLOW,OECD.SDD.TPS:DSD_RHPI@DF_RHPI_ALL(1.0),National and regional house price indices,I,COU,Country,ZAF,South Africa,A,Annual,RHPI,House price index,PA,Percent per annum,S,"Seasonally adjusted, not calendar adjusted",GY,"Growth rate, over 1 year",_T,Total,_T,Total,2010,,4.414,,A,Normal value,0,Units,1,One,,
DATAFLOW,OECD.SDD.TPS:DSD_RHPI@DF_RHPI_ALL(1.0),National and regional house price indices,I,COU,Country,GBR,United Kingdom,A,Annual,RHPI,House price index,PA,Percent per annum,S,"Seasonally adjusted, not calendar adjusted",GY,"Growth rate, over 1 year",_T,Total,_T,Total,2010,,5.76,,A,Normal value,0,Units,1,One,,
DATAFLOW,OECD.SDD.TPS:DSD_RHPI@DF_RHPI_ALL(1.0),National and regional house price indices,I,COU,Country,JPN,Japan,A,Annual,RHPI,House price index,PA,Percent per annum,S,"Seasonally adjusted, not calendar adjusted",GY,"Growth rate, over 1 year",_T,Total,_T,Total,2010,,1.45,,A,Normal value,0,Units,1,One,,
DATAFLOW,OECD.SDD.TPS:DSD_RHPI@DF_RHPI_ALL(1.0),National and regional house price indices,I,COU,Country,ZAF,South Africa,A,Annual,RHPI,House price index,PA,Percent per annum,S,"Seasonally adjusted, not calendar adjusted",GY,"Growth rate, over 1 year",_T,Total,_T,Total,2009,,-1.545,,A,Normal value,0,Units,1,One,,
DATAFLOW,OECD.SDD.TPS:DSD_RHPI@DF_RHPI_ALL(1.0),National and regional house price indices,I,COU,Country,GBR,United Kingdom,A,Annual,RHPI,House price index,PA,Percent per annum,S,"Seasonally adjusted, not calendar adjusted",GY,"Growth rate, over 1 year",_T,Total,_T,Total,2009,,-8.935,,A,Normal value,0,Units,1,One,,
DATAFLOW,OECD.SDD.TPS:DSD_RHPI@DF_RHPI_ALL(1.0),National and regional house price indices,I,COU,Country,ZAF,South Africa,A,Annual,RHPI,House price index,PA,Percent per annum,S,"Seasonally adjusted, not calendar adjusted",GY,"Growth rate, over 1 year",_T,Total,_T,Total,2008,,-1.06,,A,Normal value,0,Units,1,One,,
DATAFLOW,OECD.SDD.TPS:DSD_RHPI@DF_RHPI_ALL(1.0),National and regional house price indices,I,COU,Country,GBR,United Kingdom,A,Annual,RHPI,House price index,PA,Percent per annum,S,"Seasonally adjusted, not calendar adjusted",GY,"Growth rate, over 1 year",_T,Total,_T,Total,2008,,-4.46,,A,Normal value,0,Units,1,One,,
DATAFLOW,OECD.SDD.TPS:DSD_RHPI@DF_RHPI_ALL(1.0),National and regional house price indices,I,COU,Country,ZAF,South Africa,A,Annual,RHPI,House price index,PA,Percent per annum,S,"Seasonally adjusted, not calendar adjusted",GY,"Growth rate, over 1 year",_T,Total,_T,Total,2007,,14.471,,A,Normal value,0,Units,1,One,,
DATAFLOW,OECD.SDD.TPS:DSD_RHPI@DF_RHPI_ALL(1.0),National and regional house price indices,I,COU,Country,GBR,United Kingdom,A,Annual,RHPI,House price index,PA,Percent per annum,S,"Seasonally adjusted, not calendar adjusted",GY,"Growth rate, over 1 year",_T,Total,_T,Total,2007,,9.903,,A,Normal value,0,Units,1,One,,
DATAFLOW,OECD.SDD.TPS:DSD_RHPI@DF_RHPI_ALL(1.0),National and regional house price indices,I,COU,Country,ZAF,South Africa,A,Annual,RHPI,House price index,PA,Percent per annum,S,"Seasonally adjusted, not calendar adjusted",GY,"Growth rate, over 1 year",_T,Total,_T,Total,2023,,1.486,,A,Normal value,0,Units,1,One,,
DATAFLOW,OECD.SDD.TPS:DSD_RHPI@DF_RHPI_ALL(1.0),National and regional house price indices,I,COU,Country,GBR,United Kingdom,A,Annual,RHPI,House price index,PA,Percent per annum,S,"Seasonally adjusted, not calendar adjusted",GY,"Growth rate, over 1 year",_T,Total,_T,Total,2023,,0.347,,A,Normal value,0,Units,1,One,,
DATAFLOW,OECD.SDD.TPS:DSD_RHPI@DF_RHPI_ALL(1.0),National and regional house price indices,I,COU,Country,JPN,Japan,A,Annual,RHPI,House price index,PA,Percent per annum,S,"Seasonally adjusted, not calendar adjusted",GY,"Growth rate, over 1 year",_T,Total,_T,Total,2023,,3.022,,A,Normal value,0,Units,1,One,,
DATAFLOW,OECD.SDD.TPS:DSD_RHPI@DF_RHPI_ALL(1.0),National and regional house price indices,I,COU,Country,ZAF,South Africa,A,Annual,RHPI,House price index,PA,Percent per annum,S,"Seasonally adjusted, not calendar adjusted",GY,"Growth rate, over 1 year",_T,Total,_T,Total,2022,,4.323,,A,Normal value,0,Units,1,One,,
DATAFLOW,OECD.SDD.TPS:DSD_RHPI@DF_RHPI_ALL(1.0),National and regional house price indices,I,COU,Country,GBR,United Kingdom,A,Annual,RHPI,House price index,PA,Percent per annum,S,"Seasonally adjusted, not calendar adjusted",GY,"Growth rate, over 1 year",_T,Total,_T,Total,2022,,9.266,,A,Normal value,0,Units,1,One,,
DATAFLOW,OECD.SDD.TPS:DSD_RHPI@DF_RHPI_ALL(1.0),National and regional house price indices,I,COU,Country,JPN,Japan,A,Annual,RHPI,House price index,PA,Percent per annum,S,"Seasonally adjusted, not calendar adjusted",GY,"Growth rate, over 1 year",_T,Total,_T,Total,2022,,8.388,,A,Normal value,0,Units,1,One,,
DATAFLOW,OECD.SDD.TPS:DSD_RHPI@DF_RHPI_ALL(1.0),National and regional house price indices,I,COU,Country,ZAF,South Africa,A,Annual,RHPI,House price index,PA,Percent per annum,S,"Seasonally adjusted, not calendar adjusted",GY,"Growth rate, over 1 year",_T,Total,_T,Total,2021,,6.725,,A,Normal value,0,Units,1,One,,
DATAFLOW,OECD.SDD.TPS:DSD_RHPI@DF_RHPI_ALL(1.0),National and regional house price indices,I,COU,Country,GBR,United Kingdom,A,Annual,RHPI,House price index,PA,Percent per annum,S,"Seasonally adjusted, not calendar adjusted",GY,"Growth rate, over 1 year",_T,Total,_T,Total,2021,,8.129,,A,Normal value,0,Units,1,One,,
DATAFLOW,OECD.SDD.TPS:DSD_RHPI@DF_RHPI_ALL(1.0),National and regional house price indices,I,COU,Country,JPN,Japan,A,Annual,RHPI,House price index,PA,Percent per annum,S,"Seasonally adjusted, not calendar adjusted",GY,"Growth rate, over 1 year",_T,Total,_T,Total,2021,,5.961,,A,Normal value,0,Units,1,One,,
DATAFLOW,OECD.SDD.TPS:DSD_RHPI@DF_RHPI_ALL(1.0),National and regional house price indices,I,COU,Country,ZAF,South Africa,A,Annual,RHPI,House price index,PA,Percent per annum,S,"Seasonally adjusted, not calendar adjusted",GY,"Growth rate, over 1 year",_T,Total,_T,Total,2020,,2.371,,A,Normal value,0,Units,1,One,,
DATAFLOW,OECD.SDD.TPS:DSD_RHPI@DF_RHPI_ALL(1.0),National and regional house price indices,I,COU,Country,GBR,United Kingdom,A,Annual,RHPI,House price index,PA,Percent per annum,S,"Seasonally adjusted, not calendar adjusted",GY,"Growth rate, over 1 year",_T,Total,_T,Total,2020,,2.859,,A,Normal value,0,Units,1,One,,
DATAFLOW,OECD.SDD.TPS:DSD_RHPI@DF_RHPI_ALL(1.0),National and regional house price indices,I,COU,Country,JPN,Japan,A,Annual,RHPI,House price index,PA,Percent per annum,S,"Seasonally adjusted, not calendar adjusted",GY,"Growth rate, over 1 year",_T,Total,_T,Total,2020,,0.073,,A,Normal value,0,Units,1,One,,
DATAFLOW,OECD.SDD.TPS:DSD_RHPI@DF_RHPI_ALL(1.0),National and regional house price indices,I,COU,Country,ZAF,South Africa,A,Annual,RHPI,House price index,PA,Percent per annum,S,"Seasonally adjusted, not calendar adjusted",GY,"Growth rate, over 1 year",_T,Total,_T,Total,2019,,2.503,,A,Normal value,0,Units,1,One,,
DATAFLOW,OECD.SDD.TPS:DSD_RHPI@DF_RHPI_ALL(1.0),National and regional house price indices,I,COU,Country,GBR,United Kingdom,A,Annual,RHPI,House price index,PA,Percent per annum,S,"Seasonally adjusted, not calendar adjusted",GY,"Growth rate, over 1 year",_T,Total,_T,Total,2019,,1.008,,A,Normal value,0,Units,1,One,,
DATAFLOW,OECD.SDD.TPS:DSD_RHPI@DF_RHPI_ALL(1.0),National and regional house price indices,I,COU,Country,JPN,Japan,A,Annual,RHPI,House price index,PA,Percent per annum,S,"Seasonally adjusted, not calendar adjusted",GY,"Growth rate, over 1 year",_T,Total,_T,Total,2019,,1.596,,A,Normal value,0,Units,1,One,,
DATAFLOW,OECD.SDD.TPS:DSD_RHPI@DF_RHPI_ALL(1.0),National and regional house price indices,I,COU,Country,ZAF,South Africa,A,Annual,RHPI,House price index,PA,Percent per annum,S,"Seasonally adjusted, not calendar adjusted",GY,"Growth rate, over 1 year",_T,Total,_T,Total,2018,,3.49,,A,Normal value,0,Units,1,One,,
DATAFLOW,OECD.SDD.TPS:DSD_RHPI@DF_RHPI_ALL(1.0),National and regional house price indices,I,COU,Country,GBR,United Kingdom,A,Annual,RHPI,House price index,PA,Percent per annum,S,"Seasonally adjusted, not calendar adjusted",GY,"Growth rate, over 1 year",_T,Total,_T,Total,2018,,3.228,,A,Normal value,0,Units,1,One,,
DATAFLOW,OECD.SDD.TPS:DSD_RHPI@DF_RHPI_ALL(1.0),National and regional house price indices,I,COU,Country,JPN,Japan,A,Annual,RHPI,House price index,PA,Percent per annum,S,"Seasonally adjusted, not calendar adjusted",GY,"Growth rate, over 1 year",_T,Total,_T,Total,2018,,1.95,,A,Normal value,0,Units,1,One,,
DATAFLOW,OECD.SDD.TPS:DSD_RHPI@DF_RHPI_ALL(1.0),National and regional house price indices,I,COU,Country,ZAF,South Africa,A,Annual,RHPI,House price index,PA,Percent per annum,S,"Seasonally adjusted, not calendar adjusted",GY,"Growth rate, over 1 year",_T,Total,_T,Total,2017,,4.131,,A,Normal value,0,Units,1,One,,
DATAFLOW,OECD.SDD.TPS:DSD_RHPI@DF_RHPI_ALL(1.0),National and regional house price indices,I,COU,Country,GBR,United Kingdom,A,Annual,RHPI,House price index,PA,Percent per annum,S,"Seasonally adjusted, not calendar adjusted",GY,"Growth rate, over 1 year",_T,Total,_T,Total,2017,,4.529,,A,Normal value,0,Units,1,One,,
DATAFLOW,OECD.SDD.TPS:DSD_RHPI@DF_RHPI_ALL(1.0),National and regional house price indices,I,COU,Country,JPN,Japan,A,Annual,RHPI,House price index,PA,Percent per annum,S,"Seasonally adjusted, not calendar adjusted",GY,"Growth rate, over 1 year",_T,Total,_T,Total,2017,,2.534,,A,Normal value,0,Units,1,One,,
DATAFLOW,OECD.SDD.TPS:DSD_RHPI@DF_RHPI_ALL(1.0),National and regional house price indices,I,COU,Country,ZAF,South Africa,A,Annual,RHPI,House price index,PA,Percent per annum,S,"Seasonally adjusted, not calendar adjusted",GY,"Growth rate, over 1 year",_T,Total,_T,Total,2016,,4.878,,A,Normal value,0,Units,1,One,,
DATAFLOW,OECD.SDD.TPS:DSD_RHPI@DF_RHPI_ALL(1.0),National and regional house price indices,I,COU,Country,GBR,United Kingdom,A,Annual,RHPI,House price index,PA,Percent per annum,S,"Seasonally adjusted, not calendar adjusted",GY,"Growth rate, over 1 year",_T,Total,_T,Total,2016,,6.979,,A,Normal value,0,Units,1,One,,
DATAFLOW,OECD.SDD.TPS:DSD_RHPI@DF_RHPI_ALL(1.0),National and regional house price indices,I,COU,Country,JPN,Japan,A,Annual,RHPI,House price index,PA,Percent per annum,S,"Seasonally adjusted, not calendar adjusted",GY,"Growth rate, over 1 year",_T,Total,_T,Total,2016,,2.212,,A,Normal value,0,Units,1,One,,
DATAFLOW,OECD.SDD.TPS:DSD_RHPI@DF_RHPI_ALL(1.0),National and regional house price indices,I,COU,Country,ZAF,South Africa,A,Annual,RHPI,House price index,PA,Percent per annum,S,"Seasonally adjusted, not calendar adjusted",GY,"Growth rate, over 1 year",_T,Total,_T,Total,2015,,6.298,,A,Normal value,0,Units,1,One,,
DATAFLOW,OECD.SDD.TPS:DSD_RHPI@DF_RHPI_ALL(1.0),National and regional house price indices,I,COU,Country,GBR,United Kingdom,A,Annual,RHPI,House price index,PA,Percent per annum,S,"Seasonally adjusted, not calendar adjusted",GY,"Growth rate, over 1 year",_T,Total,_T,Total,2015,,6,,A,Normal value,0,Units,1,One,,
DATAFLOW,OECD.SDD.TPS:DSD_RHPI@DF_RHPI_ALL(1.0),National and regional house price indices,I,COU,Country,JPN,Japan,A,Annual,RHPI,House price index,PA,Percent per annum,S,"Seasonally adjusted, not calendar adjusted",GY,"Growth rate, over 1 year",_T,Total,_T,Total,2015,,2.41,,A,Normal value,0,Units,1,One,,
DATAFLOW,OECD.SDD.TPS:DSD_RHPI@DF_RHPI_ALL(1.0),National and regional house price indices,I,COU,Country,ZAF,South Africa,A,Annual,RHPI,House price index,PA,Percent per annum,S,"Seasonally adjusted, not calendar adjusted",GY,"Growth rate, over 1 year",_T,Total,_T,Total,2014,,7.437,,A,Normal value,0,Units,1,One,,
DATAFLOW,OECD.SDD.TPS:DSD_RHPI@DF_RHPI_ALL(1.0),National and regional house price indices,I,COU,Country,GBR,United Kingdom,A,Annual,RHPI,House price index,PA,Percent per annum,S,"Seasonally adjusted, not calendar adjusted",GY,"Growth rate, over 1 year",_T,Total,_T,Total,2014,,8.004,,A,Normal value,0,Units,1,One,,
DATAFLOW,OECD.SDD.TPS:DSD_RHPI@DF_RHPI_ALL(1.0),National and regional house price indices,I,COU,Country,JPN,Japan,A,Annual,RHPI,House price index,PA,Percent per annum,S,"Seasonally adjusted, not calendar adjusted",GY,"Growth rate, over 1 year",_T,Total,_T,Total,2014,,1.559,,A,Normal value,0,Units,1,One,,
DATAFLOW,OECD.SDD.TPS:DSD_RHPI@DF_RHPI_ALL(1.0),National and regional house price indices,I,COU,Country,ZAF,South Africa,A,Annual,RHPI,House price index,PA,Percent per annum,S,"Seasonally adjusted, not calendar adjusted",GY,"Growth rate, over 1 year",_T,Total,_T,Total,2013,,6.457,,A,Normal value,0,Units,1,One,,
DATAFLOW,OECD.SDD.TPS:DSD_RHPI@DF_RHPI_ALL(1.0),National and regional house price indices,I,COU,Country,GBR,United Kingdom,A,Annual,RHPI,House price index,PA,Percent per annum,S,"Seasonally adjusted, not calendar adjusted",GY,"Growth rate, over 1 year",_T,Total,_T,Total,2013,,2.548,,A,Normal value,0,Units,1,One,,
DATAFLOW,OECD.SDD.TPS:DSD_RHPI@DF_RHPI_ALL(1.0),National and regional house price indices,I,COU,Country,FRAMET,Metropolitan France,A,Annual,RHPI,House price index,PA,Percent per annum,S,"Seasonally adjusted, not calendar adjusted",GY,"Growth rate, over 1 year",EXISTING,Existing,_T,Total,2006,,12.043,,A,Normal value,0,Units,1,One,,
DATAFLOW,OECD.SDD.TPS:DSD_RHPI@DF_RHPI_ALL(1.0),National and regional house price indices,I,COU,Country,FRAMET,Metropolitan France,A,Annual,RHPI,House price index,PA,Percent per annum,S,"Seasonally adjusted, not calendar adjusted",GY,"Growth rate, over 1 year",EXISTING,Existing,_T,Total,2005,,15.457,,A,Normal value,0,Units,1,One,,
DATAFLOW,OECD.SDD.TPS:DSD_RHPI@DF_RHPI_ALL(1.0),National and regional house price indices,I,COU,Country,FRAMET,Metropolitan France,A,Annual,RHPI,House price index,PA,Percent per annum,S,"Seasonally adjusted, not calendar adjusted",GY,"Growth rate, over 1 year",EXISTING,Existing,_T,Total,2004,,15.023,,A,Normal value,0,Units,1,One,,
DATAFLOW,OECD.SDD.TPS:DSD_RHPI@DF_RHPI_ALL(1.0),National and regional house price indices,I,COU,Country,FRA,France,A,Annual,RHPI,House price index,PA,Percent per annum,S,"Seasonally adjusted, not calendar adjusted",GY,"Growth rate, over 1 year",EXISTING,Existing,_T,Total,2002,,6.202,,A,Normal value,0,Units,1,One,,
DATAFLOW,OECD.SDD.TPS:DSD_RHPI@DF_RHPI_ALL(1.0),National and regional house price indices,I,COU,Country,FRA,France,A,Annual,RHPI,House price index,PA,Percent per annum,S,"Seasonally adjusted, not calendar adjusted",GY,"Growth rate, over 1 year",EXISTING,Existing,_T,Total,2001,,6.612,,A,Normal value,0,Units,1,One,,
DATAFLOW,OECD.SDD.TPS:DSD_RHPI@DF_RHPI_ALL(1.0),National and regional house price indices,I,COU,Country,FRA,France,A,Annual,RHPI,House price index,PA,Percent per annum,S,"Seasonally adjusted, not calendar adjusted",GY,"Growth rate, over 1 year",EXISTING,Existing,_T,Total,2000,,7.744,,A,Normal value,0,Units,1,One,,
DATAFLOW,OECD.SDD.TPS:DSD_RHPI@DF_RHPI_ALL(1.0),National and regional house price indices,I,COU,Country,FRA,France,A,Annual,RHPI,House price index,PA,Percent per annum,S,"Seasonally adjusted, not calendar adjusted",GY,"Growth rate, over 1 year",EXISTING,Existing,_T,Total,1999,,6.079,,A,Normal value,0,Units,1,One,,
DATAFLOW,OECD.SDD.TPS:DSD_RHPI@DF_RHPI_ALL(1.0),National and regional house price indices,I,COU,Country,FRA,France,A,Annual,RHPI,House price index,PA,Percent per annum,S,"Seasonally adjusted, not calendar adjusted",GY,"Growth rate, over 1 year",EXISTING,Existing,_T,Total,1998,,1.276,,A,Normal value,0,Units,1,One,,
DATAFLOW,OECD.SDD.TPS:DSD_RHPI@DF_RHPI_ALL(1.0),National and regional house price indices,I,COU,Country,FRA,France,A,Annual,RHPI,House price index,PA,Percent per annum,S,"Seasonally adjusted, not calendar adjusted",GY,"Growth rate, over 1 year",EXISTING,Existing,_T,Total,1997,,-0.661,,A,Normal value,0,Units,1,One,,
DATAFLOW,OECD.SDD.TPS:DSD_RHPI@DF_RHPI_ALL(1.0),National and regional house price indices,I,COU,Country,FRA,France,A,Annual,RHPI,House price index,PA,Percent per annum,S,"Seasonally adjusted, not calendar adjusted",GY,"Growth rate, over 1 year",EXISTING,Existing,_T,Total,2017,,2.951,,A,Normal value,0,Units,1,One,,
DATAFLOW,OECD.SDD.TPS:DSD_RHPI@DF_RHPI_ALL(1.0),National and regional house price indices,I,COU,Country,FRA,France,A,Annual,RHPI,House price index,PA,Percent per annum,S,"Seasonally adjusted, not calendar adjusted",GY,"Growth rate, over 1 year",EXISTING,Existing,_T,Total,2016,,0.951,,A,Normal value,0,Units,1,One,,
DATAFLOW,OECD.SDD.TPS:DSD_RHPI@DF_RHPI_ALL(1.0),National and regional house price indices,I,COU,Country,FRA,France,A,Annual,RHPI,House price index,PA,Percent per annum,S,"Seasonally adjusted, not calendar adjusted",GY,"Growth rate, over 1 year",EXISTING,Existing,_T,Total,2015,,-1.843,,A,Normal value,0,Units,1,One,,
DATAFLOW,OECD.SDD.TPS:DSD_RHPI@DF_RHPI_ALL(1.0),National and regional house price indices,I,COU,Country,FRA,France,A,Annual,RHPI,House price index,PA,Percent per annum,S,"Seasonally adjusted, not calendar adjusted",GY,"Growth rate, over 1 year",EXISTING,Existing,_T,Total,2014,,-1.786,,A,Normal value,0,Units,1,One,,
DATAFLOW,OECD.SDD.TPS:DSD_RHPI@DF_RHPI_ALL(1.0),National and regional house price indices,I,COU,Country,FRA,France,A,Annual,RHPI,House price index,PA,Percent per annum,S,"Seasonally adjusted, not calendar adjusted",GY,"Growth rate, over 1 year",EXISTING,Existing,_T,Total,2013,,-2.079,,A,Normal value,0,Units,1,One,,
DATAFLOW,OECD.SDD.TPS:DSD_RHPI@DF_RHPI_ALL(1.0),National and regional house price indices,I,COU,Country,FRA,France,A,Annual,RHPI,House price index,PA,Percent per annum,S,"Seasonally adjusted, not calendar adjusted",GY,"Growth rate, over 1 year",EXISTING,Existing,_T,Total,2012,,-0.494,,A,Normal value,0,Units,1,One,,
DATAFLOW,OECD.SDD.TPS:DSD_RHPI@DF_RHPI_ALL(1.0),National and regional house price indices,I,COU,Country,FRA,France,A,Annual,RHPI,House price index,PA,Percent per annum,S,"Seasonally adjusted, not calendar adjusted",GY,"Growth rate, over 1 year",EXISTING,Existing,_T,Total,2011,,5.822,,A,Normal value,0,Units,1,One,,
DATAFLOW,OECD.SDD.TPS:DSD_RHPI@DF_RHPI_ALL(1.0),National and regional house price indices,I,COU,Country,FRA,France,A,Annual,RHPI,House price index,PA,Percent per annum,S,"Seasonally adjusted, not calendar adjusted",GY,"Growth rate, over 1 year",EXISTING,Existing,_T,Total,2010,,5.078,,A,Normal value,0,Units,1,One,,
DATAFLOW,OECD.SDD.TPS:DSD_RHPI@DF_RHPI_ALL(1.0),National and regional house price indices,I,COU,Country,FRA,France,A,Annual,RHPI,House price index,PA,Percent per annum,S,"Seasonally adjusted, not calendar adjusted",GY,"Growth rate, over 1 year",EXISTING,Existing,_T,Total,2009,,-9.392,,A,Normal value,0,Units,1,One,,
DATAFLOW,OECD.SDD.TPS:DSD_RHPI@DF_RHPI_ALL(1.0),National and regional house price indices,I,COU,Country,FRA,France,A,Annual,RHPI,House price index,PA,Percent per annum,S,"Seasonally adjusted, not calendar adjusted",GY,"Growth rate, over 1 year",EXISTING,Existing,_T,Total,2008,,-0.545,,A,Normal value,0,Units,1,One,,
DATAFLOW,OECD.SDD.TPS:DSD_RHPI@DF_RHPI_ALL(1.0),National and regional house price indices,I,COU,Country,FRA,France,A,Annual,RHPI,House price index,PA,Percent per annum,S,"Seasonally adjusted, not calendar adjusted",GY,"Growth rate, over 1 year",EXISTING,Existing,_T,Total,2007,,7.356,,A,Normal value,0,Units,1,One,,
DATAFLOW,OECD.SDD.TPS:DSD_RHPI@DF_RHPI_ALL(1.0),National and regional house price indices,I,COU,Country,FRA,France,A,Annual,RHPI,House price index,PA,Percent per annum,S,"Seasonally adjusted, not calendar adjusted",GY,"Growth rate, over 1 year",EXISTING,Existing,_T,Total,2006,,14.082,,A,Normal value,0,Units,1,One,,
DATAFLOW,OECD.SDD.TPS:DSD_RHPI@DF_RHPI_ALL(1.0),National and regional house price indices,I,COU,Country,FRA,France,A,Annual,RHPI,House price index,PA,Percent per annum,S,"Seasonally adjusted, not calendar adjusted",GY,"Growth rate, over 1 year",EXISTING,Existing,_T,Total,2005,,15.57,,A,Normal value,0,Units,1,One,,
DATAFLOW,OECD.SDD.TPS:DSD_RHPI@DF_RHPI_ALL(1.0),National and regional house price indices,I,COU,Country,FRA,France,A,Annual,RHPI,House price index,PA,Percent per annum,S,"Seasonally adjusted, not calendar adjusted",GY,"Growth rate, over 1 year",EXISTING,Existing,_T,Total,2004,,14.659,,A,Normal value,0,Units,1,One,,
DATAFLOW,OECD.SDD.TPS:DSD_RHPI@DF_RHPI_ALL(1.0),National and regional house price indices,I,COU,Country,FRA,France,A,Annual,RHPI,House price index,PA,Percent per annum,S,"Seasonally adjusted, not calendar adjusted",GY,"Growth rate, over 1 year",EXISTING,Existing,_T,Total,2003,,9.987,,A,Normal value,0,Units,1,One,,
DATAFLOW,OECD.SDD.TPS:DSD_RHPI@DF_RHPI_ALL(1.0),National and regional house price indices,I,COU,Country,FRAMET,Metropolitan France,A,Annual,RHPI,House price index,PA,Percent per annum,S,"Seasonally adjusted, not calendar adjusted",GY,"Growth rate, over 1 year",EXISTING,Existing,_T,Total,2003,,11.903,,A,Normal value,0,Units,1,One,,
DATAFLOW,OECD.SDD.TPS:DSD_RHPI@DF_RHPI_ALL(1.0),National and regional house price indices,I,COU,Country,FRAMET,Metropolitan France,A,Annual,RHPI,House price index,PA,Percent per annum,S,"Seasonally adjusted, not calendar adjusted",GY,"Growth rate, over 1 year",EXISTING,Existing,_T,Total,2002,,8.636,,A,Normal value,0,Units,1,One,,
DATAFLOW,OECD.SDD.TPS:DSD_RHPI@DF_RHPI_ALL(1.0),National and regional house price indices,I,COU,Country,FRAMET,Metropolitan France,A,Annual,RHPI,House price index,PA,Percent per annum,S,"Seasonally adjusted, not calendar adjusted",GY,"Growth rate, over 1 year",EXISTING,Existing,_T,Total,2001,,7.892,,A,Normal value,0,Units,1,One,,
DATAFLOW,OECD.SDD.TPS:DSD_RHPI@DF_RHPI_ALL(1.0),National and regional house price indices,I,COU,Country,FRAMET,Metropolitan France,A,Annual,RHPI,House price index,PA,Percent per annum,S,"Seasonally adjusted, not calendar adjusted",GY,"Growth rate, over 1 year",EXISTING,Existing,_T,Total,2000,,8.749,,A,Normal value,0,Units,1,One,,
DATAFLOW,OECD.SDD.TPS:DSD_RHPI@DF_RHPI_ALL(1.0),National and regional house price indices,I,COU,Country,FRAMET,Metropolitan France,A,Annual,RHPI,House price index,PA,Percent per annum,S,"Seasonally adjusted, not calendar adjusted",GY,"Growth rate, over 1 year",EXISTING,Existing,_T,Total,1999,,6.927,,A,Normal value,0,Units,1,One,,
DATAFLOW,OECD.SDD.TPS:DSD_RHPI@DF_RHPI_ALL(1.0),National and regional house price indices,I,COU,Country,FRAMET,Metropolitan France,A,Annual,RHPI,House price index,PA,Percent per annum,S,"Seasonally adjusted, not calendar adjusted",GY,"Growth rate, over 1 year",EXISTING,Existing,_T,Total,1998,,1.993,,A,Normal value,0,Units,1,One,,
DATAFLOW,OECD.SDD.TPS:DSD_RHPI@DF_RHPI_ALL(1.0),National and regional house price indices,I,COU,Country,FRAMET,Metropolitan France,A,Annual,RHPI,House price index,PA,Percent per annum,S,"Seasonally adjusted, not calendar adjusted",GY,"Growth rate, over 1 year",EXISTING,Existing,_T,Total,1997,,-0.361,,A,Normal value,0,Units,1,One,,
DATAFLOW,OECD.SDD.TPS:DSD_RHPI@DF_RHPI_ALL(1.0),National and regional house price indices,I,COU,Country,NOR,Norway,A,Annual,RHPI,House price index,PA,Percent per annum,S,"Seasonally adjusted, not calendar adjusted",GY,"Growth rate, over 1 year",EXISTING,Existing,_T,Total,2024,,2.681,,A,Normal value,0,Units,1,One,,
DATAFLOW,OECD.SDD.TPS:DSD_RHPI@DF_RHPI_ALL(1.0),National and regional house price indices,I,COU,Country,NOR,Norway,A,Annual,RHPI,House price index,PA,Percent per annum,S,"Seasonally adjusted, not calendar adjusted",GY,"Growth rate, over 1 year",EXISTING,Existing,_T,Total,2023,,-0.583,,A,Normal value,0,Units,1,One,,
DATAFLOW,OECD.SDD.TPS:DSD_RHPI@DF_RHPI_ALL(1.0),National and regional house price indices,I,COU,Country,NOR,Norway,A,Annual,RHPI,House price index,PA,Percent per annum,S,"Seasonally adjusted, not calendar adjusted",GY,"Growth rate, over 1 year",EXISTING,Existing,_T,Total,2022,,5.239,,A,Normal value,0,Units,1,One,,
DATAFLOW,OECD.SDD.TPS:DSD_RHPI@DF_RHPI_ALL(1.0),National and regional house price indices,I,COU,Country,NOR,Norway,A,Annual,RHPI,House price index,PA,Percent per annum,S,"Seasonally adjusted, not calendar adjusted",GY,"Growth rate, over 1 year",EXISTING,Existing,_T,Total,2021,,10.443,,A,Normal value,0,Units,1,One,,
DATAFLOW,OECD.SDD.TPS:DSD_RHPI@DF_RHPI_ALL(1.0),National and regional house price indices,I,COU,Country,NOR,Norway,A,Annual,RHPI,House price index,PA,Percent per annum,S,"Seasonally adjusted, not calendar adjusted",GY,"Growth rate, over 1 year",EXISTING,Existing,_T,Total,2020,,4.301,,A,Normal value,0,Units,1,One,,
DATAFLOW,OECD.SDD.TPS:DSD_RHPI@DF_RHPI_ALL(1.0),National and regional house price indices,I,COU,Country,NOR,Norway,A,Annual,RHPI,House price index,PA,Percent per annum,S,"Seasonally adjusted, not calendar adjusted",GY,"Growth rate, over 1 year",EXISTING,Existing,_T,Total,2019,,2.501,,A,Normal value,0,Units,1,One,,
DATAFLOW,OECD.SDD.TPS:DSD_RHPI@DF_RHPI_ALL(1.0),National and regional house price indices,I,COU,Country,NOR,Norway,A,Annual,RHPI,House price index,PA,Percent per annum,S,"Seasonally adjusted, not calendar adjusted",GY,"Growth rate, over 1 year",EXISTING,Existing,_T,Total,2018,,1.424,,A,Normal value,0,Units,1,One,,
DATAFLOW,OECD.SDD.TPS:DSD_RHPI@DF_RHPI_ALL(1.0),National and regional house price indices,I,COU,Country,NOR,Norway,A,Annual,RHPI,House price index,PA,Percent per annum,S,"Seasonally adjusted, not calendar adjusted",GY,"Growth rate, over 1 year",EXISTING,Existing,_T,Total,2017,,4.95,,A,Normal value,0,Units,1,One,,
DATAFLOW,OECD.SDD.TPS:DSD_RHPI@DF_RHPI_ALL(1.0),National and regional house price indices,I,COU,Country,NOR,Norway,A,Annual,RHPI,House price index,PA,Percent per annum,S,"Seasonally adjusted, not calendar adjusted",GY,"Growth rate, over 1 year",EXISTING,Existing,_T,Total,2016,,7.075,,A,Normal value,0,Units,1,One,,
DATAFLOW,OECD.SDD.TPS:DSD_RHPI@DF_RHPI_ALL(1.0),National and regional house price indices,I,COU,Country,NOR,Norway,A,Annual,RHPI,House price index,PA,Percent per annum,S,"Seasonally adjusted, not calendar adjusted",GY,"Growth rate, over 1 year",EXISTING,Existing,_T,Total,2015,,6.073,,A,Normal value,0,Units,1,One,,
DATAFLOW,OECD.SDD.TPS:DSD_RHPI@DF_RHPI_ALL(1.0),National and regional house price indices,I,COU,Country,NOR,Norway,A,Annual,RHPI,House price index,PA,Percent per annum,S,"Seasonally adjusted, not calendar adjusted",GY,"Growth rate, over 1 year",EXISTING,Existing,_T,Total,2014,,2.78,,A,Normal value,0,Units,1,One,,
DATAFLOW,OECD.SDD.TPS:DSD_RHPI@DF_RHPI_ALL(1.0),National and regional house price indices,I,COU,Country,NOR,Norway,A,Annual,RHPI,House price index,PA,Percent per annum,S,"Seasonally adjusted, not calendar adjusted",GY,"Growth rate, over 1 year",EXISTING,Existing,_T,Total,2013,,4.026,,A,Normal value,0,Units,1,One,,
DATAFLOW,OECD.SDD.TPS:DSD_RHPI@DF_RHPI_ALL(1.0),National and regional house price indices,I,COU,Country,NOR,Norway,A,Annual,RHPI,House price index,PA,Percent per annum,S,"Seasonally adjusted, not calendar adjusted",GY,"Growth rate, over 1 year",EXISTING,Existing,_T,Total,2012,,6.749,,A,Normal value,0,Units,1,One,,
DATAFLOW,OECD.SDD.TPS:DSD_RHPI@DF_RHPI_ALL(1.0),National and regional house price indices,I,COU,Country,NOR,Norway,A,Annual,RHPI,House price index,PA,Percent per annum,S,"Seasonally adjusted, not calendar adjusted",GY,"Growth rate, over 1 year",EXISTING,Existing,_T,Total,2011,,7.974,,A,Normal value,0,Units,1,One,,
DATAFLOW,OECD.SDD.TPS:DSD_RHPI@DF_RHPI_ALL(1.0),National and regional house price indices,I,COU,Country,NOR,Norway,A,Annual,RHPI,House price index,PA,Percent per annum,S,"Seasonally adjusted, not calendar adjusted",GY,"Growth rate, over 1 year",EXISTING,Existing,_T,Total,2010,,8.242,,A,Normal value,0,Units,1,One,,
DATAFLOW,OECD.SDD.TPS:DSD_RHPI@DF_RHPI_ALL(1.0),National and regional house price indices,I,COU,Country,NOR,Norway,A,Annual,RHPI,House price index,PA,Percent per annum,S,"Seasonally adjusted, not calendar adjusted",GY,"Growth rate, over 1 year",EXISTING,Existing,_T,Total,2009,,1.947,,A,Normal value,0,Units,1,One,,
DATAFLOW,OECD.SDD.TPS:DSD_RHPI@DF_RHPI_ALL(1.0),National and regional house price indices,I,COU,Country,NOR,Norway,A,Annual,RHPI,House price index,PA,Percent per annum,S,"Seasonally adjusted, not calendar adjusted",GY,"Growth rate, over 1 year",EXISTING,Existing,_T,Total,2008,,-1.106,,A,Normal value,0,Units,1,One,,
DATAFLOW,OECD.SDD.TPS:DSD_RHPI@DF_RHPI_ALL(1.0),National and regional house price indices,I,COU,Country,NOR,Norway,A,Annual,RHPI,House price index,PA,Percent per annum,S,"Seasonally adjusted, not calendar adjusted",GY,"Growth rate, over 1 year",EXISTING,Existing,_T,Total,2007,,12.565,,A,Normal value,0,Units,1,One,,
DATAFLOW,OECD.SDD.TPS:DSD_RHPI@DF_RHPI_ALL(1.0),National and regional house price indices,I,COU,Country,NOR,Norway,A,Annual,RHPI,House price index,PA,Percent per annum,S,"Seasonally adjusted, not calendar adjusted",GY,"Growth rate, over 1 year",EXISTING,Existing,_T,Total,2006,,13.641,,A,Normal value,0,Units,1,One,,
DATAFLOW,OECD.SDD.TPS:DSD_RHPI@DF_RHPI_ALL(1.0),National and regional house price indices,I,COU,Country,FRA,France,A,Annual,RHPI,House price index,PA,Percent per annum,S,"Seasonally adjusted, not calendar adjusted",GY,"Growth rate, over 1 year",EXISTING,Existing,_T,Total,2024,,-4.019,,A,Normal value,0,Units,1,One,,
DATAFLOW,OECD.SDD.TPS:DSD_RHPI@DF_RHPI_ALL(1.0),National and regional house price indices,I,COU,Country,FRA,France,A,Annual,RHPI,House price index,PA,Percent per annum,S,"Seasonally adjusted, not calendar adjusted",GY,"Growth rate, over 1 year",EXISTING,Existing,_T,Total,2023,,-0.662,,A,Normal value,0,Units,1,One,,
DATAFLOW,OECD.SDD.TPS:DSD_RHPI@DF_RHPI_ALL(1.0),National and regional house price indices,I,COU,Country,FRA,France,A,Annual,RHPI,House price index,PA,Percent per annum,S,"Seasonally adjusted, not calendar adjusted",GY,"Growth rate, over 1 year",EXISTING,Existing,_T,Total,2022,,6.295,,A,Normal value,0,Units,1,One,,
DATAFLOW,OECD.SDD.TPS:DSD_RHPI@DF_RHPI_ALL(1.0),National and regional house price indices,I,COU,Country,FRA,France,A,Annual,RHPI,House price index,PA,Percent per annum,S,"Seasonally adjusted, not calendar adjusted",GY,"Growth rate, over 1 year",EXISTING,Existing,_T,Total,2021,,6.672,,A,Normal value,0,Units,1,One,,
DATAFLOW,OECD.SDD.TPS:DSD_RHPI@DF_RHPI_ALL(1.0),National and regional house price indices,I,COU,Country,FRA,France,A,Annual,RHPI,House price index,PA,Percent per annum,S,"Seasonally adjusted, not calendar adjusted",GY,"Growth rate, over 1 year",EXISTING,Existing,_T,Total,2020,,5.524,,A,Normal value,0,Units,1,One,,
DATAFLOW,OECD.SDD.TPS:DSD_RHPI@DF_RHPI_ALL(1.0),National and regional house price indices,I,COU,Country,FRA,France,A,Annual,RHPI,House price index,PA,Percent per annum,S,"Seasonally adjusted, not calendar adjusted",GY,"Growth rate, over 1 year",EXISTING,Existing,_T,Total,2019,,3.273,,A,Normal value,0,Units,1,One,,
DATAFLOW,OECD.SDD.TPS:DSD_RHPI@DF_RHPI_ALL(1.0),National and regional house price indices,I,COU,Country,FRA,France,A,Annual,RHPI,House price index,PA,Percent per annum,S,"Seasonally adjusted, not calendar adjusted",GY,"Growth rate, over 1 year",EXISTING,Existing,_T,Total,2018,,3.011,,A,Normal value,0,Units,1,One,,
DATAFLOW,OECD.SDD.TPS:DSD_RHPI@DF_RHPI_ALL(1.0),National and regional house price indices,I,COU,Country,FRAMET,Metropolitan France,A,Annual,RHPI,House price index,PA,Percent per annum,S,"Seasonally adjusted, not calendar adjusted",GY,"Growth rate, over 1 year",EXISTING,Existing,_T,Total,2024,,-4.048,,A,Normal value,0,Units,1,One,,
DATAFLOW,OECD.SDD.TPS:DSD_RHPI@DF_RHPI_ALL(1.0),National and regional house price indices,I,COU,Country,FRAMET,Metropolitan France,A,Annual,RHPI,House price index,PA,Percent per annum,S,"Seasonally adjusted, not calendar adjusted",GY,"Growth rate, over 1 year",EXISTING,Existing,_T,Total,2023,,-0.661,,A,Normal value,0,Units,1,One,,
DATAFLOW,OECD.SDD.TPS:DSD_RHPI@DF_RHPI_ALL(1.0),National and regional house price indices,I,COU,Country,FRAMET,Metropolitan France,A,Annual,RHPI,House price index,PA,Percent per annum,S,"Seasonally adjusted, not calendar adjusted",GY,"Growth rate, over 1 year",EXISTING,Existing,_T,Total,2022,,6.301,,A,Normal value,0,Units,1,One,,
DATAFLOW,OECD.SDD.TPS:DSD_RHPI@DF_RHPI_ALL(1.0),National and regional house price indices,I,COU,Country,FRAMET,Metropolitan France,A,Annual,RHPI,House price index,PA,Percent per annum,S,"Seasonally adjusted, not calendar adjusted",GY,"Growth rate, over 1 year",EXISTING,Existing,_T,Total,2021,,6.657,,A,Normal value,0,Units,1,One,,
DATAFLOW,OECD.SDD.TPS:DSD_RHPI@DF_RHPI_ALL(1.0),National and regional house price indices,I,COU,Country,FRAMET,Metropolitan France,A,Annual,RHPI,House price index,PA,Percent per annum,S,"Seasonally adjusted, not calendar adjusted",GY,"Growth rate, over 1 year",EXISTING,Existing,_T,Total,2020,,5.558,,A,Normal value,0,Units,1,One,,
DATAFLOW,OECD.SDD.TPS:DSD_RHPI@DF_RHPI_ALL(1.0),National and regional house price indices,I,COU,Country,FRAMET,Metropolitan France,A,Annual,RHPI,House price index,PA,Percent per annum,S,"Seasonally adjusted, not calendar adjusted",GY,"Growth rate, over 1 year",EXISTING,Existing,_T,Total,2019,,3.291,,A,Normal value,0,Units,1,One,,
DATAFLOW,OECD.SDD.TPS:DSD_RHPI@DF_RHPI_ALL(1.0),National and regional house price indices,I,COU,Country,FRAMET,Metropolitan France,A,Annual,RHPI,House price index,PA,Percent per annum,S,"Seasonally adjusted, not calendar adjusted",GY,"Growth rate, over 1 year",EXISTING,Existing,_T,Total,2018,,3.03,,A,Normal value,0,Units,1,One,,
DATAFLOW,OECD.SDD.TPS:DSD_RHPI@DF_RHPI_ALL(1.0),National and regional house price indices,I,COU,Country,FRAMET,Metropolitan France,A,Annual,RHPI,House price index,PA,Percent per annum,S,"Seasonally adjusted, not calendar adjusted",GY,"Growth rate, over 1 year",EXISTING,Existing,_T,Total,2017,,3.022,,A,Normal value,0,Units,1,One,,
DATAFLOW,OECD.SDD.TPS:DSD_RHPI@DF_RHPI_ALL(1.0),National and regional house price indices,I,COU,Country,FRAMET,Metropolitan France,A,Annual,RHPI,House price index,PA,Percent per annum,S,"Seasonally adjusted, not calendar adjusted",GY,"Growth rate, over 1 year",EXISTING,Existing,_T,Total,2016,,0.925,,A,Normal value,0,Units,1,One,,
DATAFLOW,OECD.SDD.TPS:DSD_RHPI@DF_RHPI_ALL(1.0),National and regional house price indices,I,COU,Country,FRAMET,Metropolitan France,A,Annual,RHPI,House price index,PA,Percent per annum,S,"Seasonally adjusted, not calendar adjusted",GY,"Growth rate, over 1 year",EXISTING,Existing,_T,Total,2015,,-1.889,,A,Normal value,0,Units,1,One,,
DATAFLOW,OECD.SDD.TPS:DSD_RHPI@DF_RHPI_ALL(1.0),National and regional house price indices,I,COU,Country,FRAMET,Metropolitan France,A,Annual,RHPI,House price index,PA,Percent per annum,S,"Seasonally adjusted, not calendar adjusted",GY,"Growth rate, over 1 year",EXISTING,Existing,_T,Total,2014,,-1.806,,A,Normal value,0,Units,1,One,,
DATAFLOW,OECD.SDD.TPS:DSD_RHPI@DF_RHPI_ALL(1.0),National and regional house price indices,I,COU,Country,FRAMET,Metropolitan France,A,Annual,RHPI,House price index,PA,Percent per annum,S,"Seasonally adjusted, not calendar adjusted",GY,"Growth rate, over 1 year",EXISTING,Existing,_T,Total,2013,,-2.052,,A,Normal value,0,Units,1,One,,
DATAFLOW,OECD.SDD.TPS:DSD_RHPI@DF_RHPI_ALL(1.0),National and regional house price indices,I,COU,Country,FRAMET,Metropolitan France,A,Annual,RHPI,House price index,PA,Percent per annum,S,"Seasonally adjusted, not calendar adjusted",GY,"Growth rate, over 1 year",EXISTING,Existing,_T,Total,2012,,-0.54,,A,Normal value,0,Units,1,One,,
DATAFLOW,OECD.SDD.TPS:DSD_RHPI@DF_RHPI_ALL(1.0),National and regional house price indices,I,COU,Country,FRAMET,Metropolitan France,A,Annual,RHPI,House price index,PA,Percent per annum,S,"Seasonally adjusted, not calendar adjusted",GY,"Growth rate, over 1 year",EXISTING,Existing,_T,Total,2011,,5.941,,A,Normal value,0,Units,1,One,,
DATAFLOW,OECD.SDD.TPS:DSD_RHPI@DF_RHPI_ALL(1.0),National and regional house price indices,I,COU,Country,FRAMET,Metropolitan France,A,Annual,RHPI,House price index,PA,Percent per annum,S,"Seasonally adjusted, not calendar adjusted",GY,"Growth rate, over 1 year",EXISTING,Existing,_T,Total,2010,,5.094,,A,Normal value,0,Units,1,One,,
DATAFLOW,OECD.SDD.TPS:DSD_RHPI@DF_RHPI_ALL(1.0),National and regional house price indices,I,COU,Country,FRAMET,Metropolitan France,A,Annual,RHPI,House price index,PA,Percent per annum,S,"Seasonally adjusted, not calendar adjusted",GY,"Growth rate, over 1 year",EXISTING,Existing,_T,Total,2009,,-7.11,,A,Normal value,0,Units,1,One,,
DATAFLOW,OECD.SDD.TPS:DSD_RHPI@DF_RHPI_ALL(1.0),National and regional house price indices,I,COU,Country,FRAMET,Metropolitan France,A,Annual,RHPI,House price index,PA,Percent per annum,S,"Seasonally adjusted, not calendar adjusted",GY,"Growth rate, over 1 year",EXISTING,Existing,_T,Total,2008,,0.931,,A,Normal value,0,Units,1,One,,
