STRUCTURE,STRUCTURE_ID,STRUCTURE_NAME,ACTION,FREQ,Frequency of observation,TERRITORIAL_LEVEL,Territorial level,REF_AREA,Reference area,TERRITORIAL_TYPE,Territorial typology,MEASURE,Measure,AGE,Age,SEX,Sex,UNIT_MEASURE,Unit of measure,TIME_PERIOD,Time period,OBS_VALUE,Observation value,COUNTRY,Country,OBS_STATUS,Observation status,UNIT_MULT,Unit multiplier,DECIMALS,Decimals
DATAFLOW,OECD.CFE.EDS:DSD_REG_SOC@DF_SOC(2.2),Social statistics - Regions,I,A,Annual,CTRY,Country,AUS,Australia,_Z,Not applicable,HOME_OWN_OUTRIGHT,Outright homeowners (without a morgage),_Z,Not applicable,_T,Total,PT_POP,Percentage of population,2018,,23.88,,AUS,Australia,A,Normal value,0,Units,1,One
DATAFLOW,OECD.CFE.EDS:DSD_REG_SOC@DF_SOC(2.2),Social statistics - Regions,I,A,Annual,CTRY,Country,AUS,Australia,_Z,Not applicable,HOME_OWN_MORTGAGE,Homeowners with a morgage,_Z,Not applicable,_T,Total,PT_POP,Percentage of population,2014,,43.79,,AUS,Australia,A,Normal value,0,Units,1,One
DATAFLOW,OECD.CFE.EDS:DSD_REG_SOC@DF_SOC(2.2),Social statistics - Regions,I,A,Annual,CTRY,Country,AUS,Australia,_Z,Not applicable,HOME_OWN_MORTGAGE,Homeowners with a morgage,_Z,Not applicable,_T,Total,PT_POP,Percentage of population,2016,,45.25,,AUS,Australia,A,Normal value,0,Units,1,One
DATAFLOW,OECD.CFE.EDS:DSD_REG_SOC@DF_SOC(2.2),Social statistics - Regions,I,A,Annual,CTRY,Country,AUS,Australia,_Z,Not applicable,HOME_OWN_MORTGAGE,Homeowners with a morgage,_Z,Not applicable,_T,Total,PT_POP,Percentage of population,2018,,44.9,,AUS,Australia,A,Normal value,0,Units,1,One
DATAFLOW,OECD.CFE.EDS:DSD_REG_SOC@DF_SOC(2.2),Social statistics - Regions,I,A,Annual,CTRY,Country,AUS,Australia,_Z,Not applicable,HOME_OWN_OUTRIGHT,Outright homeowners (without a morgage),_Z,Not applicable,_T,Total,PT_POP,Percentage of population,2016,,25.64,,AUS,Australia,A,Normal value,0,Units,1,One
DATAFLOW,OECD.CFE.EDS:DSD_REG_SOC@DF_SOC(2.2),Social statistics - Regions,I,A,Annual,CTRY,Country,AUS,Australia,_Z,Not applicable,HOME_OWN_OUTRIGHT,Outright homeowners (without a morgage),_Z,Not applicable,_T,Total,PT_POP,Percentage of population,2010,,28.36,,AUS,Australia,A,Normal value,0,Units,1,One
DATAFLOW,OECD.CFE.EDS:DSD_REG_SOC@DF_SOC(2.2),Social statistics - Regions,I,A,Annual,CTRY,Country,AUS,Australia,_Z,Not applicable,HOME_OWN_MORTGAGE,Homeowners with a morgage,_Z,Not applicable,_T,Total,PT_POP,Percentage of population,2010,,42.96,,AUS,Australia,A,Normal value,0,Units,1,One
DATAFLOW,OECD.CFE.EDS:DSD_REG_SOC@DF_SOC(2.2),Social statistics - Regions,I,A,Annual,CTRY,Country,AUT,Austria,_Z,Not applicable,HOME_OWN_OUTRIGHT,Outright homeowners (without a morgage),_Z,Not applicable,_T,Total,PT_POP,Percentage of population,2017,,29.66,,AUT,Austria,A,Normal value,0,Units,1,One
DATAFLOW,OECD.CFE.EDS:DSD_REG_SOC@DF_SOC(2.2),Social statistics - Regions,I,A,Annual,CTRY,Country,AUT,Austria,_Z,Not applicable,HOME_OWN_OUTRIGHT,Outright homeowners (without a morgage),_Z,Not applicable,_T,Total,PT_POP,Percentage of population,2018,,29.91,,AUT,Austria,A,Normal value,0,Units,1,One
DATAFLOW,OECD.CFE.EDS:DSD_REG_SOC@DF_SOC(2.2),Social statistics - Regions,I,A,Annual,CTRY,Country,AUT,Austria,_Z,Not applicable,HOME_OWN_OUTRIGHT,Outright homeowners (without a morgage),_Z,Not applicable,_T,Total,PT_POP,Percentage of population,2014,,29.71,,AUT,Austria,A,Normal value,0,Units,1,One
DATAFLOW,OECD.CFE.EDS:DSD_REG_SOC@DF_SOC(2.2),Social statistics - Regions,I,A,Annual,CTRY,Country,AUT,Austria,_Z,Not applicable,HOME_OWN_OUTRIGHT,Outright homeowners (without a morgage),_Z,Not applicable,_T,Total,PT_POP,Percentage of population,2015,,29.43,,AUT,Austria,A,Normal value,0,Units,1,One
DATAFLOW,OECD.CFE.EDS:DSD_REG_SOC@DF_SOC(2.2),Social statistics - Regions,I,A,Annual,CTRY,Country,AUT,Austria,_Z,Not applicable,HOME_OWN_MORTGAGE,Homeowners with a morgage,_Z,Not applicable,_T,Total,PT_POP,Percentage of population,2010,,23.25,,AUT,Austria,A,Normal value,0,Units,1,One
DATAFLOW,OECD.CFE.EDS:DSD_REG_SOC@DF_SOC(2.2),Social statistics - Regions,I,A,Annual,CTRY,Country,AUT,Austria,_Z,Not applicable,HOME_OWN_OUTRIGHT,Outright homeowners (without a morgage),_Z,Not applicable,_T,Total,PT_POP,Percentage of population,2011,,30.81,,AUT,Austria,A,Normal value,0,Units,1,One
DATAFLOW,OECD.CFE.EDS:DSD_REG_SOC@DF_SOC(2.2),Social statistics - Regions,I,A,Annual,CTRY,Country,AUT,Austria,_Z,Not applicable,HOME_OWN_MORTGAGE,Homeowners with a morgage,_Z,Not applicable,_T,Total,PT_POP,Percentage of population,2011,,26.66,,AUT,Austria,A,Normal value,0,Units,1,One
DATAFLOW,OECD.CFE.EDS:DSD_REG_SOC@DF_SOC(2.2),Social statistics - Regions,I,A,Annual,CTRY,Country,AUT,Austria,_Z,Not applicable,HOME_OWN_OUTRIGHT,Outright homeowners (without a morgage),_Z,Not applicable,_T,Total,PT_POP,Percentage of population,2010,,28.87,,AUT,Austria,A,Normal value,0,Units,1,One
DATAFLOW,OECD.CFE.EDS:DSD_REG_SOC@DF_SOC(2.2),Social statistics - Regions,I,A,Annual,CTRY,Country,AUT,Austria,_Z,Not applicable,HOME_OWN_OUTRIGHT,Outright homeowners (without a morgage),_Z,Not applicable,_T,Total,PT_POP,Percentage of population,2013,,31.47,,AUT,Austria,A,Normal value,0,Units,1,One
DATAFLOW,OECD.CFE.EDS:DSD_REG_SOC@DF_SOC(2.2),Social statistics - Regions,I,A,Annual,CTRY,Country,AUT,Austria,_Z,Not applicable,HOME_OWN_MORTGAGE,Homeowners with a morgage,_Z,Not applicable,_T,Total,PT_POP,Percentage of population,2012,,26.68,,AUT,Austria,A,Normal value,0,Units,1,One
DATAFLOW,OECD.CFE.EDS:DSD_REG_SOC@DF_SOC(2.2),Social statistics - Regions,I,A,Annual,CTRY,Country,AUT,Austria,_Z,Not applicable,HOME_OWN_MORTGAGE,Homeowners with a morgage,_Z,Not applicable,_T,Total,PT_POP,Percentage of population,2013,,25.61,,AUT,Austria,A,Normal value,0,Units,1,One
DATAFLOW,OECD.CFE.EDS:DSD_REG_SOC@DF_SOC(2.2),Social statistics - Regions,I,A,Annual,CTRY,Country,AUT,Austria,_Z,Not applicable,HOME_OWN_MORTGAGE,Homeowners with a morgage,_Z,Not applicable,_T,Total,PT_POP,Percentage of population,2014,,25.88,,AUT,Austria,A,Normal value,0,Units,1,One
DATAFLOW,OECD.CFE.EDS:DSD_REG_SOC@DF_SOC(2.2),Social statistics - Regions,I,A,Annual,CTRY,Country,AUT,Austria,_Z,Not applicable,HOME_OWN_MORTGAGE,Homeowners with a morgage,_Z,Not applicable,_T,Total,PT_POP,Percentage of population,2015,,25.51,,AUT,Austria,A,Normal value,0,Units,1,One
DATAFLOW,OECD.CFE.EDS:DSD_REG_SOC@DF_SOC(2.2),Social statistics - Regions,I,A,Annual,CTRY,Country,AUT,Austria,_Z,Not applicable,HOME_OWN_MORTGAGE,Homeowners with a morgage,_Z,Not applicable,_T,Total,PT_POP,Percentage of population,2016,,24.62,,AUT,Austria,A,Normal value,0,Units,1,One
DATAFLOW,OECD.CFE.EDS:DSD_REG_SOC@DF_SOC(2.2),Social statistics - Regions,I,A,Annual,CTRY,Country,AUT,Austria,_Z,Not applicable,HOME_OWN_MORTGAGE,Homeowners with a morgage,_Z,Not applicable,_T,Total,PT_POP,Percentage of population,2017,,25.69,,AUT,Austria,A,Normal value,0,Units,1,One
DATAFLOW,OECD.CFE.EDS:DSD_REG_SOC@DF_SOC(2.2),Social statistics - Regions,I,A,Annual,CTRY,Country,AUT,Austria,_Z,Not applicable,HOME_OWN_MORTGAGE,Homeowners with a morgage,_Z,Not applicable,_T,Total,PT_POP,Percentage of population,2018,,25.24,,AUT,Austria,A,Normal value,0,Units,1,One
DATAFLOW,OECD.CFE.EDS:DSD_REG_SOC@DF_SOC(2.2),Social statistics - Regions,I,A,Annual,CTRY,Country,AUT,Austria,_Z,Not applicable,HOME_OWN_MORTGAGE,Homeowners with a morgage,_Z,Not applicable,_T,Total,PT_POP,Percentage of population,2019,,25.57,,AUT,Austria,A,Normal value,0,Units,1,One
DATAFLOW,OECD.CFE.EDS:DSD_REG_SOC@DF_SOC(2.2),Social statistics - Regions,I,A,Annual,CTRY,Country,AUT,Austria,_Z,Not applicable,HOME_OWN_MORTGAGE,Homeowners with a morgage,_Z,Not applicable,_T,Total,PT_POP,Percentage of population,2020,,23.83,,AUT,Austria,A,Normal value,0,Units,1,One
DATAFLOW,OECD.CFE.EDS:DSD_REG_SOC@DF_SOC(2.2),Social statistics - Regions,I,A,Annual,CTRY,Country,AUT,Austria,_Z,Not applicable,HOME_OWN_OUTRIGHT,Outright homeowners (without a morgage),_Z,Not applicable,_T,Total,PT_POP,Percentage of population,2016,,30.25,,AUT,Austria,A,Normal value,0,Units,1,One
DATAFLOW,OECD.CFE.EDS:DSD_REG_SOC@DF_SOC(2.2),Social statistics - Regions,I,A,Annual,CTRY,Country,AUT,Austria,_Z,Not applicable,HOME_OWN_OUTRIGHT,Outright homeowners (without a morgage),_Z,Not applicable,_T,Total,PT_POP,Percentage of population,2019,,29.68,,AUT,Austria,A,Normal value,0,Units,1,One
DATAFLOW,OECD.CFE.EDS:DSD_REG_SOC@DF_SOC(2.2),Social statistics - Regions,I,A,Annual,CTRY,Country,AUT,Austria,_Z,Not applicable,HOME_OWN_OUTRIGHT,Outright homeowners (without a morgage),_Z,Not applicable,_T,Total,PT_POP,Percentage of population,2020,,30.32,,AUT,Austria,A,Normal value,0,Units,1,One
DATAFLOW,OECD.CFE.EDS:DSD_REG_SOC@DF_SOC(2.2),Social statistics - Regions,I,A,Annual,CTRY,Country,BEL,Belgium,_Z,Not applicable,HOME_OWN_OUTRIGHT,Outright homeowners (without a morgage),_Z,Not applicable,_T,Total,PT_POP,Percentage of population,2015,,29.64,,BEL,Belgium,A,Normal value,0,Units,1,One
DATAFLOW,OECD.CFE.EDS:DSD_REG_SOC@DF_SOC(2.2),Social statistics - Regions,I,A,Annual,CTRY,Country,BEL,Belgium,_Z,Not applicable,HOME_OWN_MORTGAGE,Homeowners with a morgage,_Z,Not applicable,_T,Total,PT_POP,Percentage of population,2010,,42.09,,BEL,Belgium,A,Normal value,0,Units,1,One
DATAFLOW,OECD.CFE.EDS:DSD_REG_SOC@DF_SOC(2.2),Social statistics - Regions,I,A,Annual,CTRY,Country,BEL,Belgium,_Z,Not applicable,HOME_OWN_OUTRIGHT,Outright homeowners (without a morgage),_Z,Not applicable,_T,Total,PT_POP,Percentage of population,2012,,29.52,,BEL,Belgium,A,Normal value,0,Units,1,One
DATAFLOW,OECD.CFE.EDS:DSD_REG_SOC@DF_SOC(2.2),Social statistics - Regions,I,A,Annual,CTRY,Country,BEL,Belgium,_Z,Not applicable,HOME_OWN_MORTGAGE,Homeowners with a morgage,_Z,Not applicable,_T,Total,PT_POP,Percentage of population,2011,,41.91,,BEL,Belgium,A,Normal value,0,Units,1,One
DATAFLOW,OECD.CFE.EDS:DSD_REG_SOC@DF_SOC(2.2),Social statistics - Regions,I,A,Annual,CTRY,Country,BEL,Belgium,_Z,Not applicable,HOME_OWN_OUTRIGHT,Outright homeowners (without a morgage),_Z,Not applicable,_T,Total,PT_POP,Percentage of population,2017,,29.07,,BEL,Belgium,A,Normal value,0,Units,1,One
DATAFLOW,OECD.CFE.EDS:DSD_REG_SOC@DF_SOC(2.2),Social statistics - Regions,I,A,Annual,CTRY,Country,BEL,Belgium,_Z,Not applicable,HOME_OWN_MORTGAGE,Homeowners with a morgage,_Z,Not applicable,_T,Total,PT_POP,Percentage of population,2014,,42.44,,BEL,Belgium,A,Normal value,0,Units,1,One
DATAFLOW,OECD.CFE.EDS:DSD_REG_SOC@DF_SOC(2.2),Social statistics - Regions,I,A,Annual,CTRY,Country,BEL,Belgium,_Z,Not applicable,HOME_OWN_MORTGAGE,Homeowners with a morgage,_Z,Not applicable,_T,Total,PT_POP,Percentage of population,2015,,41.59,,BEL,Belgium,A,Normal value,0,Units,1,One
DATAFLOW,OECD.CFE.EDS:DSD_REG_SOC@DF_SOC(2.2),Social statistics - Regions,I,A,Annual,CTRY,Country,BEL,Belgium,_Z,Not applicable,HOME_OWN_MORTGAGE,Homeowners with a morgage,_Z,Not applicable,_T,Total,PT_POP,Percentage of population,2016,,43.38,,BEL,Belgium,A,Normal value,0,Units,1,One
DATAFLOW,OECD.CFE.EDS:DSD_REG_SOC@DF_SOC(2.2),Social statistics - Regions,I,A,Annual,CTRY,Country,BEL,Belgium,_Z,Not applicable,HOME_OWN_MORTGAGE,Homeowners with a morgage,_Z,Not applicable,_T,Total,PT_POP,Percentage of population,2017,,43.63,,BEL,Belgium,A,Normal value,0,Units,1,One
DATAFLOW,OECD.CFE.EDS:DSD_REG_SOC@DF_SOC(2.2),Social statistics - Regions,I,A,Annual,CTRY,Country,BEL,Belgium,_Z,Not applicable,HOME_OWN_MORTGAGE,Homeowners with a morgage,_Z,Not applicable,_T,Total,PT_POP,Percentage of population,2018,,42.73,,BEL,Belgium,A,Normal value,0,Units,1,One
DATAFLOW,OECD.CFE.EDS:DSD_REG_SOC@DF_SOC(2.2),Social statistics - Regions,I,A,Annual,CTRY,Country,BEL,Belgium,_Z,Not applicable,HOME_OWN_MORTGAGE,Homeowners with a morgage,_Z,Not applicable,_T,Total,PT_POP,Percentage of population,2019,,43.61,,BEL,Belgium,A,Normal value,0,Units,1,One
DATAFLOW,OECD.CFE.EDS:DSD_REG_SOC@DF_SOC(2.2),Social statistics - Regions,I,A,Annual,CTRY,Country,BEL,Belgium,_Z,Not applicable,HOME_OWN_MORTGAGE,Homeowners with a morgage,_Z,Not applicable,_T,Total,PT_POP,Percentage of population,2020,,61.61,,BEL,Belgium,A,Normal value,0,Units,1,One
DATAFLOW,OECD.CFE.EDS:DSD_REG_SOC@DF_SOC(2.2),Social statistics - Regions,I,A,Annual,CTRY,Country,BEL,Belgium,_Z,Not applicable,HOME_OWN_MORTGAGE,Homeowners with a morgage,_Z,Not applicable,_T,Total,PT_POP,Percentage of population,2021,,62.87,,BEL,Belgium,A,Normal value,0,Units,1,One
DATAFLOW,OECD.CFE.EDS:DSD_REG_SOC@DF_SOC(2.2),Social statistics - Regions,I,A,Annual,CTRY,Country,BEL,Belgium,_Z,Not applicable,HOME_OWN_OUTRIGHT,Outright homeowners (without a morgage),_Z,Not applicable,_T,Total,PT_POP,Percentage of population,2016,,29.21,,BEL,Belgium,A,Normal value,0,Units,1,One
DATAFLOW,OECD.CFE.EDS:DSD_REG_SOC@DF_SOC(2.2),Social statistics - Regions,I,A,Annual,CTRY,Country,BEL,Belgium,_Z,Not applicable,HOME_OWN_OUTRIGHT,Outright homeowners (without a morgage),_Z,Not applicable,_T,Total,PT_POP,Percentage of population,2011,,30.04,,BEL,Belgium,A,Normal value,0,Units,1,One
DATAFLOW,OECD.CFE.EDS:DSD_REG_SOC@DF_SOC(2.2),Social statistics - Regions,I,A,Annual,CTRY,Country,BEL,Belgium,_Z,Not applicable,HOME_OWN_OUTRIGHT,Outright homeowners (without a morgage),_Z,Not applicable,_T,Total,PT_POP,Percentage of population,2019,,27.63,,BEL,Belgium,A,Normal value,0,Units,1,One
DATAFLOW,OECD.CFE.EDS:DSD_REG_SOC@DF_SOC(2.2),Social statistics - Regions,I,A,Annual,CTRY,Country,BEL,Belgium,_Z,Not applicable,HOME_OWN_OUTRIGHT,Outright homeowners (without a morgage),_Z,Not applicable,_T,Total,PT_POP,Percentage of population,2020,,38.39,,BEL,Belgium,A,Normal value,0,Units,1,One
DATAFLOW,OECD.CFE.EDS:DSD_REG_SOC@DF_SOC(2.2),Social statistics - Regions,I,A,Annual,CTRY,Country,BEL,Belgium,_Z,Not applicable,HOME_OWN_OUTRIGHT,Outright homeowners (without a morgage),_Z,Not applicable,_T,Total,PT_POP,Percentage of population,2021,,37.13,,BEL,Belgium,A,Normal value,0,Units,1,One
DATAFLOW,OECD.CFE.EDS:DSD_REG_SOC@DF_SOC(2.2),Social statistics - Regions,I,A,Annual,CTRY,Country,BEL,Belgium,_Z,Not applicable,HOME_OWN_OUTRIGHT,Outright homeowners (without a morgage),_Z,Not applicable,_T,Total,PT_POP,Percentage of population,2010,,29.96,,BEL,Belgium,A,Normal value,0,Units,1,One
DATAFLOW,OECD.CFE.EDS:DSD_REG_SOC@DF_SOC(2.2),Social statistics - Regions,I,A,Annual,CTRY,Country,BEL,Belgium,_Z,Not applicable,HOME_OWN_OUTRIGHT,Outright homeowners (without a morgage),_Z,Not applicable,_T,Total,PT_POP,Percentage of population,2018,,28.72,,BEL,Belgium,A,Normal value,0,Units,1,One
DATAFLOW,OECD.CFE.EDS:DSD_REG_SOC@DF_SOC(2.2),Social statistics - Regions,I,A,Annual,CTRY,Country,BEL,Belgium,_Z,Not applicable,HOME_OWN_OUTRIGHT,Outright homeowners (without a morgage),_Z,Not applicable,_T,Total,PT_POP,Percentage of population,2013,,29.52,,BEL,Belgium,A,Normal value,0,Units,1,One
DATAFLOW,OECD.CFE.EDS:DSD_REG_SOC@DF_SOC(2.2),Social statistics - Regions,I,A,Annual,CTRY,Country,BEL,Belgium,_Z,Not applicable,HOME_OWN_MORTGAGE,Homeowners with a morgage,_Z,Not applicable,_T,Total,PT_POP,Percentage of population,2012,,43.14,,BEL,Belgium,A,Normal value,0,Units,1,One
DATAFLOW,OECD.CFE.EDS:DSD_REG_SOC@DF_SOC(2.2),Social statistics - Regions,I,A,Annual,CTRY,Country,BEL,Belgium,_Z,Not applicable,HOME_OWN_MORTGAGE,Homeowners with a morgage,_Z,Not applicable,_T,Total,PT_POP,Percentage of population,2013,,42.36,,BEL,Belgium,A,Normal value,0,Units,1,One
DATAFLOW,OECD.CFE.EDS:DSD_REG_SOC@DF_SOC(2.2),Social statistics - Regions,I,A,Annual,CTRY,Country,CAN,Canada,_Z,Not applicable,HOME_OWN_OUTRIGHT,Outright homeowners (without a morgage),_Z,Not applicable,_T,Total,PT_POP,Percentage of population,2011,,25.79,,CAN,Canada,A,Normal value,0,Units,1,One
DATAFLOW,OECD.CFE.EDS:DSD_REG_SOC@DF_SOC(2.2),Social statistics - Regions,I,A,Annual,CTRY,Country,CAN,Canada,_Z,Not applicable,HOME_OWN_OUTRIGHT,Outright homeowners (without a morgage),_Z,Not applicable,_T,Total,PT_POP,Percentage of population,2019,,26.5,,CAN,Canada,A,Normal value,0,Units,1,One
DATAFLOW,OECD.CFE.EDS:DSD_REG_SOC@DF_SOC(2.2),Social statistics - Regions,I,A,Annual,CTRY,Country,CAN,Canada,_Z,Not applicable,HOME_OWN_MORTGAGE,Homeowners with a morgage,_Z,Not applicable,_T,Total,PT_POP,Percentage of population,2010,,48.15,,CAN,Canada,A,Normal value,0,Units,1,One
DATAFLOW,OECD.CFE.EDS:DSD_REG_SOC@DF_SOC(2.2),Social statistics - Regions,I,A,Annual,CTRY,Country,CAN,Canada,_Z,Not applicable,HOME_OWN_OUTRIGHT,Outright homeowners (without a morgage),_Z,Not applicable,_T,Total,PT_POP,Percentage of population,2010,,26.76,,CAN,Canada,A,Normal value,0,Units,1,One
DATAFLOW,OECD.CFE.EDS:DSD_REG_SOC@DF_SOC(2.2),Social statistics - Regions,I,A,Annual,CTRY,Country,CAN,Canada,_Z,Not applicable,HOME_OWN_OUTRIGHT,Outright homeowners (without a morgage),_Z,Not applicable,_T,Total,PT_POP,Percentage of population,2014,,26.63,,CAN,Canada,A,Normal value,0,Units,1,One
DATAFLOW,OECD.CFE.EDS:DSD_REG_SOC@DF_SOC(2.2),Social statistics - Regions,I,A,Annual,CTRY,Country,CAN,Canada,_Z,Not applicable,HOME_OWN_OUTRIGHT,Outright homeowners (without a morgage),_Z,Not applicable,_T,Total,PT_POP,Percentage of population,2015,,25.73,,CAN,Canada,A,Normal value,0,Units,1,One
DATAFLOW,OECD.CFE.EDS:DSD_REG_SOC@DF_SOC(2.2),Social statistics - Regions,I,A,Annual,CTRY,Country,CAN,Canada,_Z,Not applicable,HOME_OWN_OUTRIGHT,Outright homeowners (without a morgage),_Z,Not applicable,_T,Total,PT_POP,Percentage of population,2012,,27.78,,CAN,Canada,A,Normal value,0,Units,1,One
DATAFLOW,OECD.CFE.EDS:DSD_REG_SOC@DF_SOC(2.2),Social statistics - Regions,I,A,Annual,CTRY,Country,CAN,Canada,_Z,Not applicable,HOME_OWN_OUTRIGHT,Outright homeowners (without a morgage),_Z,Not applicable,_T,Total,PT_POP,Percentage of population,2017,,25.77,,CAN,Canada,A,Normal value,0,Units,1,One
DATAFLOW,OECD.CFE.EDS:DSD_REG_SOC@DF_SOC(2.2),Social statistics - Regions,I,A,Annual,CTRY,Country,CAN,Canada,_Z,Not applicable,HOME_OWN_OUTRIGHT,Outright homeowners (without a morgage),_Z,Not applicable,_T,Total,PT_POP,Percentage of population,2018,,25.38,,CAN,Canada,A,Normal value,0,Units,1,One
DATAFLOW,OECD.CFE.EDS:DSD_REG_SOC@DF_SOC(2.2),Social statistics - Regions,I,A,Annual,CTRY,Country,CAN,Canada,_Z,Not applicable,HOME_OWN_MORTGAGE,Homeowners with a morgage,_Z,Not applicable,_T,Total,PT_POP,Percentage of population,2011,,48.74,,CAN,Canada,A,Normal value,0,Units,1,One
DATAFLOW,OECD.CFE.EDS:DSD_REG_SOC@DF_SOC(2.2),Social statistics - Regions,I,A,Annual,CTRY,Country,CAN,Canada,_Z,Not applicable,HOME_OWN_OUTRIGHT,Outright homeowners (without a morgage),_Z,Not applicable,_T,Total,PT_POP,Percentage of population,2013,,27.27,,CAN,Canada,A,Normal value,0,Units,1,One
DATAFLOW,OECD.CFE.EDS:DSD_REG_SOC@DF_SOC(2.2),Social statistics - Regions,I,A,Annual,CTRY,Country,CAN,Canada,_Z,Not applicable,HOME_OWN_MORTGAGE,Homeowners with a morgage,_Z,Not applicable,_T,Total,PT_POP,Percentage of population,2012,,46.55,,CAN,Canada,A,Normal value,0,Units,1,One
DATAFLOW,OECD.CFE.EDS:DSD_REG_SOC@DF_SOC(2.2),Social statistics - Regions,I,A,Annual,CTRY,Country,CAN,Canada,_Z,Not applicable,HOME_OWN_MORTGAGE,Homeowners with a morgage,_Z,Not applicable,_T,Total,PT_POP,Percentage of population,2013,,46.51,,CAN,Canada,A,Normal value,0,Units,1,One
DATAFLOW,OECD.CFE.EDS:DSD_REG_SOC@DF_SOC(2.2),Social statistics - Regions,I,A,Annual,CTRY,Country,CAN,Canada,_Z,Not applicable,HOME_OWN_MORTGAGE,Homeowners with a morgage,_Z,Not applicable,_T,Total,PT_POP,Percentage of population,2014,,47.32,,CAN,Canada,A,Normal value,0,Units,1,One
DATAFLOW,OECD.CFE.EDS:DSD_REG_SOC@DF_SOC(2.2),Social statistics - Regions,I,A,Annual,CTRY,Country,CAN,Canada,_Z,Not applicable,HOME_OWN_MORTGAGE,Homeowners with a morgage,_Z,Not applicable,_T,Total,PT_POP,Percentage of population,2015,,47.34,,CAN,Canada,A,Normal value,0,Units,1,One
DATAFLOW,OECD.CFE.EDS:DSD_REG_SOC@DF_SOC(2.2),Social statistics - Regions,I,A,Annual,CTRY,Country,CAN,Canada,_Z,Not applicable,HOME_OWN_MORTGAGE,Homeowners with a morgage,_Z,Not applicable,_T,Total,PT_POP,Percentage of population,2016,,46.8,,CAN,Canada,A,Normal value,0,Units,1,One
DATAFLOW,OECD.CFE.EDS:DSD_REG_SOC@DF_SOC(2.2),Social statistics - Regions,I,A,Annual,CTRY,Country,CAN,Canada,_Z,Not applicable,HOME_OWN_MORTGAGE,Homeowners with a morgage,_Z,Not applicable,_T,Total,PT_POP,Percentage of population,2017,,47.24,,CAN,Canada,A,Normal value,0,Units,1,One
DATAFLOW,OECD.CFE.EDS:DSD_REG_SOC@DF_SOC(2.2),Social statistics - Regions,I,A,Annual,CTRY,Country,CAN,Canada,_Z,Not applicable,HOME_OWN_MORTGAGE,Homeowners with a morgage,_Z,Not applicable,_T,Total,PT_POP,Percentage of population,2018,,47.71,,CAN,Canada,A,Normal value,0,Units,1,One
DATAFLOW,OECD.CFE.EDS:DSD_REG_SOC@DF_SOC(2.2),Social statistics - Regions,I,A,Annual,CTRY,Country,CAN,Canada,_Z,Not applicable,HOME_OWN_MORTGAGE,Homeowners with a morgage,_Z,Not applicable,_T,Total,PT_POP,Percentage of population,2019,,47.32,,CAN,Canada,A,Normal value,0,Units,1,One
DATAFLOW,OECD.CFE.EDS:DSD_REG_SOC@DF_SOC(2.2),Social statistics - Regions,I,A,Annual,CTRY,Country,COL,Colombia,_Z,Not applicable,HOME_OWN_OUTRIGHT,Outright homeowners (without a morgage),_Z,Not applicable,_T,Total,PT_POP,Percentage of population,2019,,36.3,,COL,Colombia,A,Normal value,0,Units,1,One
DATAFLOW,OECD.CFE.EDS:DSD_REG_SOC@DF_SOC(2.2),Social statistics - Regions,I,A,Annual,CTRY,Country,COL,Colombia,_Z,Not applicable,HOME_OWN_OUTRIGHT,Outright homeowners (without a morgage),_Z,Not applicable,_T,Total,PT_POP,Percentage of population,2020,,34.33,,COL,Colombia,A,Normal value,0,Units,1,One
DATAFLOW,OECD.CFE.EDS:DSD_REG_SOC@DF_SOC(2.2),Social statistics - Regions,I,A,Annual,CTRY,Country,COL,Colombia,_Z,Not applicable,HOME_OWN_OUTRIGHT,Outright homeowners (without a morgage),_Z,Not applicable,_T,Total,PT_POP,Percentage of population,2017,,39.19,,COL,Colombia,A,Normal value,0,Units,1,One
DATAFLOW,OECD.CFE.EDS:DSD_REG_SOC@DF_SOC(2.2),Social statistics - Regions,I,A,Annual,CTRY,Country,COL,Colombia,_Z,Not applicable,HOME_OWN_MORTGAGE,Homeowners with a morgage,_Z,Not applicable,_T,Total,PT_POP,Percentage of population,2010,,4.47,,COL,Colombia,A,Normal value,0,Units,1,One
DATAFLOW,OECD.CFE.EDS:DSD_REG_SOC@DF_SOC(2.2),Social statistics - Regions,I,A,Annual,CTRY,Country,COL,Colombia,_Z,Not applicable,HOME_OWN_OUTRIGHT,Outright homeowners (without a morgage),_Z,Not applicable,_T,Total,PT_POP,Percentage of population,2012,,42.45,,COL,Colombia,A,Normal value,0,Units,1,One
DATAFLOW,OECD.CFE.EDS:DSD_REG_SOC@DF_SOC(2.2),Social statistics - Regions,I,A,Annual,CTRY,Country,COL,Colombia,_Z,Not applicable,HOME_OWN_OUTRIGHT,Outright homeowners (without a morgage),_Z,Not applicable,_T,Total,PT_POP,Percentage of population,2014,,41.22,,COL,Colombia,A,Normal value,0,Units,1,One
DATAFLOW,OECD.CFE.EDS:DSD_REG_SOC@DF_SOC(2.2),Social statistics - Regions,I,A,Annual,CTRY,Country,COL,Colombia,_Z,Not applicable,HOME_OWN_OUTRIGHT,Outright homeowners (without a morgage),_Z,Not applicable,_T,Total,PT_POP,Percentage of population,2015,,40.29,,COL,Colombia,A,Normal value,0,Units,1,One
DATAFLOW,OECD.CFE.EDS:DSD_REG_SOC@DF_SOC(2.2),Social statistics - Regions,I,A,Annual,CTRY,Country,COL,Colombia,_Z,Not applicable,HOME_OWN_OUTRIGHT,Outright homeowners (without a morgage),_Z,Not applicable,_T,Total,PT_POP,Percentage of population,2011,,44.17,,COL,Colombia,A,Normal value,0,Units,1,One
DATAFLOW,OECD.CFE.EDS:DSD_REG_SOC@DF_SOC(2.2),Social statistics - Regions,I,A,Annual,CTRY,Country,COL,Colombia,_Z,Not applicable,HOME_OWN_OUTRIGHT,Outright homeowners (without a morgage),_Z,Not applicable,_T,Total,PT_POP,Percentage of population,2010,,44.83,,COL,Colombia,A,Normal value,0,Units,1,One
DATAFLOW,OECD.CFE.EDS:DSD_REG_SOC@DF_SOC(2.2),Social statistics - Regions,I,A,Annual,CTRY,Country,COL,Colombia,_Z,Not applicable,HOME_OWN_OUTRIGHT,Outright homeowners (without a morgage),_Z,Not applicable,_T,Total,PT_POP,Percentage of population,2018,,37.94,,COL,Colombia,A,Normal value,0,Units,1,One
DATAFLOW,OECD.CFE.EDS:DSD_REG_SOC@DF_SOC(2.2),Social statistics - Regions,I,A,Annual,CTRY,Country,COL,Colombia,_Z,Not applicable,HOME_OWN_MORTGAGE,Homeowners with a morgage,_Z,Not applicable,_T,Total,PT_POP,Percentage of population,2011,,4.3,,COL,Colombia,A,Normal value,0,Units,1,One
DATAFLOW,OECD.CFE.EDS:DSD_REG_SOC@DF_SOC(2.2),Social statistics - Regions,I,A,Annual,CTRY,Country,COL,Colombia,_Z,Not applicable,HOME_OWN_OUTRIGHT,Outright homeowners (without a morgage),_Z,Not applicable,_T,Total,PT_POP,Percentage of population,2013,,42.03,,COL,Colombia,A,Normal value,0,Units,1,One
DATAFLOW,OECD.CFE.EDS:DSD_REG_SOC@DF_SOC(2.2),Social statistics - Regions,I,A,Annual,CTRY,Country,COL,Colombia,_Z,Not applicable,HOME_OWN_MORTGAGE,Homeowners with a morgage,_Z,Not applicable,_T,Total,PT_POP,Percentage of population,2012,,4.25,,COL,Colombia,A,Normal value,0,Units,1,One
DATAFLOW,OECD.CFE.EDS:DSD_REG_SOC@DF_SOC(2.2),Social statistics - Regions,I,A,Annual,CTRY,Country,COL,Colombia,_Z,Not applicable,HOME_OWN_MORTGAGE,Homeowners with a morgage,_Z,Not applicable,_T,Total,PT_POP,Percentage of population,2013,,4.07,,COL,Colombia,A,Normal value,0,Units,1,One
DATAFLOW,OECD.CFE.EDS:DSD_REG_SOC@DF_SOC(2.2),Social statistics - Regions,I,A,Annual,CTRY,Country,COL,Colombia,_Z,Not applicable,HOME_OWN_MORTGAGE,Homeowners with a morgage,_Z,Not applicable,_T,Total,PT_POP,Percentage of population,2014,,3.77,,COL,Colombia,A,Normal value,0,Units,1,One
DATAFLOW,OECD.CFE.EDS:DSD_REG_SOC@DF_SOC(2.2),Social statistics - Regions,I,A,Annual,CTRY,Country,COL,Colombia,_Z,Not applicable,HOME_OWN_MORTGAGE,Homeowners with a morgage,_Z,Not applicable,_T,Total,PT_POP,Percentage of population,2015,,3.95,,COL,Colombia,A,Normal value,0,Units,1,One
DATAFLOW,OECD.CFE.EDS:DSD_REG_SOC@DF_SOC(2.2),Social statistics - Regions,I,A,Annual,CTRY,Country,COL,Colombia,_Z,Not applicable,HOME_OWN_MORTGAGE,Homeowners with a morgage,_Z,Not applicable,_T,Total,PT_POP,Percentage of population,2016,,3.9,,COL,Colombia,A,Normal value,0,Units,1,One
DATAFLOW,OECD.CFE.EDS:DSD_REG_SOC@DF_SOC(2.2),Social statistics - Regions,I,A,Annual,CTRY,Country,COL,Colombia,_Z,Not applicable,HOME_OWN_MORTGAGE,Homeowners with a morgage,_Z,Not applicable,_T,Total,PT_POP,Percentage of population,2017,,3.8,,COL,Colombia,A,Normal value,0,Units,1,One
DATAFLOW,OECD.CFE.EDS:DSD_REG_SOC@DF_SOC(2.2),Social statistics - Regions,I,A,Annual,CTRY,Country,COL,Colombia,_Z,Not applicable,HOME_OWN_MORTGAGE,Homeowners with a morgage,_Z,Not applicable,_T,Total,PT_POP,Percentage of population,2018,,3.14,,COL,Colombia,A,Normal value,0,Units,1,One
DATAFLOW,OECD.CFE.EDS:DSD_REG_SOC@DF_SOC(2.2),Social statistics - Regions,I,A,Annual,CTRY,Country,COL,Colombia,_Z,Not applicable,HOME_OWN_MORTGAGE,Homeowners with a morgage,_Z,Not applicable,_T,Total,PT_POP,Percentage of population,2019,,3.62,,COL,Colombia,A,Normal value,0,Units,1,One
DATAFLOW,OECD.CFE.EDS:DSD_REG_SOC@DF_SOC(2.2),Social statistics - Regions,I,A,Annual,CTRY,Country,COL,Colombia,_Z,Not applicable,HOME_OWN_MORTGAGE,Homeowners with a morgage,_Z,Not applicable,_T,Total,PT_POP,Percentage of population,2020,,3.33,,COL,Colombia,A,Normal value,0,Units,1,One
DATAFLOW,OECD.CFE.EDS:DSD_REG_SOC@DF_SOC(2.2),Social statistics - Regions,I,A,Annual,CTRY,Country,EST,Estonia,_Z,Not applicable,HOME_OWN_OUTRIGHT,Outright homeowners (without a morgage),_Z,Not applicable,_T,Total,PT_POP,Percentage of population,2010,,66.52,,EST,Estonia,A,Normal value,0,Units,1,One
DATAFLOW,OECD.CFE.EDS:DSD_REG_SOC@DF_SOC(2.2),Social statistics - Regions,I,A,Annual,CTRY,Country,EST,Estonia,_Z,Not applicable,HOME_OWN_MORTGAGE,Homeowners with a morgage,_Z,Not applicable,_T,Total,PT_POP,Percentage of population,2010,,16.86,,EST,Estonia,A,Normal value,0,Units,1,One
DATAFLOW,OECD.CFE.EDS:DSD_REG_SOC@DF_SOC(2.2),Social statistics - Regions,I,A,Annual,CTRY,Country,EST,Estonia,_Z,Not applicable,HOME_OWN_OUTRIGHT,Outright homeowners (without a morgage),_Z,Not applicable,_T,Total,PT_POP,Percentage of population,2013,,61.61,,EST,Estonia,A,Normal value,0,Units,1,One
DATAFLOW,OECD.CFE.EDS:DSD_REG_SOC@DF_SOC(2.2),Social statistics - Regions,I,A,Annual,CTRY,Country,EST,Estonia,_Z,Not applicable,HOME_OWN_MORTGAGE,Homeowners with a morgage,_Z,Not applicable,_T,Total,PT_POP,Percentage of population,2013,,19.71,,EST,Estonia,A,Normal value,0,Units,1,One
DATAFLOW,OECD.CFE.EDS:DSD_REG_SOC@DF_SOC(2.2),Social statistics - Regions,I,A,Annual,CTRY,Country,EST,Estonia,_Z,Not applicable,HOME_OWN_MORTGAGE,Homeowners with a morgage,_Z,Not applicable,_T,Total,PT_POP,Percentage of population,2016,,18.06,,EST,Estonia,A,Normal value,0,Units,1,One
DATAFLOW,OECD.CFE.EDS:DSD_REG_SOC@DF_SOC(2.2),Social statistics - Regions,I,A,Annual,CTRY,Country,DEU,Germany,_Z,Not applicable,HOME_OWN_OUTRIGHT,Outright homeowners (without a morgage),_Z,Not applicable,_T,Total,PT_POP,Percentage of population,2011,,23.68,,DEU,Germany,A,Normal value,0,Units,1,One
DATAFLOW,OECD.CFE.EDS:DSD_REG_SOC@DF_SOC(2.2),Social statistics - Regions,I,A,Annual,CTRY,Country,DEU,Germany,_Z,Not applicable,HOME_OWN_OUTRIGHT,Outright homeowners (without a morgage),_Z,Not applicable,_T,Total,PT_POP,Percentage of population,2019,,26.37,,DEU,Germany,A,Normal value,0,Units,1,One
DATAFLOW,OECD.CFE.EDS:DSD_REG_SOC@DF_SOC(2.2),Social statistics - Regions,I,A,Annual,CTRY,Country,DEU,Germany,_Z,Not applicable,HOME_OWN_MORTGAGE,Homeowners with a morgage,_Z,Not applicable,_T,Total,PT_POP,Percentage of population,2010,,24.72,,DEU,Germany,A,Normal value,0,Units,1,One
DATAFLOW,OECD.CFE.EDS:DSD_REG_SOC@DF_SOC(2.2),Social statistics - Regions,I,A,Annual,CTRY,Country,DEU,Germany,_Z,Not applicable,HOME_OWN_OUTRIGHT,Outright homeowners (without a morgage),_Z,Not applicable,_T,Total,PT_POP,Percentage of population,2010,,23.63,,DEU,Germany,A,Normal value,0,Units,1,One
DATAFLOW,OECD.CFE.EDS:DSD_REG_SOC@DF_SOC(2.2),Social statistics - Regions,I,A,Annual,CTRY,Country,DEU,Germany,_Z,Not applicable,HOME_OWN_OUTRIGHT,Outright homeowners (without a morgage),_Z,Not applicable,_T,Total,PT_POP,Percentage of population,2014,,24.42,,DEU,Germany,A,Normal value,0,Units,1,One
DATAFLOW,OECD.CFE.EDS:DSD_REG_SOC@DF_SOC(2.2),Social statistics - Regions,I,A,Annual,CTRY,Country,DEU,Germany,_Z,Not applicable,HOME_OWN_OUTRIGHT,Outright homeowners (without a morgage),_Z,Not applicable,_T,Total,PT_POP,Percentage of population,2015,,25.67,,DEU,Germany,A,Normal value,0,Units,1,One
DATAFLOW,OECD.CFE.EDS:DSD_REG_SOC@DF_SOC(2.2),Social statistics - Regions,I,A,Annual,CTRY,Country,DEU,Germany,_Z,Not applicable,HOME_OWN_MORTGAGE,Homeowners with a morgage,_Z,Not applicable,_T,Total,PT_POP,Percentage of population,2011,,24.63,,DEU,Germany,A,Normal value,0,Units,1,One
DATAFLOW,OECD.CFE.EDS:DSD_REG_SOC@DF_SOC(2.2),Social statistics - Regions,I,A,Annual,CTRY,Country,DEU,Germany,_Z,Not applicable,HOME_OWN_OUTRIGHT,Outright homeowners (without a morgage),_Z,Not applicable,_T,Total,PT_POP,Percentage of population,2012,,23.91,,DEU,Germany,A,Normal value,0,Units,1,One
DATAFLOW,OECD.CFE.EDS:DSD_REG_SOC@DF_SOC(2.2),Social statistics - Regions,I,A,Annual,CTRY,Country,DEU,Germany,_Z,Not applicable,HOME_OWN_OUTRIGHT,Outright homeowners (without a morgage),_Z,Not applicable,_T,Total,PT_POP,Percentage of population,2017,,26.07,,DEU,Germany,A,Normal value,0,Units,1,One
DATAFLOW,OECD.CFE.EDS:DSD_REG_SOC@DF_SOC(2.2),Social statistics - Regions,I,A,Annual,CTRY,Country,DEU,Germany,_Z,Not applicable,HOME_OWN_OUTRIGHT,Outright homeowners (without a morgage),_Z,Not applicable,_T,Total,PT_POP,Percentage of population,2018,,26.52,,DEU,Germany,A,Normal value,0,Units,1,One
DATAFLOW,OECD.CFE.EDS:DSD_REG_SOC@DF_SOC(2.2),Social statistics - Regions,I,A,Annual,CTRY,Country,DEU,Germany,_Z,Not applicable,HOME_OWN_OUTRIGHT,Outright homeowners (without a morgage),_Z,Not applicable,_T,Total,PT_POP,Percentage of population,2013,,23.42,,DEU,Germany,A,Normal value,0,Units,1,One
DATAFLOW,OECD.CFE.EDS:DSD_REG_SOC@DF_SOC(2.2),Social statistics - Regions,I,A,Annual,CTRY,Country,DEU,Germany,_Z,Not applicable,HOME_OWN_MORTGAGE,Homeowners with a morgage,_Z,Not applicable,_T,Total,PT_POP,Percentage of population,2012,,23.58,,DEU,Germany,A,Normal value,0,Units,1,One
DATAFLOW,OECD.CFE.EDS:DSD_REG_SOC@DF_SOC(2.2),Social statistics - Regions,I,A,Annual,CTRY,Country,DEU,Germany,_Z,Not applicable,HOME_OWN_MORTGAGE,Homeowners with a morgage,_Z,Not applicable,_T,Total,PT_POP,Percentage of population,2013,,22.79,,DEU,Germany,A,Normal value,0,Units,1,One
DATAFLOW,OECD.CFE.EDS:DSD_REG_SOC@DF_SOC(2.2),Social statistics - Regions,I,A,Annual,CTRY,Country,DEU,Germany,_Z,Not applicable,HOME_OWN_MORTGAGE,Homeowners with a morgage,_Z,Not applicable,_T,Total,PT_POP,Percentage of population,2014,,24.06,,DEU,Germany,A,Normal value,0,Units,1,One
DATAFLOW,OECD.CFE.EDS:DSD_REG_SOC@DF_SOC(2.2),Social statistics - Regions,I,A,Annual,CTRY,Country,DEU,Germany,_Z,Not applicable,HOME_OWN_MORTGAGE,Homeowners with a morgage,_Z,Not applicable,_T,Total,PT_POP,Percentage of population,2015,,24.61,,DEU,Germany,A,Normal value,0,Units,1,One
DATAFLOW,OECD.CFE.EDS:DSD_REG_SOC@DF_SOC(2.2),Social statistics - Regions,I,A,Annual,CTRY,Country,DEU,Germany,_Z,Not applicable,HOME_OWN_MORTGAGE,Homeowners with a morgage,_Z,Not applicable,_T,Total,PT_POP,Percentage of population,2016,,24.73,,DEU,Germany,A,Normal value,0,Units,1,One
DATAFLOW,OECD.CFE.EDS:DSD_REG_SOC@DF_SOC(2.2),Social statistics - Regions,I,A,Annual,CTRY,Country,DEU,Germany,_Z,Not applicable,HOME_OWN_MORTGAGE,Homeowners with a morgage,_Z,Not applicable,_T,Total,PT_POP,Percentage of population,2017,,24.75,,DEU,Germany,A,Normal value,0,Units,1,One
DATAFLOW,OECD.CFE.EDS:DSD_REG_SOC@DF_SOC(2.2),Social statistics - Regions,I,A,Annual,CTRY,Country,DEU,Germany,_Z,Not applicable,HOME_OWN_MORTGAGE,Homeowners with a morgage,_Z,Not applicable,_T,Total,PT_POP,Percentage of population,2018,,24.86,,DEU,Germany,A,Normal value,0,Units,1,One
DATAFLOW,OECD.CFE.EDS:DSD_REG_SOC@DF_SOC(2.2),Social statistics - Regions,I,A,Annual,CTRY,Country,DEU,Germany,_Z,Not applicable,HOME_OWN_MORTGAGE,Homeowners with a morgage,_Z,Not applicable,_T,Total,PT_POP,Percentage of population,2019,,24.66,,DEU,Germany,A,Normal value,0,Units,1,One
DATAFLOW,OECD.CFE.EDS:DSD_REG_SOC@DF_SOC(2.2),Social statistics - Regions,I,A,Annual,CTRY,Country,IRL,Ireland,_Z,Not applicable,HOME_OWN_OUTRIGHT,Outright homeowners (without a morgage),_Z,Not applicable,_T,Total,PT_POP,Percentage of population,2019,,34.85,,IRL,Ireland,A,Normal value,0,Units,1,One
DATAFLOW,OECD.CFE.EDS:DSD_REG_SOC@DF_SOC(2.2),Social statistics - Regions,I,A,Annual,CTRY,Country,IRL,Ireland,_Z,Not applicable,HOME_OWN_MORTGAGE,Homeowners with a morgage,_Z,Not applicable,_T,Total,PT_POP,Percentage of population,2010,,34.57,,IRL,Ireland,A,Normal value,0,Units,1,One
DATAFLOW,OECD.CFE.EDS:DSD_REG_SOC@DF_SOC(2.2),Social statistics - Regions,I,A,Annual,CTRY,Country,IRL,Ireland,_Z,Not applicable,HOME_OWN_OUTRIGHT,Outright homeowners (without a morgage),_Z,Not applicable,_T,Total,PT_POP,Percentage of population,2012,,34.5,,IRL,Ireland,A,Normal value,0,Units,1,One
DATAFLOW,OECD.CFE.EDS:DSD_REG_SOC@DF_SOC(2.2),Social statistics - Regions,I,A,Annual,CTRY,Country,IRL,Ireland,_Z,Not applicable,HOME_OWN_OUTRIGHT,Outright homeowners (without a morgage),_Z,Not applicable,_T,Total,PT_POP,Percentage of population,2014,,36.48,,IRL,Ireland,A,Normal value,0,Units,1,One
DATAFLOW,OECD.CFE.EDS:DSD_REG_SOC@DF_SOC(2.2),Social statistics - Regions,I,A,Annual,CTRY,Country,IRL,Ireland,_Z,Not applicable,HOME_OWN_OUTRIGHT,Outright homeowners (without a morgage),_Z,Not applicable,_T,Total,PT_POP,Percentage of population,2015,,37.1,,IRL,Ireland,A,Normal value,0,Units,1,One
DATAFLOW,OECD.CFE.EDS:DSD_REG_SOC@DF_SOC(2.2),Social statistics - Regions,I,A,Annual,CTRY,Country,IRL,Ireland,_Z,Not applicable,HOME_OWN_OUTRIGHT,Outright homeowners (without a morgage),_Z,Not applicable,_T,Total,PT_POP,Percentage of population,2010,,35.66,,IRL,Ireland,A,Normal value,0,Units,1,One
DATAFLOW,OECD.CFE.EDS:DSD_REG_SOC@DF_SOC(2.2),Social statistics - Regions,I,A,Annual,CTRY,Country,IRL,Ireland,_Z,Not applicable,HOME_OWN_OUTRIGHT,Outright homeowners (without a morgage),_Z,Not applicable,_T,Total,PT_POP,Percentage of population,2011,,34.67,,IRL,Ireland,A,Normal value,0,Units,1,One
DATAFLOW,OECD.CFE.EDS:DSD_REG_SOC@DF_SOC(2.2),Social statistics - Regions,I,A,Annual,CTRY,Country,IRL,Ireland,_Z,Not applicable,HOME_OWN_MORTGAGE,Homeowners with a morgage,_Z,Not applicable,_T,Total,PT_POP,Percentage of population,2011,,34.92,,IRL,Ireland,A,Normal value,0,Units,1,One
DATAFLOW,OECD.CFE.EDS:DSD_REG_SOC@DF_SOC(2.2),Social statistics - Regions,I,A,Annual,CTRY,Country,IRL,Ireland,_Z,Not applicable,HOME_OWN_OUTRIGHT,Outright homeowners (without a morgage),_Z,Not applicable,_T,Total,PT_POP,Percentage of population,2017,,38.28,,IRL,Ireland,A,Normal value,0,Units,1,One
DATAFLOW,OECD.CFE.EDS:DSD_REG_SOC@DF_SOC(2.2),Social statistics - Regions,I,A,Annual,CTRY,Country,IRL,Ireland,_Z,Not applicable,HOME_OWN_OUTRIGHT,Outright homeowners (without a morgage),_Z,Not applicable,_T,Total,PT_POP,Percentage of population,2018,,37.97,,IRL,Ireland,A,Normal value,0,Units,1,One
DATAFLOW,OECD.CFE.EDS:DSD_REG_SOC@DF_SOC(2.2),Social statistics - Regions,I,A,Annual,CTRY,Country,IRL,Ireland,_Z,Not applicable,HOME_OWN_OUTRIGHT,Outright homeowners (without a morgage),_Z,Not applicable,_T,Total,PT_POP,Percentage of population,2013,,34.12,,IRL,Ireland,A,Normal value,0,Units,1,One
DATAFLOW,OECD.CFE.EDS:DSD_REG_SOC@DF_SOC(2.2),Social statistics - Regions,I,A,Annual,CTRY,Country,IRL,Ireland,_Z,Not applicable,HOME_OWN_MORTGAGE,Homeowners with a morgage,_Z,Not applicable,_T,Total,PT_POP,Percentage of population,2012,,35.56,,IRL,Ireland,A,Normal value,0,Units,1,One
DATAFLOW,OECD.CFE.EDS:DSD_REG_SOC@DF_SOC(2.2),Social statistics - Regions,I,A,Annual,CTRY,Country,IRL,Ireland,_Z,Not applicable,HOME_OWN_MORTGAGE,Homeowners with a morgage,_Z,Not applicable,_T,Total,PT_POP,Percentage of population,2013,,34.37,,IRL,Ireland,A,Normal value,0,Units,1,One
DATAFLOW,OECD.CFE.EDS:DSD_REG_SOC@DF_SOC(2.2),Social statistics - Regions,I,A,Annual,CTRY,Country,IRL,Ireland,_Z,Not applicable,HOME_OWN_MORTGAGE,Homeowners with a morgage,_Z,Not applicable,_T,Total,PT_POP,Percentage of population,2014,,33.07,,IRL,Ireland,A,Normal value,0,Units,1,One
DATAFLOW,OECD.CFE.EDS:DSD_REG_SOC@DF_SOC(2.2),Social statistics - Regions,I,A,Annual,CTRY,Country,IRL,Ireland,_Z,Not applicable,HOME_OWN_MORTGAGE,Homeowners with a morgage,_Z,Not applicable,_T,Total,PT_POP,Percentage of population,2015,,32.39,,IRL,Ireland,A,Normal value,0,Units,1,One
DATAFLOW,OECD.CFE.EDS:DSD_REG_SOC@DF_SOC(2.2),Social statistics - Regions,I,A,Annual,CTRY,Country,IRL,Ireland,_Z,Not applicable,HOME_OWN_MORTGAGE,Homeowners with a morgage,_Z,Not applicable,_T,Total,PT_POP,Percentage of population,2016,,31.82,,IRL,Ireland,A,Normal value,0,Units,1,One
DATAFLOW,OECD.CFE.EDS:DSD_REG_SOC@DF_SOC(2.2),Social statistics - Regions,I,A,Annual,CTRY,Country,IRL,Ireland,_Z,Not applicable,HOME_OWN_MORTGAGE,Homeowners with a morgage,_Z,Not applicable,_T,Total,PT_POP,Percentage of population,2017,,31.8,,IRL,Ireland,A,Normal value,0,Units,1,One
DATAFLOW,OECD.CFE.EDS:DSD_REG_SOC@DF_SOC(2.2),Social statistics - Regions,I,A,Annual,CTRY,Country,IRL,Ireland,_Z,Not applicable,HOME_OWN_MORTGAGE,Homeowners with a morgage,_Z,Not applicable,_T,Total,PT_POP,Percentage of population,2018,,30.2,,IRL,Ireland,A,Normal value,0,Units,1,One
DATAFLOW,OECD.CFE.EDS:DSD_REG_SOC@DF_SOC(2.2),Social statistics - Regions,I,A,Annual,CTRY,Country,IRL,Ireland,_Z,Not applicable,HOME_OWN_MORTGAGE,Homeowners with a morgage,_Z,Not applicable,_T,Total,PT_POP,Percentage of population,2019,,34.49,,IRL,Ireland,A,Normal value,0,Units,1,One
DATAFLOW,OECD.CFE.EDS:DSD_REG_SOC@DF_SOC(2.2),Social statistics - Regions,I,A,Annual,CTRY,Country,ISR,Israel,_Z,Not applicable,HOME_OWN_MORTGAGE,Homeowners with a morgage,_Z,Not applicable,_T,Total,PT_POP,Percentage of population,2011,,31.71,,ISR,Israel,A,Normal value,0,Units,1,One
DATAFLOW,OECD.CFE.EDS:DSD_REG_SOC@DF_SOC(2.2),Social statistics - Regions,I,A,Annual,CTRY,Country,ISR,Israel,_Z,Not applicable,HOME_OWN_OUTRIGHT,Outright homeowners (without a morgage),_Z,Not applicable,_T,Total,PT_POP,Percentage of population,2013,,40.36,,ISR,Israel,A,Normal value,0,Units,1,One
DATAFLOW,OECD.CFE.EDS:DSD_REG_SOC@DF_SOC(2.2),Social statistics - Regions,I,A,Annual,CTRY,Country,ISR,Israel,_Z,Not applicable,HOME_OWN_OUTRIGHT,Outright homeowners (without a morgage),_Z,Not applicable,_T,Total,PT_POP,Percentage of population,2021,,40.33,,ISR,Israel,A,Normal value,0,Units,1,One
DATAFLOW,OECD.CFE.EDS:DSD_REG_SOC@DF_SOC(2.2),Social statistics - Regions,I,A,Annual,CTRY,Country,ISR,Israel,_Z,Not applicable,HOME_OWN_MORTGAGE,Homeowners with a morgage,_Z,Not applicable,_T,Total,PT_POP,Percentage of population,2010,,32.06,,ISR,Israel,A,Normal value,0,Units,1,One
DATAFLOW,OECD.CFE.EDS:DSD_REG_SOC@DF_SOC(2.2),Social statistics - Regions,I,A,Annual,CTRY,Country,ISR,Israel,_Z,Not applicable,HOME_OWN_OUTRIGHT,Outright homeowners (without a morgage),_Z,Not applicable,_T,Total,PT_POP,Percentage of population,2012,,41.57,,ISR,Israel,A,Normal value,0,Units,1,One
DATAFLOW,OECD.CFE.EDS:DSD_REG_SOC@DF_SOC(2.2),Social statistics - Regions,I,A,Annual,CTRY,Country,ISR,Israel,_Z,Not applicable,HOME_OWN_OUTRIGHT,Outright homeowners (without a morgage),_Z,Not applicable,_T,Total,PT_POP,Percentage of population,2014,,39.68,,ISR,Israel,A,Normal value,0,Units,1,One
DATAFLOW,OECD.CFE.EDS:DSD_REG_SOC@DF_SOC(2.2),Social statistics - Regions,I,A,Annual,CTRY,Country,ISR,Israel,_Z,Not applicable,HOME_OWN_OUTRIGHT,Outright homeowners (without a morgage),_Z,Not applicable,_T,Total,PT_POP,Percentage of population,2015,,39.85,,ISR,Israel,A,Normal value,0,Units,1,One
DATAFLOW,OECD.CFE.EDS:DSD_REG_SOC@DF_SOC(2.2),Social statistics - Regions,I,A,Annual,CTRY,Country,ISR,Israel,_Z,Not applicable,HOME_OWN_OUTRIGHT,Outright homeowners (without a morgage),_Z,Not applicable,_T,Total,PT_POP,Percentage of population,2011,,42.15,,ISR,Israel,A,Normal value,0,Units,1,One
DATAFLOW,OECD.CFE.EDS:DSD_REG_SOC@DF_SOC(2.2),Social statistics - Regions,I,A,Annual,CTRY,Country,ISR,Israel,_Z,Not applicable,HOME_OWN_MORTGAGE,Homeowners with a morgage,_Z,Not applicable,_T,Total,PT_POP,Percentage of population,2012,,31.61,,ISR,Israel,A,Normal value,0,Units,1,One
DATAFLOW,OECD.CFE.EDS:DSD_REG_SOC@DF_SOC(2.2),Social statistics - Regions,I,A,Annual,CTRY,Country,ISR,Israel,_Z,Not applicable,HOME_OWN_MORTGAGE,Homeowners with a morgage,_Z,Not applicable,_T,Total,PT_POP,Percentage of population,2013,,32.32,,ISR,Israel,A,Normal value,0,Units,1,One
DATAFLOW,OECD.CFE.EDS:DSD_REG_SOC@DF_SOC(2.2),Social statistics - Regions,I,A,Annual,CTRY,Country,ISR,Israel,_Z,Not applicable,HOME_OWN_MORTGAGE,Homeowners with a morgage,_Z,Not applicable,_T,Total,PT_POP,Percentage of population,2014,,32.81,,ISR,Israel,A,Normal value,0,Units,1,One
DATAFLOW,OECD.CFE.EDS:DSD_REG_SOC@DF_SOC(2.2),Social statistics - Regions,I,A,Annual,CTRY,Country,ISR,Israel,_Z,Not applicable,HOME_OWN_MORTGAGE,Homeowners with a morgage,_Z,Not applicable,_T,Total,PT_POP,Percentage of population,2015,,32.04,,ISR,Israel,A,Normal value,0,Units,1,One
DATAFLOW,OECD.CFE.EDS:DSD_REG_SOC@DF_SOC(2.2),Social statistics - Regions,I,A,Annual,CTRY,Country,ISR,Israel,_Z,Not applicable,HOME_OWN_MORTGAGE,Homeowners with a morgage,_Z,Not applicable,_T,Total,PT_POP,Percentage of population,2016,,31.52,,ISR,Israel,A,Normal value,0,Units,1,One
DATAFLOW,OECD.CFE.EDS:DSD_REG_SOC@DF_SOC(2.2),Social statistics - Regions,I,A,Annual,CTRY,Country,ISR,Israel,_Z,Not applicable,HOME_OWN_MORTGAGE,Homeowners with a morgage,_Z,Not applicable,_T,Total,PT_POP,Percentage of population,2017,,31.82,,ISR,Israel,A,Normal value,0,Units,1,One
DATAFLOW,OECD.CFE.EDS:DSD_REG_SOC@DF_SOC(2.2),Social statistics - Regions,I,A,Annual,CTRY,Country,ISR,Israel,_Z,Not applicable,HOME_OWN_MORTGAGE,Homeowners with a morgage,_Z,Not applicable,_T,Total,PT_POP,Percentage of population,2018,,31.29,,ISR,Israel,A,Normal value,0,Units,1,One
DATAFLOW,OECD.CFE.EDS:DSD_REG_SOC@DF_SOC(2.2),Social statistics - Regions,I,A,Annual,CTRY,Country,ISR,Israel,_Z,Not applicable,HOME_OWN_MORTGAGE,Homeowners with a morgage,_Z,Not applicable,_T,Total,PT_POP,Percentage of population,2019,,28.3,,ISR,Israel,A,Normal value,0,Units,1,One
DATAFLOW,OECD.CFE.EDS:DSD_REG_SOC@DF_SOC(2.2),Social statistics - Regions,I,A,Annual,CTRY,Country,ISR,Israel,_Z,Not applicable,HOME_OWN_MORTGAGE,Homeowners with a morgage,_Z,Not applicable,_T,Total,PT_POP,Percentage of population,2020,,29.25,,ISR,Israel,A,Normal value,0,Units,1,One
DATAFLOW,OECD.CFE.EDS:DSD_REG_SOC@DF_SOC(2.2),Social statistics - Regions,I,A,Annual,CTRY,Country,ISR,Israel,_Z,Not applicable,HOME_OWN_MORTGAGE,Homeowners with a morgage,_Z,Not applicable,_T,Total,PT_POP,Percentage of population,2021,,26.77,,ISR,Israel,A,Normal value,0,Units,1,One
DATAFLOW,OECD.CFE.EDS:DSD_REG_SOC@DF_SOC(2.2),Social statistics - Regions,I,A,Annual,CTRY,Country,ISR,Israel,_Z,Not applicable,HOME_OWN_OUTRIGHT,Outright homeowners (without a morgage),_Z,Not applicable,_T,Total,PT_POP,Percentage of population,2016,,40.68,,ISR,Israel,A,Normal value,0,Units,1,One
DATAFLOW,OECD.CFE.EDS:DSD_REG_SOC@DF_SOC(2.2),Social statistics - Regions,I,A,Annual,CTRY,Country,ISR,Israel,_Z,Not applicable,HOME_OWN_OUTRIGHT,Outright homeowners (without a morgage),_Z,Not applicable,_T,Total,PT_POP,Percentage of population,2010,,42.54,,ISR,Israel,A,Normal value,0,Units,1,One
DATAFLOW,OECD.CFE.EDS:DSD_REG_SOC@DF_SOC(2.2),Social statistics - Regions,I,A,Annual,CTRY,Country,ISR,Israel,_Z,Not applicable,HOME_OWN_OUTRIGHT,Outright homeowners (without a morgage),_Z,Not applicable,_T,Total,PT_POP,Percentage of population,2019,,41.25,,ISR,Israel,A,Normal value,0,Units,1,One
DATAFLOW,OECD.CFE.EDS:DSD_REG_SOC@DF_SOC(2.2),Social statistics - Regions,I,A,Annual,CTRY,Country,ISR,Israel,_Z,Not applicable,HOME_OWN_OUTRIGHT,Outright homeowners (without a morgage),_Z,Not applicable,_T,Total,PT_POP,Percentage of population,2020,,40.14,,ISR,Israel,A,Normal value,0,Units,1,One
DATAFLOW,OECD.CFE.EDS:DSD_REG_SOC@DF_SOC(2.2),Social statistics - Regions,I,A,Annual,CTRY,Country,ISR,Israel,_Z,Not applicable,HOME_OWN_OUTRIGHT,Outright homeowners (without a morgage),_Z,Not applicable,_T,Total,PT_POP,Percentage of population,2017,,39.08,,ISR,Israel,A,Normal value,0,Units,1,One
DATAFLOW,OECD.CFE.EDS:DSD_REG_SOC@DF_SOC(2.2),Social statistics - Regions,I,A,Annual,CTRY,Country,ITA,Italy,_Z,Not applicable,HOME_OWN_MORTGAGE,Homeowners with a morgage,_Z,Not applicable,_T,Total,PT_POP,Percentage of population,2016,,10.52,,ITA,Italy,A,Normal value,0,Units,1,One
DATAFLOW,OECD.CFE.EDS:DSD_REG_SOC@DF_SOC(2.2),Social statistics - Regions,I,A,Annual,CTRY,Country,ITA,Italy,_Z,Not applicable,HOME_OWN_MORTGAGE,Homeowners with a morgage,_Z,Not applicable,_T,Total,PT_POP,Percentage of population,2020,,12.44,,ITA,Italy,A,Normal value,0,Units,1,One
DATAFLOW,OECD.CFE.EDS:DSD_REG_SOC@DF_SOC(2.2),Social statistics - Regions,I,A,Annual,CTRY,Country,ITA,Italy,_Z,Not applicable,HOME_OWN_OUTRIGHT,Outright homeowners (without a morgage),_Z,Not applicable,_T,Total,PT_POP,Percentage of population,2016,,58.39,,ITA,Italy,A,Normal value,0,Units,1,One
DATAFLOW,OECD.CFE.EDS:DSD_REG_SOC@DF_SOC(2.2),Social statistics - Regions,I,A,Annual,CTRY,Country,ITA,Italy,_Z,Not applicable,HOME_OWN_OUTRIGHT,Outright homeowners (without a morgage),_Z,Not applicable,_T,Total,PT_POP,Percentage of population,2020,,56.42,,ITA,Italy,A,Normal value,0,Units,1,One
DATAFLOW,OECD.CFE.EDS:DSD_REG_SOC@DF_SOC(2.2),Social statistics - Regions,I,A,Annual,CTRY,Country,ITA,Italy,_Z,Not applicable,HOME_OWN_MORTGAGE,Homeowners with a morgage,_Z,Not applicable,_T,Total,PT_POP,Percentage of population,2010,,6.47,,ITA,Italy,A,Normal value,0,Units,1,One
DATAFLOW,OECD.CFE.EDS:DSD_REG_SOC@DF_SOC(2.2),Social statistics - Regions,I,A,Annual,CTRY,Country,ITA,Italy,_Z,Not applicable,HOME_OWN_OUTRIGHT,Outright homeowners (without a morgage),_Z,Not applicable,_T,Total,PT_POP,Percentage of population,2010,,59.21,,ITA,Italy,A,Normal value,0,Units,1,One
DATAFLOW,OECD.CFE.EDS:DSD_REG_SOC@DF_SOC(2.2),Social statistics - Regions,I,A,Annual,CTRY,Country,ITA,Italy,_Z,Not applicable,HOME_OWN_OUTRIGHT,Outright homeowners (without a morgage),_Z,Not applicable,_T,Total,PT_POP,Percentage of population,2014,,56.17,,ITA,Italy,A,Normal value,0,Units,1,One
DATAFLOW,OECD.CFE.EDS:DSD_REG_SOC@DF_SOC(2.2),Social statistics - Regions,I,A,Annual,CTRY,Country,ITA,Italy,_Z,Not applicable,HOME_OWN_OUTRIGHT,Outright homeowners (without a morgage),_Z,Not applicable,_T,Total,PT_POP,Percentage of population,2012,,53.89,,ITA,Italy,A,Normal value,0,Units,1,One
DATAFLOW,OECD.CFE.EDS:DSD_REG_SOC@DF_SOC(2.2),Social statistics - Regions,I,A,Annual,CTRY,Country,ITA,Italy,_Z,Not applicable,HOME_OWN_MORTGAGE,Homeowners with a morgage,_Z,Not applicable,_T,Total,PT_POP,Percentage of population,2012,,13.02,,ITA,Italy,A,Normal value,0,Units,1,One
DATAFLOW,OECD.CFE.EDS:DSD_REG_SOC@DF_SOC(2.2),Social statistics - Regions,I,A,Annual,CTRY,Country,LTU,Lithuania,_Z,Not applicable,HOME_OWN_OUTRIGHT,Outright homeowners (without a morgage),_Z,Not applicable,_T,Total,PT_POP,Percentage of population,2010,,85.54,,LTU,Lithuania,A,Normal value,0,Units,1,One
DATAFLOW,OECD.CFE.EDS:DSD_REG_SOC@DF_SOC(2.2),Social statistics - Regions,I,A,Annual,CTRY,Country,LTU,Lithuania,_Z,Not applicable,HOME_OWN_OUTRIGHT,Outright homeowners (without a morgage),_Z,Not applicable,_T,Total,PT_POP,Percentage of population,2011,,85.5,,LTU,Lithuania,A,Normal value,0,Units,1,One
DATAFLOW,OECD.CFE.EDS:DSD_REG_SOC@DF_SOC(2.2),Social statistics - Regions,I,A,Annual,CTRY,Country,LTU,Lithuania,_Z,Not applicable,HOME_OWN_MORTGAGE,Homeowners with a morgage,_Z,Not applicable,_T,Total,PT_POP,Percentage of population,2015,,9.94,,LTU,Lithuania,A,Normal value,0,Units,1,One
DATAFLOW,OECD.CFE.EDS:DSD_REG_SOC@DF_SOC(2.2),Social statistics - Regions,I,A,Annual,CTRY,Country,LTU,Lithuania,_Z,Not applicable,HOME_OWN_MORTGAGE,Homeowners with a morgage,_Z,Not applicable,_T,Total,PT_POP,Percentage of population,2016,,11.1,,LTU,Lithuania,A,Normal value,0,Units,1,One
DATAFLOW,OECD.CFE.EDS:DSD_REG_SOC@DF_SOC(2.2),Social statistics - Regions,I,A,Annual,CTRY,Country,LTU,Lithuania,_Z,Not applicable,HOME_OWN_MORTGAGE,Homeowners with a morgage,_Z,Not applicable,_T,Total,PT_POP,Percentage of population,2017,,12.6,,LTU,Lithuania,A,Normal value,0,Units,1,One
DATAFLOW,OECD.CFE.EDS:DSD_REG_SOC@DF_SOC(2.2),Social statistics - Regions,I,A,Annual,CTRY,Country,LTU,Lithuania,_Z,Not applicable,HOME_OWN_MORTGAGE,Homeowners with a morgage,_Z,Not applicable,_T,Total,PT_POP,Percentage of population,2018,,12.08,,LTU,Lithuania,A,Normal value,0,Units,1,One
DATAFLOW,OECD.CFE.EDS:DSD_REG_SOC@DF_SOC(2.2),Social statistics - Regions,I,A,Annual,CTRY,Country,LTU,Lithuania,_Z,Not applicable,HOME_OWN_MORTGAGE,Homeowners with a morgage,_Z,Not applicable,_T,Total,PT_POP,Percentage of population,2019,,14.05,,LTU,Lithuania,A,Normal value,0,Units,1,One
DATAFLOW,OECD.CFE.EDS:DSD_REG_SOC@DF_SOC(2.2),Social statistics - Regions,I,A,Annual,CTRY,Country,LTU,Lithuania,_Z,Not applicable,HOME_OWN_MORTGAGE,Homeowners with a morgage,_Z,Not applicable,_T,Total,PT_POP,Percentage of population,2020,,15.67,,LTU,Lithuania,A,Normal value,0,Units,1,One
DATAFLOW,OECD.CFE.EDS:DSD_REG_SOC@DF_SOC(2.2),Social statistics - Regions,I,A,Annual,CTRY,Country,LTU,Lithuania,_Z,Not applicable,HOME_OWN_OUTRIGHT,Outright homeowners (without a morgage),_Z,Not applicable,_T,Total,PT_POP,Percentage of population,2012,,84.63,,LTU,Lithuania,A,Normal value,0,Units,1,One
DATAFLOW,OECD.CFE.EDS:DSD_REG_SOC@DF_SOC(2.2),Social statistics - Regions,I,A,Annual,CTRY,Country,LTU,Lithuania,_Z,Not applicable,HOME_OWN_OUTRIGHT,Outright homeowners (without a morgage),_Z,Not applicable,_T,Total,PT_POP,Percentage of population,2013,,82.39,,LTU,Lithuania,A,Normal value,0,Units,1,One
DATAFLOW,OECD.CFE.EDS:DSD_REG_SOC@DF_SOC(2.2),Social statistics - Regions,I,A,Annual,CTRY,Country,LTU,Lithuania,_Z,Not applicable,HOME_OWN_OUTRIGHT,Outright homeowners (without a morgage),_Z,Not applicable,_T,Total,PT_POP,Percentage of population,2014,,81.4,,LTU,Lithuania,A,Normal value,0,Units,1,One
DATAFLOW,OECD.CFE.EDS:DSD_REG_SOC@DF_SOC(2.2),Social statistics - Regions,I,A,Annual,CTRY,Country,LTU,Lithuania,_Z,Not applicable,HOME_OWN_OUTRIGHT,Outright homeowners (without a morgage),_Z,Not applicable,_T,Total,PT_POP,Percentage of population,2015,,80.4,,LTU,Lithuania,A,Normal value,0,Units,1,One
DATAFLOW,OECD.CFE.EDS:DSD_REG_SOC@DF_SOC(2.2),Social statistics - Regions,I,A,Annual,CTRY,Country,LTU,Lithuania,_Z,Not applicable,HOME_OWN_OUTRIGHT,Outright homeowners (without a morgage),_Z,Not applicable,_T,Total,PT_POP,Percentage of population,2016,,78.64,,LTU,Lithuania,A,Normal value,0,Units,1,One
DATAFLOW,OECD.CFE.EDS:DSD_REG_SOC@DF_SOC(2.2),Social statistics - Regions,I,A,Annual,CTRY,Country,LTU,Lithuania,_Z,Not applicable,HOME_OWN_OUTRIGHT,Outright homeowners (without a morgage),_Z,Not applicable,_T,Total,PT_POP,Percentage of population,2017,,77.33,,LTU,Lithuania,A,Normal value,0,Units,1,One
DATAFLOW,OECD.CFE.EDS:DSD_REG_SOC@DF_SOC(2.2),Social statistics - Regions,I,A,Annual,CTRY,Country,LTU,Lithuania,_Z,Not applicable,HOME_OWN_OUTRIGHT,Outright homeowners (without a morgage),_Z,Not applicable,_T,Total,PT_POP,Percentage of population,2018,,78.12,,LTU,Lithuania,A,Normal value,0,Units,1,One
DATAFLOW,OECD.CFE.EDS:DSD_REG_SOC@DF_SOC(2.2),Social statistics - Regions,I,A,Annual,CTRY,Country,LTU,Lithuania,_Z,Not applicable,HOME_OWN_OUTRIGHT,Outright homeowners (without a morgage),_Z,Not applicable,_T,Total,PT_POP,Percentage of population,2019,,74.51,,LTU,Lithuania,A,Normal value,0,Units,1,One
DATAFLOW,OECD.CFE.EDS:DSD_REG_SOC@DF_SOC(2.2),Social statistics - Regions,I,A,Annual,CTRY,Country,LTU,Lithuania,_Z,Not applicable,HOME_OWN_OUTRIGHT,Outright homeowners (without a morgage),_Z,Not applicable,_T,Total,PT_POP,Percentage of population,2020,,73.24,,LTU,Lithuania,A,Normal value,0,Units,1,One
DATAFLOW,OECD.CFE.EDS:DSD_REG_SOC@DF_SOC(2.2),Social statistics - Regions,I,A,Annual,CTRY,Country,LTU,Lithuania,_Z,Not applicable,HOME_OWN_MORTGAGE,Homeowners with a morgage,_Z,Not applicable,_T,Total,PT_POP,Percentage of population,2010,,6.73,,LTU,Lithuania,A,Normal value,0,Units,1,One
DATAFLOW,OECD.CFE.EDS:DSD_REG_SOC@DF_SOC(2.2),Social statistics - Regions,I,A,Annual,CTRY,Country,LTU,Lithuania,_Z,Not applicable,HOME_OWN_MORTGAGE,Homeowners with a morgage,_Z,Not applicable,_T,Total,PT_POP,Percentage of population,2011,,6.37,,LTU,Lithuania,A,Normal value,0,Units,1,One
DATAFLOW,OECD.CFE.EDS:DSD_REG_SOC@DF_SOC(2.2),Social statistics - Regions,I,A,Annual,CTRY,Country,LTU,Lithuania,_Z,Not applicable,HOME_OWN_MORTGAGE,Homeowners with a morgage,_Z,Not applicable,_T,Total,PT_POP,Percentage of population,2012,,7.56,,LTU,Lithuania,A,Normal value,0,Units,1,One
DATAFLOW,OECD.CFE.EDS:DSD_REG_SOC@DF_SOC(2.2),Social statistics - Regions,I,A,Annual,CTRY,Country,LTU,Lithuania,_Z,Not applicable,HOME_OWN_MORTGAGE,Homeowners with a morgage,_Z,Not applicable,_T,Total,PT_POP,Percentage of population,2013,,7.51,,LTU,Lithuania,A,Normal value,0,Units,1,One
DATAFLOW,OECD.CFE.EDS:DSD_REG_SOC@DF_SOC(2.2),Social statistics - Regions,I,A,Annual,CTRY,Country,MEX,Mexico,_Z,Not applicable,HOME_OWN_MORTGAGE,Homeowners with a morgage,_Z,Not applicable,_T,Total,PT_POP,Percentage of population,2018,,9.2,,MEX,Mexico,A,Normal value,0,Units,1,One
DATAFLOW,OECD.CFE.EDS:DSD_REG_SOC@DF_SOC(2.2),Social statistics - Regions,I,A,Annual,CTRY,Country,MEX,Mexico,_Z,Not applicable,HOME_OWN_MORTGAGE,Homeowners with a morgage,_Z,Not applicable,_T,Total,PT_POP,Percentage of population,2020,,8.47,,MEX,Mexico,A,Normal value,0,Units,1,One
DATAFLOW,OECD.CFE.EDS:DSD_REG_SOC@DF_SOC(2.2),Social statistics - Regions,I,A,Annual,CTRY,Country,MEX,Mexico,_Z,Not applicable,HOME_OWN_OUTRIGHT,Outright homeowners (without a morgage),_Z,Not applicable,_T,Total,PT_POP,Percentage of population,2010,,68.12,,MEX,Mexico,A,Normal value,0,Units,1,One
DATAFLOW,OECD.CFE.EDS:DSD_REG_SOC@DF_SOC(2.2),Social statistics - Regions,I,A,Annual,CTRY,Country,MEX,Mexico,_Z,Not applicable,HOME_OWN_OUTRIGHT,Outright homeowners (without a morgage),_Z,Not applicable,_T,Total,PT_POP,Percentage of population,2018,,61.72,,MEX,Mexico,A,Normal value,0,Units,1,One
DATAFLOW,OECD.CFE.EDS:DSD_REG_SOC@DF_SOC(2.2),Social statistics - Regions,I,A,Annual,CTRY,Country,MEX,Mexico,_Z,Not applicable,HOME_OWN_OUTRIGHT,Outright homeowners (without a morgage),_Z,Not applicable,_T,Total,PT_POP,Percentage of population,2020,,63.77,,MEX,Mexico,A,Normal value,0,Units,1,One
DATAFLOW,OECD.CFE.EDS:DSD_REG_SOC@DF_SOC(2.2),Social statistics - Regions,I,A,Annual,CTRY,Country,MEX,Mexico,_Z,Not applicable,HOME_OWN_OUTRIGHT,Outright homeowners (without a morgage),_Z,Not applicable,_T,Total,PT_POP,Percentage of population,2014,,63.39,,MEX,Mexico,A,Normal value,0,Units,1,One
DATAFLOW,OECD.CFE.EDS:DSD_REG_SOC@DF_SOC(2.2),Social statistics - Regions,I,A,Annual,CTRY,Country,MEX,Mexico,_Z,Not applicable,HOME_OWN_MORTGAGE,Homeowners with a morgage,_Z,Not applicable,_T,Total,PT_POP,Percentage of population,2010,,5.99,,MEX,Mexico,A,Normal value,0,Units,1,One
DATAFLOW,OECD.CFE.EDS:DSD_REG_SOC@DF_SOC(2.2),Social statistics - Regions,I,A,Annual,CTRY,Country,MEX,Mexico,_Z,Not applicable,HOME_OWN_OUTRIGHT,Outright homeowners (without a morgage),_Z,Not applicable,_T,Total,PT_POP,Percentage of population,2016,,61.25,,MEX,Mexico,A,Normal value,0,Units,1,One
DATAFLOW,OECD.CFE.EDS:DSD_REG_SOC@DF_SOC(2.2),Social statistics - Regions,I,A,Annual,CTRY,Country,MEX,Mexico,_Z,Not applicable,HOME_OWN_OUTRIGHT,Outright homeowners (without a morgage),_Z,Not applicable,_T,Total,PT_POP,Percentage of population,2012,,66.35,,MEX,Mexico,A,Normal value,0,Units,1,One
DATAFLOW,OECD.CFE.EDS:DSD_REG_SOC@DF_SOC(2.2),Social statistics - Regions,I,A,Annual,CTRY,Country,MEX,Mexico,_Z,Not applicable,HOME_OWN_MORTGAGE,Homeowners with a morgage,_Z,Not applicable,_T,Total,PT_POP,Percentage of population,2012,,4.88,,MEX,Mexico,A,Normal value,0,Units,1,One
DATAFLOW,OECD.CFE.EDS:DSD_REG_SOC@DF_SOC(2.2),Social statistics - Regions,I,A,Annual,CTRY,Country,MEX,Mexico,_Z,Not applicable,HOME_OWN_MORTGAGE,Homeowners with a morgage,_Z,Not applicable,_T,Total,PT_POP,Percentage of population,2014,,10.62,,MEX,Mexico,A,Normal value,0,Units,1,One
DATAFLOW,OECD.CFE.EDS:DSD_REG_SOC@DF_SOC(2.2),Social statistics - Regions,I,A,Annual,CTRY,Country,POL,Poland,_Z,Not applicable,HOME_OWN_OUTRIGHT,Outright homeowners (without a morgage),_Z,Not applicable,_T,Total,PT_POP,Percentage of population,2017,,72.58,,POL,Poland,A,Normal value,0,Units,1,One
DATAFLOW,OECD.CFE.EDS:DSD_REG_SOC@DF_SOC(2.2),Social statistics - Regions,I,A,Annual,CTRY,Country,POL,Poland,_Z,Not applicable,HOME_OWN_OUTRIGHT,Outright homeowners (without a morgage),_Z,Not applicable,_T,Total,PT_POP,Percentage of population,2018,,70.32,,POL,Poland,A,Normal value,0,Units,1,One
DATAFLOW,OECD.CFE.EDS:DSD_REG_SOC@DF_SOC(2.2),Social statistics - Regions,I,A,Annual,CTRY,Country,POL,Poland,_Z,Not applicable,HOME_OWN_MORTGAGE,Homeowners with a morgage,_Z,Not applicable,_T,Total,PT_POP,Percentage of population,2010,,6.4,,POL,Poland,A,Normal value,0,Units,1,One
DATAFLOW,OECD.CFE.EDS:DSD_REG_SOC@DF_SOC(2.2),Social statistics - Regions,I,A,Annual,CTRY,Country,POL,Poland,_Z,Not applicable,HOME_OWN_OUTRIGHT,Outright homeowners (without a morgage),_Z,Not applicable,_T,Total,PT_POP,Percentage of population,2010,,76.09,,POL,Poland,A,Normal value,0,Units,1,One
DATAFLOW,OECD.CFE.EDS:DSD_REG_SOC@DF_SOC(2.2),Social statistics - Regions,I,A,Annual,CTRY,Country,POL,Poland,_Z,Not applicable,HOME_OWN_OUTRIGHT,Outright homeowners (without a morgage),_Z,Not applicable,_T,Total,PT_POP,Percentage of population,2014,,72.52,,POL,Poland,A,Normal value,0,Units,1,One
DATAFLOW,OECD.CFE.EDS:DSD_REG_SOC@DF_SOC(2.2),Social statistics - Regions,I,A,Annual,CTRY,Country,POL,Poland,_Z,Not applicable,HOME_OWN_OUTRIGHT,Outright homeowners (without a morgage),_Z,Not applicable,_T,Total,PT_POP,Percentage of population,2015,,72.69,,POL,Poland,A,Normal value,0,Units,1,One
DATAFLOW,OECD.CFE.EDS:DSD_REG_SOC@DF_SOC(2.2),Social statistics - Regions,I,A,Annual,CTRY,Country,POL,Poland,_Z,Not applicable,HOME_OWN_OUTRIGHT,Outright homeowners (without a morgage),_Z,Not applicable,_T,Total,PT_POP,Percentage of population,2012,,72.57,,POL,Poland,A,Normal value,0,Units,1,One
DATAFLOW,OECD.CFE.EDS:DSD_REG_SOC@DF_SOC(2.2),Social statistics - Regions,I,A,Annual,CTRY,Country,POL,Poland,_Z,Not applicable,HOME_OWN_MORTGAGE,Homeowners with a morgage,_Z,Not applicable,_T,Total,PT_POP,Percentage of population,2011,,7.23,,POL,Poland,A,Normal value,0,Units,1,One
DATAFLOW,OECD.CFE.EDS:DSD_REG_SOC@DF_SOC(2.2),Social statistics - Regions,I,A,Annual,CTRY,Country,POL,Poland,_Z,Not applicable,HOME_OWN_OUTRIGHT,Outright homeowners (without a morgage),_Z,Not applicable,_T,Total,PT_POP,Percentage of population,2013,,71.98,,POL,Poland,A,Normal value,0,Units,1,One
DATAFLOW,OECD.CFE.EDS:DSD_REG_SOC@DF_SOC(2.2),Social statistics - Regions,I,A,Annual,CTRY,Country,POL,Poland,_Z,Not applicable,HOME_OWN_MORTGAGE,Homeowners with a morgage,_Z,Not applicable,_T,Total,PT_POP,Percentage of population,2012,,8.64,,POL,Poland,A,Normal value,0,Units,1,One
DATAFLOW,OECD.CFE.EDS:DSD_REG_SOC@DF_SOC(2.2),Social statistics - Regions,I,A,Annual,CTRY,Country,POL,Poland,_Z,Not applicable,HOME_OWN_MORTGAGE,Homeowners with a morgage,_Z,Not applicable,_T,Total,PT_POP,Percentage of population,2013,,9.44,,POL,Poland,A,Normal value,0,Units,1,One
DATAFLOW,OECD.CFE.EDS:DSD_REG_SOC@DF_SOC(2.2),Social statistics - Regions,I,A,Annual,CTRY,Country,POL,Poland,_Z,Not applicable,HOME_OWN_MORTGAGE,Homeowners with a morgage,_Z,Not applicable,_T,Total,PT_POP,Percentage of population,2014,,9.93,,POL,Poland,A,Normal value,0,Units,1,One
DATAFLOW,OECD.CFE.EDS:DSD_REG_SOC@DF_SOC(2.2),Social statistics - Regions,I,A,Annual,CTRY,Country,POL,Poland,_Z,Not applicable,HOME_OWN_MORTGAGE,Homeowners with a morgage,_Z,Not applicable,_T,Total,PT_POP,Percentage of population,2015,,10.25,,POL,Poland,A,Normal value,0,Units,1,One
DATAFLOW,OECD.CFE.EDS:DSD_REG_SOC@DF_SOC(2.2),Social statistics - Regions,I,A,Annual,CTRY,Country,POL,Poland,_Z,Not applicable,HOME_OWN_MORTGAGE,Homeowners with a morgage,_Z,Not applicable,_T,Total,PT_POP,Percentage of population,2016,,10.89,,POL,Poland,A,Normal value,0,Units,1,One
DATAFLOW,OECD.CFE.EDS:DSD_REG_SOC@DF_SOC(2.2),Social statistics - Regions,I,A,Annual,CTRY,Country,POL,Poland,_Z,Not applicable,HOME_OWN_MORTGAGE,Homeowners with a morgage,_Z,Not applicable,_T,Total,PT_POP,Percentage of population,2017,,11.32,,POL,Poland,A,Normal value,0,Units,1,One
DATAFLOW,OECD.CFE.EDS:DSD_REG_SOC@DF_SOC(2.2),Social statistics - Regions,I,A,Annual,CTRY,Country,POL,Poland,_Z,Not applicable,HOME_OWN_MORTGAGE,Homeowners with a morgage,_Z,Not applicable,_T,Total,PT_POP,Percentage of population,2018,,12.14,,POL,Poland,A,Normal value,0,Units,1,One
DATAFLOW,OECD.CFE.EDS:DSD_REG_SOC@DF_SOC(2.2),Social statistics - Regions,I,A,Annual,CTRY,Country,POL,Poland,_Z,Not applicable,HOME_OWN_MORTGAGE,Homeowners with a morgage,_Z,Not applicable,_T,Total,PT_POP,Percentage of population,2019,,12.3,,POL,Poland,A,Normal value,0,Units,1,One
DATAFLOW,OECD.CFE.EDS:DSD_REG_SOC@DF_SOC(2.2),Social statistics - Regions,I,A,Annual,CTRY,Country,POL,Poland,_Z,Not applicable,HOME_OWN_MORTGAGE,Homeowners with a morgage,_Z,Not applicable,_T,Total,PT_POP,Percentage of population,2020,,13.38,,POL,Poland,A,Normal value,0,Units,1,One
DATAFLOW,OECD.CFE.EDS:DSD_REG_SOC@DF_SOC(2.2),Social statistics - Regions,I,A,Annual,CTRY,Country,POL,Poland,_Z,Not applicable,HOME_OWN_OUTRIGHT,Outright homeowners (without a morgage),_Z,Not applicable,_T,Total,PT_POP,Percentage of population,2016,,72.69,,POL,Poland,A,Normal value,0,Units,1,One
DATAFLOW,OECD.CFE.EDS:DSD_REG_SOC@DF_SOC(2.2),Social statistics - Regions,I,A,Annual,CTRY,Country,POL,Poland,_Z,Not applicable,HOME_OWN_OUTRIGHT,Outright homeowners (without a morgage),_Z,Not applicable,_T,Total,PT_POP,Percentage of population,2011,,72.13,,POL,Poland,A,Normal value,0,Units,1,One
DATAFLOW,OECD.CFE.EDS:DSD_REG_SOC@DF_SOC(2.2),Social statistics - Regions,I,A,Annual,CTRY,Country,POL,Poland,_Z,Not applicable,HOME_OWN_OUTRIGHT,Outright homeowners (without a morgage),_Z,Not applicable,_T,Total,PT_POP,Percentage of population,2019,,69.41,,POL,Poland,A,Normal value,0,Units,1,One
DATAFLOW,OECD.CFE.EDS:DSD_REG_SOC@DF_SOC(2.2),Social statistics - Regions,I,A,Annual,CTRY,Country,SVK,Slovak Republic,_Z,Not applicable,HOME_OWN_MORTGAGE,Homeowners with a morgage,_Z,Not applicable,_T,Total,PT_POP,Percentage of population,2016,,14.93,,SVK,Slovak Republic,A,Normal value,0,Units,1,One
DATAFLOW,OECD.CFE.EDS:DSD_REG_SOC@DF_SOC(2.2),Social statistics - Regions,I,A,Annual,CTRY,Country,SVK,Slovak Republic,_Z,Not applicable,HOME_OWN_MORTGAGE,Homeowners with a morgage,_Z,Not applicable,_T,Total,PT_POP,Percentage of population,2017,,18.64,,SVK,Slovak Republic,A,Normal value,0,Units,1,One
DATAFLOW,OECD.CFE.EDS:DSD_REG_SOC@DF_SOC(2.2),Social statistics - Regions,I,A,Annual,CTRY,Country,SVK,Slovak Republic,_Z,Not applicable,HOME_OWN_MORTGAGE,Homeowners with a morgage,_Z,Not applicable,_T,Total,PT_POP,Percentage of population,2018,,20.58,,SVK,Slovak Republic,A,Normal value,0,Units,1,One
DATAFLOW,OECD.CFE.EDS:DSD_REG_SOC@DF_SOC(2.2),Social statistics - Regions,I,A,Annual,CTRY,Country,SVK,Slovak Republic,_Z,Not applicable,HOME_OWN_OUTRIGHT,Outright homeowners (without a morgage),_Z,Not applicable,_T,Total,PT_POP,Percentage of population,2016,,75.01,,SVK,Slovak Republic,A,Normal value,0,Units,1,One
DATAFLOW,OECD.CFE.EDS:DSD_REG_SOC@DF_SOC(2.2),Social statistics - Regions,I,A,Annual,CTRY,Country,SVK,Slovak Republic,_Z,Not applicable,HOME_OWN_MORTGAGE,Homeowners with a morgage,_Z,Not applicable,_T,Total,PT_POP,Percentage of population,2010,,8.18,,SVK,Slovak Republic,A,Normal value,0,Units,1,One
DATAFLOW,OECD.CFE.EDS:DSD_REG_SOC@DF_SOC(2.2),Social statistics - Regions,I,A,Annual,CTRY,Country,SVK,Slovak Republic,_Z,Not applicable,HOME_OWN_OUTRIGHT,Outright homeowners (without a morgage),_Z,Not applicable,_T,Total,PT_POP,Percentage of population,2010,,82.04,,SVK,Slovak Republic,A,Normal value,0,Units,1,One
DATAFLOW,OECD.CFE.EDS:DSD_REG_SOC@DF_SOC(2.2),Social statistics - Regions,I,A,Annual,CTRY,Country,SVK,Slovak Republic,_Z,Not applicable,HOME_OWN_OUTRIGHT,Outright homeowners (without a morgage),_Z,Not applicable,_T,Total,PT_POP,Percentage of population,2014,,77.95,,SVK,Slovak Republic,A,Normal value,0,Units,1,One
DATAFLOW,OECD.CFE.EDS:DSD_REG_SOC@DF_SOC(2.2),Social statistics - Regions,I,A,Annual,CTRY,Country,SVK,Slovak Republic,_Z,Not applicable,HOME_OWN_OUTRIGHT,Outright homeowners (without a morgage),_Z,Not applicable,_T,Total,PT_POP,Percentage of population,2015,,77.75,,SVK,Slovak Republic,A,Normal value,0,Units,1,One
DATAFLOW,OECD.CFE.EDS:DSD_REG_SOC@DF_SOC(2.2),Social statistics - Regions,I,A,Annual,CTRY,Country,SVK,Slovak Republic,_Z,Not applicable,HOME_OWN_OUTRIGHT,Outright homeowners (without a morgage),_Z,Not applicable,_T,Total,PT_POP,Percentage of population,2017,,72.68,,SVK,Slovak Republic,A,Normal value,0,Units,1,One
DATAFLOW,OECD.CFE.EDS:DSD_REG_SOC@DF_SOC(2.2),Social statistics - Regions,I,A,Annual,CTRY,Country,SVK,Slovak Republic,_Z,Not applicable,HOME_OWN_OUTRIGHT,Outright homeowners (without a morgage),_Z,Not applicable,_T,Total,PT_POP,Percentage of population,2018,,70.3,,SVK,Slovak Republic,A,Normal value,0,Units,1,One
DATAFLOW,OECD.CFE.EDS:DSD_REG_SOC@DF_SOC(2.2),Social statistics - Regions,I,A,Annual,CTRY,Country,SVK,Slovak Republic,_Z,Not applicable,HOME_OWN_OUTRIGHT,Outright homeowners (without a morgage),_Z,Not applicable,_T,Total,PT_POP,Percentage of population,2013,,79.39,,SVK,Slovak Republic,A,Normal value,0,Units,1,One
DATAFLOW,OECD.CFE.EDS:DSD_REG_SOC@DF_SOC(2.2),Social statistics - Regions,I,A,Annual,CTRY,Country,SVK,Slovak Republic,_Z,Not applicable,HOME_OWN_MORTGAGE,Homeowners with a morgage,_Z,Not applicable,_T,Total,PT_POP,Percentage of population,2013,,10.92,,SVK,Slovak Republic,A,Normal value,0,Units,1,One
DATAFLOW,OECD.CFE.EDS:DSD_REG_SOC@DF_SOC(2.2),Social statistics - Regions,I,A,Annual,CTRY,Country,SVK,Slovak Republic,_Z,Not applicable,HOME_OWN_MORTGAGE,Homeowners with a morgage,_Z,Not applicable,_T,Total,PT_POP,Percentage of population,2014,,11.34,,SVK,Slovak Republic,A,Normal value,0,Units,1,One
DATAFLOW,OECD.CFE.EDS:DSD_REG_SOC@DF_SOC(2.2),Social statistics - Regions,I,A,Annual,CTRY,Country,ESP,Spain,_Z,Not applicable,HOME_OWN_OUTRIGHT,Outright homeowners (without a morgage),_Z,Not applicable,_T,Total,PT_POP,Percentage of population,2010,,48.13,,ESP,Spain,A,Normal value,0,Units,1,One
DATAFLOW,OECD.CFE.EDS:DSD_REG_SOC@DF_SOC(2.2),Social statistics - Regions,I,A,Annual,CTRY,Country,ESP,Spain,_Z,Not applicable,HOME_OWN_OUTRIGHT,Outright homeowners (without a morgage),_Z,Not applicable,_T,Total,PT_POP,Percentage of population,2018,,48.2,,ESP,Spain,A,Normal value,0,Units,1,One
DATAFLOW,OECD.CFE.EDS:DSD_REG_SOC@DF_SOC(2.2),Social statistics - Regions,I,A,Annual,CTRY,Country,ESP,Spain,_Z,Not applicable,HOME_OWN_OUTRIGHT,Outright homeowners (without a morgage),_Z,Not applicable,_T,Total,PT_POP,Percentage of population,2019,,45.28,,ESP,Spain,A,Normal value,0,Units,1,One
DATAFLOW,OECD.CFE.EDS:DSD_REG_SOC@DF_SOC(2.2),Social statistics - Regions,I,A,Annual,CTRY,Country,ESP,Spain,_Z,Not applicable,HOME_OWN_MORTGAGE,Homeowners with a morgage,_Z,Not applicable,_T,Total,PT_POP,Percentage of population,2010,,31.45,,ESP,Spain,A,Normal value,0,Units,1,One
DATAFLOW,OECD.CFE.EDS:DSD_REG_SOC@DF_SOC(2.2),Social statistics - Regions,I,A,Annual,CTRY,Country,ESP,Spain,_Z,Not applicable,HOME_OWN_OUTRIGHT,Outright homeowners (without a morgage),_Z,Not applicable,_T,Total,PT_POP,Percentage of population,2012,,45.95,,ESP,Spain,A,Normal value,0,Units,1,One
DATAFLOW,OECD.CFE.EDS:DSD_REG_SOC@DF_SOC(2.2),Social statistics - Regions,I,A,Annual,CTRY,Country,ESP,Spain,_Z,Not applicable,HOME_OWN_OUTRIGHT,Outright homeowners (without a morgage),_Z,Not applicable,_T,Total,PT_POP,Percentage of population,2014,,47.3,,ESP,Spain,A,Normal value,0,Units,1,One
DATAFLOW,OECD.CFE.EDS:DSD_REG_SOC@DF_SOC(2.2),Social statistics - Regions,I,A,Annual,CTRY,Country,ESP,Spain,_Z,Not applicable,HOME_OWN_OUTRIGHT,Outright homeowners (without a morgage),_Z,Not applicable,_T,Total,PT_POP,Percentage of population,2015,,47.17,,ESP,Spain,A,Normal value,0,Units,1,One
DATAFLOW,OECD.CFE.EDS:DSD_REG_SOC@DF_SOC(2.2),Social statistics - Regions,I,A,Annual,CTRY,Country,ESP,Spain,_Z,Not applicable,HOME_OWN_OUTRIGHT,Outright homeowners (without a morgage),_Z,Not applicable,_T,Total,PT_POP,Percentage of population,2011,,49.92,,ESP,Spain,A,Normal value,0,Units,1,One
DATAFLOW,OECD.CFE.EDS:DSD_REG_SOC@DF_SOC(2.2),Social statistics - Regions,I,A,Annual,CTRY,Country,ESP,Spain,_Z,Not applicable,HOME_OWN_OUTRIGHT,Outright homeowners (without a morgage),_Z,Not applicable,_T,Total,PT_POP,Percentage of population,2017,,47.18,,ESP,Spain,A,Normal value,0,Units,1,One
DATAFLOW,OECD.CFE.EDS:DSD_REG_SOC@DF_SOC(2.2),Social statistics - Regions,I,A,Annual,CTRY,Country,ESP,Spain,_Z,Not applicable,HOME_OWN_MORTGAGE,Homeowners with a morgage,_Z,Not applicable,_T,Total,PT_POP,Percentage of population,2011,,27.83,,ESP,Spain,A,Normal value,0,Units,1,One
DATAFLOW,OECD.CFE.EDS:DSD_REG_SOC@DF_SOC(2.2),Social statistics - Regions,I,A,Annual,CTRY,Country,ESP,Spain,_Z,Not applicable,HOME_OWN_OUTRIGHT,Outright homeowners (without a morgage),_Z,Not applicable,_T,Total,PT_POP,Percentage of population,2013,,46.98,,ESP,Spain,A,Normal value,0,Units,1,One
DATAFLOW,OECD.CFE.EDS:DSD_REG_SOC@DF_SOC(2.2),Social statistics - Regions,I,A,Annual,CTRY,Country,ESP,Spain,_Z,Not applicable,HOME_OWN_MORTGAGE,Homeowners with a morgage,_Z,Not applicable,_T,Total,PT_POP,Percentage of population,2012,,31.6,,ESP,Spain,A,Normal value,0,Units,1,One
DATAFLOW,OECD.CFE.EDS:DSD_REG_SOC@DF_SOC(2.2),Social statistics - Regions,I,A,Annual,CTRY,Country,ESP,Spain,_Z,Not applicable,HOME_OWN_MORTGAGE,Homeowners with a morgage,_Z,Not applicable,_T,Total,PT_POP,Percentage of population,2013,,31.78,,ESP,Spain,A,Normal value,0,Units,1,One
DATAFLOW,OECD.CFE.EDS:DSD_REG_SOC@DF_SOC(2.2),Social statistics - Regions,I,A,Annual,CTRY,Country,ESP,Spain,_Z,Not applicable,HOME_OWN_MORTGAGE,Homeowners with a morgage,_Z,Not applicable,_T,Total,PT_POP,Percentage of population,2014,,30.89,,ESP,Spain,A,Normal value,0,Units,1,One
DATAFLOW,OECD.CFE.EDS:DSD_REG_SOC@DF_SOC(2.2),Social statistics - Regions,I,A,Annual,CTRY,Country,ESP,Spain,_Z,Not applicable,HOME_OWN_MORTGAGE,Homeowners with a morgage,_Z,Not applicable,_T,Total,PT_POP,Percentage of population,2015,,30.68,,ESP,Spain,A,Normal value,0,Units,1,One
DATAFLOW,OECD.CFE.EDS:DSD_REG_SOC@DF_SOC(2.2),Social statistics - Regions,I,A,Annual,CTRY,Country,ESP,Spain,_Z,Not applicable,HOME_OWN_MORTGAGE,Homeowners with a morgage,_Z,Not applicable,_T,Total,PT_POP,Percentage of population,2016,,29.29,,ESP,Spain,A,Normal value,0,Units,1,One
DATAFLOW,OECD.CFE.EDS:DSD_REG_SOC@DF_SOC(2.2),Social statistics - Regions,I,A,Annual,CTRY,Country,ESP,Spain,_Z,Not applicable,HOME_OWN_MORTGAGE,Homeowners with a morgage,_Z,Not applicable,_T,Total,PT_POP,Percentage of population,2017,,29.11,,ESP,Spain,A,Normal value,0,Units,1,One
DATAFLOW,OECD.CFE.EDS:DSD_REG_SOC@DF_SOC(2.2),Social statistics - Regions,I,A,Annual,CTRY,Country,ESP,Spain,_Z,Not applicable,HOME_OWN_MORTGAGE,Homeowners with a morgage,_Z,Not applicable,_T,Total,PT_POP,Percentage of population,2018,,27.88,,ESP,Spain,A,Normal value,0,Units,1,One
DATAFLOW,OECD.CFE.EDS:DSD_REG_SOC@DF_SOC(2.2),Social statistics - Regions,I,A,Annual,CTRY,Country,ESP,Spain,_Z,Not applicable,HOME_OWN_MORTGAGE,Homeowners with a morgage,_Z,Not applicable,_T,Total,PT_POP,Percentage of population,2019,,29.69,,ESP,Spain,A,Normal value,0,Units,1,One
DATAFLOW,OECD.CFE.EDS:DSD_REG_SOC@DF_SOC(2.2),Social statistics - Regions,I,A,Annual,CTRY,Country,SWE,Sweden,_Z,Not applicable,HOME_OWN_MORTGAGE,Homeowners with a morgage,_Z,Not applicable,_T,Total,PT_POP,Percentage of population,2020,,45.59,,SWE,Sweden,A,Normal value,0,Units,1,One
DATAFLOW,OECD.CFE.EDS:DSD_REG_SOC@DF_SOC(2.2),Social statistics - Regions,I,A,Annual,CTRY,Country,SWE,Sweden,_Z,Not applicable,HOME_OWN_MORTGAGE,Homeowners with a morgage,_Z,Not applicable,_T,Total,PT_POP,Percentage of population,2021,,43.75,,SWE,Sweden,A,Normal value,0,Units,1,One
DATAFLOW,OECD.CFE.EDS:DSD_REG_SOC@DF_SOC(2.2),Social statistics - Regions,I,A,Annual,CTRY,Country,SWE,Sweden,_Z,Not applicable,HOME_OWN_OUTRIGHT,Outright homeowners (without a morgage),_Z,Not applicable,_T,Total,PT_POP,Percentage of population,2016,,15.35,,SWE,Sweden,A,Normal value,0,Units,1,One
DATAFLOW,OECD.CFE.EDS:DSD_REG_SOC@DF_SOC(2.2),Social statistics - Regions,I,A,Annual,CTRY,Country,SWE,Sweden,_Z,Not applicable,HOME_OWN_OUTRIGHT,Outright homeowners (without a morgage),_Z,Not applicable,_T,Total,PT_POP,Percentage of population,2019,,14.05,,SWE,Sweden,A,Normal value,0,Units,1,One
DATAFLOW,OECD.CFE.EDS:DSD_REG_SOC@DF_SOC(2.2),Social statistics - Regions,I,A,Annual,CTRY,Country,SWE,Sweden,_Z,Not applicable,HOME_OWN_OUTRIGHT,Outright homeowners (without a morgage),_Z,Not applicable,_T,Total,PT_POP,Percentage of population,2020,,15.01,,SWE,Sweden,A,Normal value,0,Units,1,One
DATAFLOW,OECD.CFE.EDS:DSD_REG_SOC@DF_SOC(2.2),Social statistics - Regions,I,A,Annual,CTRY,Country,SWE,Sweden,_Z,Not applicable,HOME_OWN_OUTRIGHT,Outright homeowners (without a morgage),_Z,Not applicable,_T,Total,PT_POP,Percentage of population,2021,,15.85,,SWE,Sweden,A,Normal value,0,Units,1,One
DATAFLOW,OECD.CFE.EDS:DSD_REG_SOC@DF_SOC(2.2),Social statistics - Regions,I,A,Annual,CTRY,Country,SWE,Sweden,_Z,Not applicable,HOME_OWN_OUTRIGHT,Outright homeowners (without a morgage),_Z,Not applicable,_T,Total,PT_POP,Percentage of population,2014,,8.6,,SWE,Sweden,A,Normal value,0,Units,1,One
DATAFLOW,OECD.CFE.EDS:DSD_REG_SOC@DF_SOC(2.2),Social statistics - Regions,I,A,Annual,CTRY,Country,SWE,Sweden,_Z,Not applicable,HOME_OWN_OUTRIGHT,Outright homeowners (without a morgage),_Z,Not applicable,_T,Total,PT_POP,Percentage of population,2015,,12.68,,SWE,Sweden,A,Normal value,0,Units,1,One
DATAFLOW,OECD.CFE.EDS:DSD_REG_SOC@DF_SOC(2.2),Social statistics - Regions,I,A,Annual,CTRY,Country,SWE,Sweden,_Z,Not applicable,HOME_OWN_OUTRIGHT,Outright homeowners (without a morgage),_Z,Not applicable,_T,Total,PT_POP,Percentage of population,2017,,14.38,,SWE,Sweden,A,Normal value,0,Units,1,One
DATAFLOW,OECD.CFE.EDS:DSD_REG_SOC@DF_SOC(2.2),Social statistics - Regions,I,A,Annual,CTRY,Country,SWE,Sweden,_Z,Not applicable,HOME_OWN_OUTRIGHT,Outright homeowners (without a morgage),_Z,Not applicable,_T,Total,PT_POP,Percentage of population,2018,,14.14,,SWE,Sweden,A,Normal value,0,Units,1,One
DATAFLOW,OECD.CFE.EDS:DSD_REG_SOC@DF_SOC(2.2),Social statistics - Regions,I,A,Annual,CTRY,Country,SWE,Sweden,_Z,Not applicable,HOME_OWN_OUTRIGHT,Outright homeowners (without a morgage),_Z,Not applicable,_T,Total,PT_POP,Percentage of population,2013,,9.51,,SWE,Sweden,A,Normal value,0,Units,1,One
DATAFLOW,OECD.CFE.EDS:DSD_REG_SOC@DF_SOC(2.2),Social statistics - Regions,I,A,Annual,CTRY,Country,SWE,Sweden,_Z,Not applicable,HOME_OWN_MORTGAGE,Homeowners with a morgage,_Z,Not applicable,_T,Total,PT_POP,Percentage of population,2013,,50.63,,SWE,Sweden,A,Normal value,0,Units,1,One
DATAFLOW,OECD.CFE.EDS:DSD_REG_SOC@DF_SOC(2.2),Social statistics - Regions,I,A,Annual,CTRY,Country,SWE,Sweden,_Z,Not applicable,HOME_OWN_MORTGAGE,Homeowners with a morgage,_Z,Not applicable,_T,Total,PT_POP,Percentage of population,2014,,51.83,,SWE,Sweden,A,Normal value,0,Units,1,One
DATAFLOW,OECD.CFE.EDS:DSD_REG_SOC@DF_SOC(2.2),Social statistics - Regions,I,A,Annual,CTRY,Country,SWE,Sweden,_Z,Not applicable,HOME_OWN_MORTGAGE,Homeowners with a morgage,_Z,Not applicable,_T,Total,PT_POP,Percentage of population,2015,,46.45,,SWE,Sweden,A,Normal value,0,Units,1,One
DATAFLOW,OECD.CFE.EDS:DSD_REG_SOC@DF_SOC(2.2),Social statistics - Regions,I,A,Annual,CTRY,Country,SWE,Sweden,_Z,Not applicable,HOME_OWN_MORTGAGE,Homeowners with a morgage,_Z,Not applicable,_T,Total,PT_POP,Percentage of population,2016,,45.26,,SWE,Sweden,A,Normal value,0,Units,1,One
DATAFLOW,OECD.CFE.EDS:DSD_REG_SOC@DF_SOC(2.2),Social statistics - Regions,I,A,Annual,CTRY,Country,SWE,Sweden,_Z,Not applicable,HOME_OWN_MORTGAGE,Homeowners with a morgage,_Z,Not applicable,_T,Total,PT_POP,Percentage of population,2017,,44.45,,SWE,Sweden,A,Normal value,0,Units,1,One
DATAFLOW,OECD.CFE.EDS:DSD_REG_SOC@DF_SOC(2.2),Social statistics - Regions,I,A,Annual,CTRY,Country,SWE,Sweden,_Z,Not applicable,HOME_OWN_MORTGAGE,Homeowners with a morgage,_Z,Not applicable,_T,Total,PT_POP,Percentage of population,2018,,44.35,,SWE,Sweden,A,Normal value,0,Units,1,One
DATAFLOW,OECD.CFE.EDS:DSD_REG_SOC@DF_SOC(2.2),Social statistics - Regions,I,A,Annual,CTRY,Country,CHE,Switzerland,_Z,Not applicable,HOME_OWN_OUTRIGHT,Outright homeowners (without a morgage),_Z,Not applicable,_T,Total,PT_POP,Percentage of population,2016,,4.21,,CHE,Switzerland,A,Normal value,0,Units,1,One
DATAFLOW,OECD.CFE.EDS:DSD_REG_SOC@DF_SOC(2.2),Social statistics - Regions,I,A,Annual,CTRY,Country,CHE,Switzerland,_Z,Not applicable,HOME_OWN_OUTRIGHT,Outright homeowners (without a morgage),_Z,Not applicable,_T,Total,PT_POP,Percentage of population,2011,,4.74,,CHE,Switzerland,A,Normal value,0,Units,1,One
DATAFLOW,OECD.CFE.EDS:DSD_REG_SOC@DF_SOC(2.2),Social statistics - Regions,I,A,Annual,CTRY,Country,CHE,Switzerland,_Z,Not applicable,HOME_OWN_OUTRIGHT,Outright homeowners (without a morgage),_Z,Not applicable,_T,Total,PT_POP,Percentage of population,2019,,4.29,,CHE,Switzerland,A,Normal value,0,Units,1,One
DATAFLOW,OECD.CFE.EDS:DSD_REG_SOC@DF_SOC(2.2),Social statistics - Regions,I,A,Annual,CTRY,Country,CHE,Switzerland,_Z,Not applicable,HOME_OWN_MORTGAGE,Homeowners with a morgage,_Z,Not applicable,_T,Total,PT_POP,Percentage of population,2010,,39.65,,CHE,Switzerland,A,Normal value,0,Units,1,One
DATAFLOW,OECD.CFE.EDS:DSD_REG_SOC@DF_SOC(2.2),Social statistics - Regions,I,A,Annual,CTRY,Country,CHE,Switzerland,_Z,Not applicable,HOME_OWN_OUTRIGHT,Outright homeowners (without a morgage),_Z,Not applicable,_T,Total,PT_POP,Percentage of population,2012,,4.39,,CHE,Switzerland,A,Normal value,0,Units,1,One
DATAFLOW,OECD.CFE.EDS:DSD_REG_SOC@DF_SOC(2.2),Social statistics - Regions,I,A,Annual,CTRY,Country,CHE,Switzerland,_Z,Not applicable,HOME_OWN_OUTRIGHT,Outright homeowners (without a morgage),_Z,Not applicable,_T,Total,PT_POP,Percentage of population,2010,,4.3,,CHE,Switzerland,A,Normal value,0,Units,1,One
DATAFLOW,OECD.CFE.EDS:DSD_REG_SOC@DF_SOC(2.2),Social statistics - Regions,I,A,Annual,CTRY,Country,CHE,Switzerland,_Z,Not applicable,HOME_OWN_OUTRIGHT,Outright homeowners (without a morgage),_Z,Not applicable,_T,Total,PT_POP,Percentage of population,2014,,4.75,,CHE,Switzerland,A,Normal value,0,Units,1,One
DATAFLOW,OECD.CFE.EDS:DSD_REG_SOC@DF_SOC(2.2),Social statistics - Regions,I,A,Annual,CTRY,Country,CHE,Switzerland,_Z,Not applicable,HOME_OWN_OUTRIGHT,Outright homeowners (without a morgage),_Z,Not applicable,_T,Total,PT_POP,Percentage of population,2015,,4.33,,CHE,Switzerland,A,Normal value,0,Units,1,One
DATAFLOW,OECD.CFE.EDS:DSD_REG_SOC@DF_SOC(2.2),Social statistics - Regions,I,A,Annual,CTRY,Country,CHE,Switzerland,_Z,Not applicable,HOME_OWN_OUTRIGHT,Outright homeowners (without a morgage),_Z,Not applicable,_T,Total,PT_POP,Percentage of population,2017,,4.52,,CHE,Switzerland,A,Normal value,0,Units,1,One
DATAFLOW,OECD.CFE.EDS:DSD_REG_SOC@DF_SOC(2.2),Social statistics - Regions,I,A,Annual,CTRY,Country,CHE,Switzerland,_Z,Not applicable,HOME_OWN_OUTRIGHT,Outright homeowners (without a morgage),_Z,Not applicable,_T,Total,PT_POP,Percentage of population,2018,,3.8,,CHE,Switzerland,A,Normal value,0,Units,1,One
DATAFLOW,OECD.CFE.EDS:DSD_REG_SOC@DF_SOC(2.2),Social statistics - Regions,I,A,Annual,CTRY,Country,CHE,Switzerland,_Z,Not applicable,HOME_OWN_MORTGAGE,Homeowners with a morgage,_Z,Not applicable,_T,Total,PT_POP,Percentage of population,2011,,34.94,,CHE,Switzerland,A,Normal value,0,Units,1,One
DATAFLOW,OECD.CFE.EDS:DSD_REG_SOC@DF_SOC(2.2),Social statistics - Regions,I,A,Annual,CTRY,Country,CHE,Switzerland,_Z,Not applicable,HOME_OWN_OUTRIGHT,Outright homeowners (without a morgage),_Z,Not applicable,_T,Total,PT_POP,Percentage of population,2013,,4.94,,CHE,Switzerland,A,Normal value,0,Units,1,One
DATAFLOW,OECD.CFE.EDS:DSD_REG_SOC@DF_SOC(2.2),Social statistics - Regions,I,A,Annual,CTRY,Country,CHE,Switzerland,_Z,Not applicable,HOME_OWN_MORTGAGE,Homeowners with a morgage,_Z,Not applicable,_T,Total,PT_POP,Percentage of population,2012,,36.47,,CHE,Switzerland,A,Normal value,0,Units,1,One
DATAFLOW,OECD.CFE.EDS:DSD_REG_SOC@DF_SOC(2.2),Social statistics - Regions,I,A,Annual,CTRY,Country,CHE,Switzerland,_Z,Not applicable,HOME_OWN_MORTGAGE,Homeowners with a morgage,_Z,Not applicable,_T,Total,PT_POP,Percentage of population,2013,,35.58,,CHE,Switzerland,A,Normal value,0,Units,1,One
DATAFLOW,OECD.CFE.EDS:DSD_REG_SOC@DF_SOC(2.2),Social statistics - Regions,I,A,Annual,CTRY,Country,CHE,Switzerland,_Z,Not applicable,HOME_OWN_MORTGAGE,Homeowners with a morgage,_Z,Not applicable,_T,Total,PT_POP,Percentage of population,2014,,34.15,,CHE,Switzerland,A,Normal value,0,Units,1,One
DATAFLOW,OECD.CFE.EDS:DSD_REG_SOC@DF_SOC(2.2),Social statistics - Regions,I,A,Annual,CTRY,Country,CHE,Switzerland,_Z,Not applicable,HOME_OWN_MORTGAGE,Homeowners with a morgage,_Z,Not applicable,_T,Total,PT_POP,Percentage of population,2015,,34.24,,CHE,Switzerland,A,Normal value,0,Units,1,One
DATAFLOW,OECD.CFE.EDS:DSD_REG_SOC@DF_SOC(2.2),Social statistics - Regions,I,A,Annual,CTRY,Country,CHE,Switzerland,_Z,Not applicable,HOME_OWN_MORTGAGE,Homeowners with a morgage,_Z,Not applicable,_T,Total,PT_POP,Percentage of population,2016,,33.09,,CHE,Switzerland,A,Normal value,0,Units,1,One
DATAFLOW,OECD.CFE.EDS:DSD_REG_SOC@DF_SOC(2.2),Social statistics - Regions,I,A,Annual,CTRY,Country,CHE,Switzerland,_Z,Not applicable,HOME_OWN_MORTGAGE,Homeowners with a morgage,_Z,Not applicable,_T,Total,PT_POP,Percentage of population,2017,,33.44,,CHE,Switzerland,A,Normal value,0,Units,1,One
DATAFLOW,OECD.CFE.EDS:DSD_REG_SOC@DF_SOC(2.2),Social statistics - Regions,I,A,Annual,CTRY,Country,CHE,Switzerland,_Z,Not applicable,HOME_OWN_MORTGAGE,Homeowners with a morgage,_Z,Not applicable,_T,Total,PT_POP,Percentage of population,2018,,33.73,,CHE,Switzerland,A,Normal value,0,Units,1,One
DATAFLOW,OECD.CFE.EDS:DSD_REG_SOC@DF_SOC(2.2),Social statistics - Regions,I,A,Annual,CTRY,Country,GBR,United Kingdom,_Z,Not applicable,HOME_OWN_OUTRIGHT,Outright homeowners (without a morgage),_Z,Not applicable,_T,Total,PT_POP,Percentage of population,2013,,27.26,,GBR,United Kingdom,A,Normal value,0,Units,1,One
DATAFLOW,OECD.CFE.EDS:DSD_REG_SOC@DF_SOC(2.2),Social statistics - Regions,I,A,Annual,CTRY,Country,GBR,United Kingdom,_Z,Not applicable,HOME_OWN_MORTGAGE,Homeowners with a morgage,_Z,Not applicable,_T,Total,PT_POP,Percentage of population,2012,,37.86,,GBR,United Kingdom,A,Normal value,0,Units,1,One
DATAFLOW,OECD.CFE.EDS:DSD_REG_SOC@DF_SOC(2.2),Social statistics - Regions,I,A,Annual,CTRY,Country,GBR,United Kingdom,_Z,Not applicable,HOME_OWN_OUTRIGHT,Outright homeowners (without a morgage),_Z,Not applicable,_T,Total,PT_POP,Percentage of population,2021,,29.61,,GBR,United Kingdom,A,Normal value,0,Units,1,One
DATAFLOW,OECD.CFE.EDS:DSD_REG_SOC@DF_SOC(2.2),Social statistics - Regions,I,A,Annual,CTRY,Country,GBR,United Kingdom,_Z,Not applicable,HOME_OWN_OUTRIGHT,Outright homeowners (without a morgage),_Z,Not applicable,_T,Total,PT_POP,Percentage of population,2014,,27.51,,GBR,United Kingdom,A,Normal value,0,Units,1,One
DATAFLOW,OECD.CFE.EDS:DSD_REG_SOC@DF_SOC(2.2),Social statistics - Regions,I,A,Annual,CTRY,Country,GBR,United Kingdom,_Z,Not applicable,HOME_OWN_MORTGAGE,Homeowners with a morgage,_Z,Not applicable,_T,Total,PT_POP,Percentage of population,2010,,38.93,,GBR,United Kingdom,A,Normal value,0,Units,1,One
DATAFLOW,OECD.CFE.EDS:DSD_REG_SOC@DF_SOC(2.2),Social statistics - Regions,I,A,Annual,CTRY,Country,GBR,United Kingdom,_Z,Not applicable,HOME_OWN_OUTRIGHT,Outright homeowners (without a morgage),_Z,Not applicable,_T,Total,PT_POP,Percentage of population,2011,,27.19,,GBR,United Kingdom,A,Normal value,0,Units,1,One
DATAFLOW,OECD.CFE.EDS:DSD_REG_SOC@DF_SOC(2.2),Social statistics - Regions,I,A,Annual,CTRY,Country,GBR,United Kingdom,_Z,Not applicable,HOME_OWN_MORTGAGE,Homeowners with a morgage,_Z,Not applicable,_T,Total,PT_POP,Percentage of population,2011,,39.22,,GBR,United Kingdom,A,Normal value,0,Units,1,One
DATAFLOW,OECD.CFE.EDS:DSD_REG_SOC@DF_SOC(2.2),Social statistics - Regions,I,A,Annual,CTRY,Country,GBR,United Kingdom,_Z,Not applicable,HOME_OWN_OUTRIGHT,Outright homeowners (without a morgage),_Z,Not applicable,_T,Total,PT_POP,Percentage of population,2016,,28.4,,GBR,United Kingdom,A,Normal value,0,Units,1,One
DATAFLOW,OECD.CFE.EDS:DSD_REG_SOC@DF_SOC(2.2),Social statistics - Regions,I,A,Annual,CTRY,Country,GBR,United Kingdom,_Z,Not applicable,HOME_OWN_MORTGAGE,Homeowners with a morgage,_Z,Not applicable,_T,Total,PT_POP,Percentage of population,2013,,37.08,,GBR,United Kingdom,A,Normal value,0,Units,1,One
DATAFLOW,OECD.CFE.EDS:DSD_REG_SOC@DF_SOC(2.2),Social statistics - Regions,I,A,Annual,CTRY,Country,GBR,United Kingdom,_Z,Not applicable,HOME_OWN_MORTGAGE,Homeowners with a morgage,_Z,Not applicable,_T,Total,PT_POP,Percentage of population,2014,,36.45,,GBR,United Kingdom,A,Normal value,0,Units,1,One
DATAFLOW,OECD.CFE.EDS:DSD_REG_SOC@DF_SOC(2.2),Social statistics - Regions,I,A,Annual,CTRY,Country,GBR,United Kingdom,_Z,Not applicable,HOME_OWN_MORTGAGE,Homeowners with a morgage,_Z,Not applicable,_T,Total,PT_POP,Percentage of population,2015,,35.3,,GBR,United Kingdom,A,Normal value,0,Units,1,One
DATAFLOW,OECD.CFE.EDS:DSD_REG_SOC@DF_SOC(2.2),Social statistics - Regions,I,A,Annual,CTRY,Country,GBR,United Kingdom,_Z,Not applicable,HOME_OWN_MORTGAGE,Homeowners with a morgage,_Z,Not applicable,_T,Total,PT_POP,Percentage of population,2016,,34.88,,GBR,United Kingdom,A,Normal value,0,Units,1,One
DATAFLOW,OECD.CFE.EDS:DSD_REG_SOC@DF_SOC(2.2),Social statistics - Regions,I,A,Annual,CTRY,Country,GBR,United Kingdom,_Z,Not applicable,HOME_OWN_MORTGAGE,Homeowners with a morgage,_Z,Not applicable,_T,Total,PT_POP,Percentage of population,2017,,35.71,,GBR,United Kingdom,A,Normal value,0,Units,1,One
DATAFLOW,OECD.CFE.EDS:DSD_REG_SOC@DF_SOC(2.2),Social statistics - Regions,I,A,Annual,CTRY,Country,GBR,United Kingdom,_Z,Not applicable,HOME_OWN_MORTGAGE,Homeowners with a morgage,_Z,Not applicable,_T,Total,PT_POP,Percentage of population,2018,,34.24,,GBR,United Kingdom,A,Normal value,0,Units,1,One
DATAFLOW,OECD.CFE.EDS:DSD_REG_SOC@DF_SOC(2.2),Social statistics - Regions,I,A,Annual,CTRY,Country,GBR,United Kingdom,_Z,Not applicable,HOME_OWN_MORTGAGE,Homeowners with a morgage,_Z,Not applicable,_T,Total,PT_POP,Percentage of population,2019,,35.02,,GBR,United Kingdom,A,Normal value,0,Units,1,One
DATAFLOW,OECD.CFE.EDS:DSD_REG_SOC@DF_SOC(2.2),Social statistics - Regions,I,A,Annual,CTRY,Country,GBR,United Kingdom,_Z,Not applicable,HOME_OWN_MORTGAGE,Homeowners with a morgage,_Z,Not applicable,_T,Total,PT_POP,Percentage of population,2020,,34.86,,GBR,United Kingdom,A,Normal value,0,Units,1,One
DATAFLOW,OECD.CFE.EDS:DSD_REG_SOC@DF_SOC(2.2),Social statistics - Regions,I,A,Annual,CTRY,Country,GBR,United Kingdom,_Z,Not applicable,HOME_OWN_MORTGAGE,Homeowners with a morgage,_Z,Not applicable,_T,Total,PT_POP,Percentage of population,2021,,35.03,,GBR,United Kingdom,A,Normal value,0,Units,1,One
DATAFLOW,OECD.CFE.EDS:DSD_REG_SOC@DF_SOC(2.2),Social statistics - Regions,I,A,Annual,CTRY,Country,GBR,United Kingdom,_Z,Not applicable,HOME_OWN_OUTRIGHT,Outright homeowners (without a morgage),_Z,Not applicable,_T,Total,PT_POP,Percentage of population,2015,,28.05,,GBR,United Kingdom,A,Normal value,0,Units,1,One
DATAFLOW,OECD.CFE.EDS:DSD_REG_SOC@DF_SOC(2.2),Social statistics - Regions,I,A,Annual,CTRY,Country,GBR,United Kingdom,_Z,Not applicable,HOME_OWN_OUTRIGHT,Outright homeowners (without a morgage),_Z,Not applicable,_T,Total,PT_POP,Percentage of population,2010,,27.79,,GBR,United Kingdom,A,Normal value,0,Units,1,One
DATAFLOW,OECD.CFE.EDS:DSD_REG_SOC@DF_SOC(2.2),Social statistics - Regions,I,A,Annual,CTRY,Country,GBR,United Kingdom,_Z,Not applicable,HOME_OWN_OUTRIGHT,Outright homeowners (without a morgage),_Z,Not applicable,_T,Total,PT_POP,Percentage of population,2018,,29.57,,GBR,United Kingdom,A,Normal value,0,Units,1,One
DATAFLOW,OECD.CFE.EDS:DSD_REG_SOC@DF_SOC(2.2),Social statistics - Regions,I,A,Annual,CTRY,Country,GBR,United Kingdom,_Z,Not applicable,HOME_OWN_OUTRIGHT,Outright homeowners (without a morgage),_Z,Not applicable,_T,Total,PT_POP,Percentage of population,2019,,29.19,,GBR,United Kingdom,A,Normal value,0,Units,1,One
DATAFLOW,OECD.CFE.EDS:DSD_REG_SOC@DF_SOC(2.2),Social statistics - Regions,I,A,Annual,CTRY,Country,GBR,United Kingdom,_Z,Not applicable,HOME_OWN_OUTRIGHT,Outright homeowners (without a morgage),_Z,Not applicable,_T,Total,PT_POP,Percentage of population,2020,,31.07,,GBR,United Kingdom,A,Normal value,0,Units,1,One
DATAFLOW,OECD.CFE.EDS:DSD_REG_SOC@DF_SOC(2.2),Social statistics - Regions,I,A,Annual,CTRY,Country,GBR,United Kingdom,_Z,Not applicable,HOME_OWN_OUTRIGHT,Outright homeowners (without a morgage),_Z,Not applicable,_T,Total,PT_POP,Percentage of population,2017,,28.27,,GBR,United Kingdom,A,Normal value,0,Units,1,One
DATAFLOW,OECD.CFE.EDS:DSD_REG_SOC@DF_SOC(2.2),Social statistics - Regions,I,A,Annual,CTRY,Country,AUS,Australia,_Z,Not applicable,HOME_OWN_OUTRIGHT,Outright homeowners (without a morgage),_Z,Not applicable,_T,Total,PT_POP,Percentage of population,2014,,25.92,,AUS,Australia,A,Normal value,0,Units,1,One
DATAFLOW,OECD.CFE.EDS:DSD_REG_SOC@DF_SOC(2.2),Social statistics - Regions,I,A,Annual,CTRY,Country,AUT,Austria,_Z,Not applicable,HOME_OWN_OUTRIGHT,Outright homeowners (without a morgage),_Z,Not applicable,_T,Total,PT_POP,Percentage of population,2012,,30.58,,AUT,Austria,A,Normal value,0,Units,1,One
DATAFLOW,OECD.CFE.EDS:DSD_REG_SOC@DF_SOC(2.2),Social statistics - Regions,I,A,Annual,CTRY,Country,BEL,Belgium,_Z,Not applicable,HOME_OWN_OUTRIGHT,Outright homeowners (without a morgage),_Z,Not applicable,_T,Total,PT_POP,Percentage of population,2014,,29.08,,BEL,Belgium,A,Normal value,0,Units,1,One
DATAFLOW,OECD.CFE.EDS:DSD_REG_SOC@DF_SOC(2.2),Social statistics - Regions,I,A,Annual,CTRY,Country,CAN,Canada,_Z,Not applicable,HOME_OWN_OUTRIGHT,Outright homeowners (without a morgage),_Z,Not applicable,_T,Total,PT_POP,Percentage of population,2016,,25.56,,CAN,Canada,A,Normal value,0,Units,1,One
DATAFLOW,OECD.CFE.EDS:DSD_REG_SOC@DF_SOC(2.2),Social statistics - Regions,I,A,Annual,CTRY,Country,COL,Colombia,_Z,Not applicable,HOME_OWN_OUTRIGHT,Outright homeowners (without a morgage),_Z,Not applicable,_T,Total,PT_POP,Percentage of population,2016,,39.66,,COL,Colombia,A,Normal value,0,Units,1,One
DATAFLOW,OECD.CFE.EDS:DSD_REG_SOC@DF_SOC(2.2),Social statistics - Regions,I,A,Annual,CTRY,Country,EST,Estonia,_Z,Not applicable,HOME_OWN_OUTRIGHT,Outright homeowners (without a morgage),_Z,Not applicable,_T,Total,PT_POP,Percentage of population,2016,,63.68,,EST,Estonia,A,Normal value,0,Units,1,One
DATAFLOW,OECD.CFE.EDS:DSD_REG_SOC@DF_SOC(2.2),Social statistics - Regions,I,A,Annual,CTRY,Country,DEU,Germany,_Z,Not applicable,HOME_OWN_OUTRIGHT,Outright homeowners (without a morgage),_Z,Not applicable,_T,Total,PT_POP,Percentage of population,2016,,25.97,,DEU,Germany,A,Normal value,0,Units,1,One
DATAFLOW,OECD.CFE.EDS:DSD_REG_SOC@DF_SOC(2.2),Social statistics - Regions,I,A,Annual,CTRY,Country,IRL,Ireland,_Z,Not applicable,HOME_OWN_OUTRIGHT,Outright homeowners (without a morgage),_Z,Not applicable,_T,Total,PT_POP,Percentage of population,2016,,37.79,,IRL,Ireland,A,Normal value,0,Units,1,One
DATAFLOW,OECD.CFE.EDS:DSD_REG_SOC@DF_SOC(2.2),Social statistics - Regions,I,A,Annual,CTRY,Country,ISR,Israel,_Z,Not applicable,HOME_OWN_OUTRIGHT,Outright homeowners (without a morgage),_Z,Not applicable,_T,Total,PT_POP,Percentage of population,2018,,39.93,,ISR,Israel,A,Normal value,0,Units,1,One
DATAFLOW,OECD.CFE.EDS:DSD_REG_SOC@DF_SOC(2.2),Social statistics - Regions,I,A,Annual,CTRY,Country,ITA,Italy,_Z,Not applicable,HOME_OWN_MORTGAGE,Homeowners with a morgage,_Z,Not applicable,_T,Total,PT_POP,Percentage of population,2014,,11.91,,ITA,Italy,A,Normal value,0,Units,1,One
DATAFLOW,OECD.CFE.EDS:DSD_REG_SOC@DF_SOC(2.2),Social statistics - Regions,I,A,Annual,CTRY,Country,LTU,Lithuania,_Z,Not applicable,HOME_OWN_MORTGAGE,Homeowners with a morgage,_Z,Not applicable,_T,Total,PT_POP,Percentage of population,2014,,8.04,,LTU,Lithuania,A,Normal value,0,Units,1,One
DATAFLOW,OECD.CFE.EDS:DSD_REG_SOC@DF_SOC(2.2),Social statistics - Regions,I,A,Annual,CTRY,Country,MEX,Mexico,_Z,Not applicable,HOME_OWN_MORTGAGE,Homeowners with a morgage,_Z,Not applicable,_T,Total,PT_POP,Percentage of population,2016,,9.99,,MEX,Mexico,A,Normal value,0,Units,1,One
DATAFLOW,OECD.CFE.EDS:DSD_REG_SOC@DF_SOC(2.2),Social statistics - Regions,I,A,Annual,CTRY,Country,POL,Poland,_Z,Not applicable,HOME_OWN_OUTRIGHT,Outright homeowners (without a morgage),_Z,Not applicable,_T,Total,PT_POP,Percentage of population,2020,,71.3,,POL,Poland,A,Normal value,0,Units,1,One
DATAFLOW,OECD.CFE.EDS:DSD_REG_SOC@DF_SOC(2.2),Social statistics - Regions,I,A,Annual,CTRY,Country,SVK,Slovak Republic,_Z,Not applicable,HOME_OWN_MORTGAGE,Homeowners with a morgage,_Z,Not applicable,_T,Total,PT_POP,Percentage of population,2015,,11.77,,SVK,Slovak Republic,A,Normal value,0,Units,1,One
DATAFLOW,OECD.CFE.EDS:DSD_REG_SOC@DF_SOC(2.2),Social statistics - Regions,I,A,Annual,CTRY,Country,ESP,Spain,_Z,Not applicable,HOME_OWN_OUTRIGHT,Outright homeowners (without a morgage),_Z,Not applicable,_T,Total,PT_POP,Percentage of population,2016,,47.89,,ESP,Spain,A,Normal value,0,Units,1,One
DATAFLOW,OECD.CFE.EDS:DSD_REG_SOC@DF_SOC(2.2),Social statistics - Regions,I,A,Annual,CTRY,Country,SWE,Sweden,_Z,Not applicable,HOME_OWN_MORTGAGE,Homeowners with a morgage,_Z,Not applicable,_T,Total,PT_POP,Percentage of population,2019,,45.75,,SWE,Sweden,A,Normal value,0,Units,1,One
DATAFLOW,OECD.CFE.EDS:DSD_REG_SOC@DF_SOC(2.2),Social statistics - Regions,I,A,Annual,CTRY,Country,CHE,Switzerland,_Z,Not applicable,HOME_OWN_MORTGAGE,Homeowners with a morgage,_Z,Not applicable,_T,Total,PT_POP,Percentage of population,2019,,34.95,,CHE,Switzerland,A,Normal value,0,Units,1,One
DATAFLOW,OECD.CFE.EDS:DSD_REG_SOC@DF_SOC(2.2),Social statistics - Regions,I,A,Annual,CTRY,Country,GBR,United Kingdom,_Z,Not applicable,HOME_OWN_OUTRIGHT,Outright homeowners (without a morgage),_Z,Not applicable,_T,Total,PT_POP,Percentage of population,2012,,27.61,,GBR,United Kingdom,A,Normal value,0,Units,1,One
